{ "type": "FeatureCollection", "features": [
{"type":"Feature","geometry":{"type":"Point","coordinates":[-73.912034,40.775036]},"properties":{":id":"row-8xxs-pnpe-jrn4",":version":"rv-qswy~xn27~pwdk",":created_at":"2025-10-29T04:25:11.860Z",":updated_at":"2025-10-29T04:25:15.104Z","gtfs_stop_id":"R01","station_id":"1","complex_id":"1","division":"BMT","line":"Astoria","stop_name":"Astoria-Ditmars Blvd","borough":"Q","cbd":"false","daytime_routes":"N W","structure":"Elevated","gtfs_latitude":"40.775036","gtfs_longitude":"-73.912034","north_direction_label":"Last Stop","south_direction_label":"Manhattan","ada":"0","ada_northbound":"0","ada_southbound":"0","ada_notes":null,":@computed_region_yamh_8v7k":"196",":@computed_region_wbg7_3whc":"877",":@computed_region_kjdx_g34t":"2137"}},
{"type":"Feature","geometry":{"type":"Point","coordinates":[-73.917843,40.770258]},"properties":{":id":"row-5p5b-9zds_u4p4",":version":"rv-tfiz_348h~72pm",":created_at":"2025-10-29T04:25:11.860Z",":updated_at":"2025-10-29T04:25:15.104Z","gtfs_stop_id":"R03","station_id":"2","complex_id":"2","division":"BMT","line":"Astoria","stop_name":"Astoria Blvd","borough":"Q","cbd":"false","daytime_routes":"N W","structure":"Elevated","gtfs_latitude":"40.770258","gtfs_longitude":"-73.917843","north_direction_label":"Astoria","south_direction_label":"Manhattan","ada":"1","ada_northbound":"1","ada_southbound":"1","ada_notes":null,":@computed_region_yamh_8v7k":"196",":@computed_region_wbg7_3whc":"874",":@computed_region_kjdx_g34t":"2137"}},
{"type":"Feature","geometry":{"type":"Point","coordinates":[-73.921479,40.766779]},"properties":{":id":"row-c6am-v2kg.cst9",":version":"rv-7xas.fe95-gba7",":created_at":"2025-10-29T04:25:11.860Z",":updated_at":"2025-10-29T04:25:15.104Z","gtfs_stop_id":"R04","station_id":"3","complex_id":"3","division":"BMT","line":"Astoria","stop_name":"30 Av","borough":"Q","cbd":"false","daytime_routes":"N W","structure":"Elevated","gtfs_latitude":"40.766779","gtfs_longitude":"-73.921479","north_direction_label":"Astoria","south_direction_label":"Manhattan","ada":"0","ada_northbound":"0","ada_southbound":"0","ada_notes":null,":@computed_region_yamh_8v7k":"196",":@computed_region_wbg7_3whc":"874",":@computed_region_kjdx_g34t":"2137"}},
{"type":"Feature","geometry":{"type":"Point","coordinates":[-73.925508,40.76182]},"properties":{":id":"row-x8gt~a5jz.4v8a",":version":"rv-finm_zydi~456p",":created_at":"2025-10-29T04:25:11.860Z",":updated_at":"2025-10-29T04:25:15.104Z","gtfs_stop_id":"R05","station_id":"4","complex_id":"4","division":"BMT","line":"Astoria","stop_name":"Broadway","borough":"Q","cbd":"false","daytime_routes":"N W","structure":"Elevated","gtfs_latitude":"40.76182","gtfs_longitude":"-73.925508","north_direction_label":"Astoria","south_direction_label":"Manhattan","ada":"0","ada_northbound":"0","ada_southbound":"0","ada_notes":null,":@computed_region_yamh_8v7k":"196",":@computed_region_wbg7_3whc":"878",":@computed_region_kjdx_g34t":"2137"}},
{"type":"Feature","geometry":{"type":"Point","coordinates":[-73.929575,40.756804]},"properties":{":id":"row-fr45-wvgh~ip8x",":version":"rv-jtdv-usub-hugv",":created_at":"2025-10-29T04:25:11.860Z",":updated_at":"2025-10-29T04:25:15.104Z","gtfs_stop_id":"R06","station_id":"5","complex_id":"5","division":"BMT","line":"Astoria","stop_name":"36 Av","borough":"Q","cbd":"false","daytime_routes":"N W","structure":"Elevated","gtfs_latitude":"40.756804","gtfs_longitude":"-73.929575","north_direction_label":"Astoria","south_direction_label":"Manhattan","ada":"0","ada_northbound":"0","ada_southbound":"0","ada_notes":null,":@computed_region_yamh_8v7k":"196",":@computed_region_wbg7_3whc":"878",":@computed_region_kjdx_g34t":"2137"}},
{"type":"Feature","geometry":{"type":"Point","coordinates":[-73.932755,40.752882]},"properties":{":id":"row-jvwa-c4vh_p963",":version":"rv-ddwt-b5sn.iem5",":created_at":"2025-10-29T04:25:11.860Z",":updated_at":"2025-10-29T04:25:15.104Z","gtfs_stop_id":"R08","station_id":"6","complex_id":"6","division":"BMT","line":"Astoria","stop_name":"39 Av-Dutch Kills","borough":"Q","cbd":"false","daytime_routes":"N W","structure":"Elevated","gtfs_latitude":"40.752882","gtfs_longitude":"-73.932755","north_direction_label":"Astoria","south_direction_label":"Manhattan","ada":"0","ada_northbound":"0","ada_southbound":"0","ada_notes":null,":@computed_region_yamh_8v7k":"196",":@computed_region_wbg7_3whc":"873",":@computed_region_kjdx_g34t":"2137"}},
{"type":"Feature","geometry":{"type":"Point","coordinates":[-73.967258,40.76266]},"properties":{":id":"row-nji6-7rpv_yc42",":version":"rv-2d67.gjd6.b7qj",":created_at":"2025-10-29T04:25:11.860Z",":updated_at":"2025-10-29T04:25:15.104Z","gtfs_stop_id":"R11","station_id":"7","complex_id":"613","division":"BMT","line":"Astoria","stop_name":"Lexington Av/59 St","borough":"M","cbd":"true","daytime_routes":"N R W","structure":"Subway","gtfs_latitude":"40.76266","gtfs_longitude":"-73.967258","north_direction_label":"Queens","south_direction_label":"Downtown","ada":"0","ada_northbound":"0","ada_southbound":"0","ada_notes":null,":@computed_region_yamh_8v7k":"749",":@computed_region_wbg7_3whc":"749",":@computed_region_kjdx_g34t":"2095"}},
{"type":"Feature","geometry":{"type":"Point","coordinates":[-73.973347,40.764811]},"properties":{":id":"row-6xp3.am5c-efr9",":version":"rv-edik-d3qw.i9ir",":created_at":"2025-10-29T04:25:11.860Z",":updated_at":"2025-10-29T04:25:15.104Z","gtfs_stop_id":"R13","station_id":"8","complex_id":"8","division":"BMT","line":"Astoria","stop_name":"5 Av/59 St","borough":"M","cbd":"true","daytime_routes":"N R W","structure":"Subway","gtfs_latitude":"40.764811","gtfs_longitude":"-73.973347","north_direction_label":"Queens","south_direction_label":"Downtown","ada":"0","ada_northbound":"0","ada_southbound":"0","ada_notes":null,":@computed_region_yamh_8v7k":"749",":@computed_region_wbg7_3whc":null,":@computed_region_kjdx_g34t":"2095"}},
{"type":"Feature","geometry":{"type":"Point","coordinates":[-73.980658,40.764664]},"properties":{":id":"row-jcus~agbn.h7aa",":version":"rv-4nkg_pjdh~ewd4",":created_at":"2025-10-29T04:25:11.860Z",":updated_at":"2025-10-29T04:25:15.104Z","gtfs_stop_id":"R14","station_id":"9","complex_id":"9","division":"BMT","line":"Broadway - Brighton","stop_name":"57 St-7 Av","borough":"M","cbd":"true","daytime_routes":"N Q R W","structure":"Subway","gtfs_latitude":"40.764664","gtfs_longitude":"-73.980658","north_direction_label":"Uptown","south_direction_label":"Downtown","ada":"1","ada_northbound":"1","ada_southbound":"1","ada_notes":null,":@computed_region_yamh_8v7k":"749",":@computed_region_wbg7_3whc":"742",":@computed_region_kjdx_g34t":"2095"}},
{"type":"Feature","geometry":{"type":"Point","coordinates":[-73.984139,40.759901]},"properties":{":id":"row-f7at.fs2e.4539",":version":"rv-iwu4~dexz-by9s",":created_at":"2025-10-29T04:25:11.860Z",":updated_at":"2025-10-29T04:25:15.104Z","gtfs_stop_id":"R15","station_id":"10","complex_id":"10","division":"BMT","line":"Broadway - Brighton","stop_name":"49 St","borough":"M","cbd":"true","daytime_routes":"N R W","structure":"Subway","gtfs_latitude":"40.759901","gtfs_longitude":"-73.984139","north_direction_label":"Uptown","south_direction_label":"Downtown","ada":"2","ada_northbound":"1","ada_southbound":"0","ada_notes":"Uptown only",":@computed_region_yamh_8v7k":"749",":@computed_region_wbg7_3whc":"742",":@computed_region_kjdx_g34t":"2095"}},
{"type":"Feature","geometry":{"type":"Point","coordinates":[-73.986754,40.754672]},"properties":{":id":"row-dahx~xavj.8sdv",":version":"rv-z2tr~gxab~9gue",":created_at":"2025-10-29T04:25:11.860Z",":updated_at":"2025-10-29T04:25:15.104Z","gtfs_stop_id":"R16","station_id":"11","complex_id":"611","division":"BMT","line":"Broadway - Brighton","stop_name":"Times Sq-42 St","borough":"M","cbd":"true","daytime_routes":"N Q R W","structure":"Subway","gtfs_latitude":"40.754672","gtfs_longitude":"-73.986754","north_direction_label":"Uptown","south_direction_label":"Downtown","ada":"1","ada_northbound":"1","ada_southbound":"1","ada_notes":null,":@computed_region_yamh_8v7k":"749",":@computed_region_wbg7_3whc":"741",":@computed_region_kjdx_g34t":"2095"}},
{"type":"Feature","geometry":{"type":"Point","coordinates":[-73.98795,40.749567]},"properties":{":id":"row-htbd.smke_4mcm",":version":"rv-csyz_k7wd_7pvw",":created_at":"2025-10-29T04:25:11.860Z",":updated_at":"2025-10-29T04:25:15.104Z","gtfs_stop_id":"R17","station_id":"12","complex_id":"607","division":"BMT","line":"Broadway - Brighton","stop_name":"34 St-Herald Sq","borough":"M","cbd":"true","daytime_routes":"N Q R W","structure":"Subway","gtfs_latitude":"40.749567","gtfs_longitude":"-73.98795","north_direction_label":"Uptown","south_direction_label":"Downtown","ada":"1","ada_northbound":"1","ada_southbound":"1","ada_notes":null,":@computed_region_yamh_8v7k":"749",":@computed_region_wbg7_3whc":"717",":@computed_region_kjdx_g34t":"2095"}},
{"type":"Feature","geometry":{"type":"Point","coordinates":[-73.988691,40.745494]},"properties":{":id":"row-yqq4-n7mq_gqad",":version":"rv-yjkv_6emn~v8rb",":created_at":"2025-10-29T04:25:11.860Z",":updated_at":"2025-10-29T04:25:15.104Z","gtfs_stop_id":"R18","station_id":"13","complex_id":"13","division":"BMT","line":"Broadway - Brighton","stop_name":"28 St","borough":"M","cbd":"true","daytime_routes":"R W","structure":"Subway","gtfs_latitude":"40.745494","gtfs_longitude":"-73.988691","north_direction_label":"Uptown","south_direction_label":"Downtown","ada":"0","ada_northbound":"0","ada_southbound":"0","ada_notes":null,":@computed_region_yamh_8v7k":"749",":@computed_region_wbg7_3whc":"717",":@computed_region_kjdx_g34t":"2095"}},
{"type":"Feature","geometry":{"type":"Point","coordinates":[-73.989344,40.741303]},"properties":{":id":"row-3zqg_q35k-3cr3",":version":"rv-5b5p_2u3n-ah6h",":created_at":"2025-10-29T04:25:11.860Z",":updated_at":"2025-10-29T04:25:15.104Z","gtfs_stop_id":"R19","station_id":"14","complex_id":"14","division":"BMT","line":"Broadway - Brighton","stop_name":"23 St","borough":"M","cbd":"true","daytime_routes":"R W","structure":"Subway","gtfs_latitude":"40.741303","gtfs_longitude":"-73.989344","north_direction_label":"Uptown","south_direction_label":"Downtown","ada":"0","ada_northbound":"0","ada_southbound":"0","ada_notes":null,":@computed_region_yamh_8v7k":"749",":@computed_region_wbg7_3whc":"734",":@computed_region_kjdx_g34t":"2095"}},
{"type":"Feature","geometry":{"type":"Point","coordinates":[-73.990568,40.735736]},"properties":{":id":"row-iykz~hvp8-q3i2",":version":"rv-uj7j-8nie~qaw5",":created_at":"2025-10-29T04:25:11.860Z",":updated_at":"2025-10-29T04:25:15.104Z","gtfs_stop_id":"R20","station_id":"15","complex_id":"602","division":"BMT","line":"Broadway - Brighton","stop_name":"14 St-Union Sq","borough":"M","cbd":"true","daytime_routes":"N Q R W","structure":"Subway","gtfs_latitude":"40.735736","gtfs_longitude":"-73.990568","north_direction_label":"Uptown","south_direction_label":"Downtown","ada":"1","ada_northbound":"1","ada_southbound":"1","ada_notes":null,":@computed_region_yamh_8v7k":"749",":@computed_region_wbg7_3whc":"719",":@computed_region_kjdx_g34t":"2095"}},
{"type":"Feature","geometry":{"type":"Point","coordinates":[-73.992629,40.730328]},"properties":{":id":"row-r698_yu7e~gcs6",":version":"rv-q972.ni3q-xjs2",":created_at":"2025-10-29T04:25:11.860Z",":updated_at":"2025-10-29T04:25:15.104Z","gtfs_stop_id":"R21","station_id":"16","complex_id":"16","division":"BMT","line":"Broadway - Brighton","stop_name":"8 St-NYU","borough":"M","cbd":"true","daytime_routes":"R W","structure":"Subway","gtfs_latitude":"40.730328","gtfs_longitude":"-73.992629","north_direction_label":"Uptown","south_direction_label":"Downtown","ada":"0","ada_northbound":"0","ada_southbound":"0","ada_notes":null,":@computed_region_yamh_8v7k":"749",":@computed_region_wbg7_3whc":"719",":@computed_region_kjdx_g34t":"2095"}},
{"type":"Feature","geometry":{"type":"Point","coordinates":[-73.997702,40.724329]},"properties":{":id":"row-w3ds-5977.da25",":version":"rv-5zcs~shft-zicy",":created_at":"2025-10-29T04:25:11.860Z",":updated_at":"2025-10-29T04:25:15.104Z","gtfs_stop_id":"R22","station_id":"17","complex_id":"17","division":"BMT","line":"Broadway - Brighton","stop_name":"Prince St","borough":"M","cbd":"true","daytime_routes":"R W","structure":"Subway","gtfs_latitude":"40.724329","gtfs_longitude":"-73.997702","north_direction_label":"Uptown","south_direction_label":"Downtown","ada":"0","ada_northbound":"0","ada_southbound":"0","ada_notes":null,":@computed_region_yamh_8v7k":"749",":@computed_region_wbg7_3whc":"736",":@computed_region_kjdx_g34t":"2095"}},
{"type":"Feature","geometry":{"type":"Point","coordinates":[-74.001775,40.719527]},"properties":{":id":"row-arh2.a2e4-rkdr",":version":"rv-qrur.tw2q-debz",":created_at":"2025-10-29T04:25:11.860Z",":updated_at":"2025-10-29T04:25:15.104Z","gtfs_stop_id":"R23","station_id":"18","complex_id":"623","division":"BMT","line":"Broadway","stop_name":"Canal St","borough":"M","cbd":"true","daytime_routes":"R W","structure":"Subway","gtfs_latitude":"40.719527","gtfs_longitude":"-74.001775","north_direction_label":"Uptown","south_direction_label":"Downtown","ada":"0","ada_northbound":"0","ada_southbound":"0","ada_notes":null,":@computed_region_yamh_8v7k":"749",":@computed_region_wbg7_3whc":"737",":@computed_region_kjdx_g34t":"2095"}},
{"type":"Feature","geometry":{"type":"Point","coordinates":[-74.00046,40.718383]},"properties":{":id":"row-9s3a-dwz6-chfp",":version":"rv-hiqd~c53w~erg6",":created_at":"2025-10-29T04:25:11.860Z",":updated_at":"2025-10-29T04:25:15.104Z","gtfs_stop_id":"Q01","station_id":"19","complex_id":"623","division":"BMT","line":"Manhattan Bridge","stop_name":"Canal St","borough":"M","cbd":"true","daytime_routes":"N Q","structure":"Subway","gtfs_latitude":"40.718383","gtfs_longitude":"-74.00046","north_direction_label":"Uptown","south_direction_label":"Downtown","ada":"0","ada_northbound":"0","ada_southbound":"0","ada_notes":null,":@computed_region_yamh_8v7k":"749",":@computed_region_wbg7_3whc":"737",":@computed_region_kjdx_g34t":"2095"}},
{"type":"Feature","geometry":{"type":"Point","coordinates":[-74.006978,40.713282]},"properties":{":id":"row-5ju4_eniq~xgcg",":version":"rv-kzc9_ts5b-q2dg",":created_at":"2025-10-29T04:25:11.860Z",":updated_at":"2025-10-29T04:25:15.104Z","gtfs_stop_id":"R24","station_id":"20","complex_id":"20","division":"BMT","line":"Broadway","stop_name":"City Hall","borough":"M","cbd":"true","daytime_routes":"R W","structure":"Subway","gtfs_latitude":"40.713282","gtfs_longitude":"-74.006978","north_direction_label":"Uptown","south_direction_label":"Downtown","ada":"0","ada_northbound":"0","ada_southbound":"0","ada_notes":null,":@computed_region_yamh_8v7k":"749",":@computed_region_wbg7_3whc":"723",":@computed_region_kjdx_g34t":"2095"}},
{"type":"Feature","geometry":{"type":"Point","coordinates":[-74.011029,40.710668]},"properties":{":id":"row-84zs.cm6x.xi4s",":version":"rv-q5f5-njjy~rmrc",":created_at":"2025-10-29T04:25:11.860Z",":updated_at":"2025-10-29T04:25:15.104Z","gtfs_stop_id":"R25","station_id":"21","complex_id":"624","division":"BMT","line":"Broadway","stop_name":"Cortlandt St","borough":"M","cbd":"true","daytime_routes":"R W","structure":"Subway","gtfs_latitude":"40.710668","gtfs_longitude":"-74.011029","north_direction_label":"Uptown","south_direction_label":"Downtown","ada":"1","ada_northbound":"1","ada_southbound":"1","ada_notes":null,":@computed_region_yamh_8v7k":"749",":@computed_region_wbg7_3whc":"723",":@computed_region_kjdx_g34t":"2095"}},
{"type":"Feature","geometry":{"type":"Point","coordinates":[-74.013342,40.70722]},"properties":{":id":"row-bvtc~it4e.afnd",":version":"rv-jc74-72kw_4kpe",":created_at":"2025-10-29T04:25:11.860Z",":updated_at":"2025-10-29T04:25:15.104Z","gtfs_stop_id":"R26","station_id":"22","complex_id":"22","division":"BMT","line":"Broadway","stop_name":"Rector St","borough":"M","cbd":"true","daytime_routes":"R W","structure":"Subway","gtfs_latitude":"40.70722","gtfs_longitude":"-74.013342","north_direction_label":"Uptown","south_direction_label":"Downtown","ada":"0","ada_northbound":"0","ada_southbound":"0","ada_notes":null,":@computed_region_yamh_8v7k":"749",":@computed_region_wbg7_3whc":"722",":@computed_region_kjdx_g34t":"2095"}},
{"type":"Feature","geometry":{"type":"Point","coordinates":[-74.012994,40.703087]},"properties":{":id":"row-789h-jv6f-giyb",":version":"rv-mjid~6dzk-737a",":created_at":"2025-10-29T04:25:11.860Z",":updated_at":"2025-10-29T04:25:15.104Z","gtfs_stop_id":"R27","station_id":"23","complex_id":"635","division":"BMT","line":"Broadway","stop_name":"Whitehall St-South Ferry","borough":"M","cbd":"true","daytime_routes":"R W","structure":"Subway","gtfs_latitude":"40.703087","gtfs_longitude":"-74.012994","north_direction_label":"Uptown","south_direction_label":"Downtown","ada":"0","ada_northbound":"0","ada_southbound":"0","ada_notes":null,":@computed_region_yamh_8v7k":"749",":@computed_region_wbg7_3whc":"720",":@computed_region_kjdx_g34t":"2095"}},
{"type":"Feature","geometry":{"type":"Point","coordinates":[-73.991777,40.6941]},"properties":{":id":"row-2qzm.nhgy-5cww",":version":"rv-geys.q7pa.5ntd",":created_at":"2025-10-29T04:25:11.860Z",":updated_at":"2025-10-29T04:25:15.104Z","gtfs_stop_id":"R28","station_id":"24","complex_id":"620","division":"BMT","line":"Broadway","stop_name":"Court St","borough":"Bk","cbd":"false","daytime_routes":"R","structure":"Subway","gtfs_latitude":"40.6941","gtfs_longitude":"-73.991777","north_direction_label":"Manhattan","south_direction_label":"Southbound","ada":"0","ada_northbound":"0","ada_southbound":"0","ada_notes":null,":@computed_region_yamh_8v7k":"894",":@computed_region_wbg7_3whc":"880",":@computed_region_kjdx_g34t":"2090"}},
{"type":"Feature","geometry":{"type":"Point","coordinates":[-73.985942,40.69218]},"properties":{":id":"row-u6a4.e5ty-cxj4",":version":"rv-txj9~gynm~bwgd",":created_at":"2025-10-29T04:25:11.860Z",":updated_at":"2025-10-29T04:25:15.104Z","gtfs_stop_id":"R29","station_id":"25","complex_id":"636","division":"BMT","line":"Broadway","stop_name":"Jay St-MetroTech","borough":"Bk","cbd":"false","daytime_routes":"R","structure":"Subway","gtfs_latitude":"40.69218","gtfs_longitude":"-73.985942","north_direction_label":"Manhattan","south_direction_label":"Southbound","ada":"1","ada_northbound":"1","ada_southbound":"1","ada_notes":null,":@computed_region_yamh_8v7k":"894",":@computed_region_wbg7_3whc":"880",":@computed_region_kjdx_g34t":"2090"}},
{"type":"Feature","geometry":{"type":"Point","coordinates":[-73.981824,40.690635]},"properties":{":id":"row-xzp5~g6kw.6fbz",":version":"rv-yc6j~7jct~z53n",":created_at":"2025-10-29T04:25:11.860Z",":updated_at":"2025-10-29T04:25:15.104Z","gtfs_stop_id":"R30","station_id":"26","complex_id":"26","division":"BMT","line":"Broadway - Brighton","stop_name":"DeKalb Av","borough":"Bk","cbd":"false","daytime_routes":"B Q R","structure":"Subway","gtfs_latitude":"40.690635","gtfs_longitude":"-73.981824","north_direction_label":"Manhattan","south_direction_label":"Southbound","ada":"1","ada_northbound":"1","ada_southbound":"1","ada_notes":null,":@computed_region_yamh_8v7k":"894",":@computed_region_wbg7_3whc":"880",":@computed_region_kjdx_g34t":"2090"}},
{"type":"Feature","geometry":{"type":"Point","coordinates":[-73.97881,40.683666]},"properties":{":id":"row-inz4_t7i6_mn6q",":version":"rv-midf.peb5.pnzz",":created_at":"2025-10-29T04:25:11.860Z",":updated_at":"2025-10-29T04:25:15.104Z","gtfs_stop_id":"R31","station_id":"27","complex_id":"617","division":"BMT","line":"4th Av","stop_name":"Atlantic Av-Barclays Ctr","borough":"Bk","cbd":"false","daytime_routes":"D N R","structure":"Subway","gtfs_latitude":"40.683666","gtfs_longitude":"-73.97881","north_direction_label":"Manhattan","south_direction_label":"Southbound","ada":"1","ada_northbound":"1","ada_southbound":"1","ada_notes":null,":@computed_region_yamh_8v7k":"894",":@computed_region_wbg7_3whc":"895",":@computed_region_kjdx_g34t":"2090"}},
{"type":"Feature","geometry":{"type":"Point","coordinates":[-73.98311,40.677316]},"properties":{":id":"row-5c6d_mitu-a5hy",":version":"rv-ba93_5vf2.g24f",":created_at":"2025-10-29T04:25:11.860Z",":updated_at":"2025-10-29T04:25:15.104Z","gtfs_stop_id":"R32","station_id":"28","complex_id":"28","division":"BMT","line":"4th Av","stop_name":"Union St","borough":"Bk","cbd":"false","daytime_routes":"R","structure":"Subway","gtfs_latitude":"40.677316","gtfs_longitude":"-73.98311","north_direction_label":"Manhattan","south_direction_label":"Southbound","ada":"0","ada_northbound":"0","ada_southbound":"0","ada_notes":null,":@computed_region_yamh_8v7k":"894",":@computed_region_wbg7_3whc":"893",":@computed_region_kjdx_g34t":"2090"}},
{"type":"Feature","geometry":{"type":"Point","coordinates":[-73.988302,40.670847]},"properties":{":id":"row-xpiv_j965~yhrw",":version":"rv-y4j5-u7r9~ua3e",":created_at":"2025-10-29T04:25:11.860Z",":updated_at":"2025-10-29T04:25:15.104Z","gtfs_stop_id":"R33","station_id":"29","complex_id":"608","division":"BMT","line":"4th Av","stop_name":"4 Av-9 St","borough":"Bk","cbd":"false","daytime_routes":"R","structure":"Subway","gtfs_latitude":"40.670847","gtfs_longitude":"-73.988302","north_direction_label":"Manhattan","south_direction_label":"Southbound","ada":"0","ada_northbound":"0","ada_southbound":"0","ada_notes":null,":@computed_region_yamh_8v7k":"894",":@computed_region_wbg7_3whc":"893",":@computed_region_kjdx_g34t":"2090"}},
{"type":"Feature","geometry":{"type":"Point","coordinates":[-73.992872,40.665414]},"properties":{":id":"row-h97x.tenz~w5nt",":version":"rv-4fht-zush-hd8k",":created_at":"2025-10-29T04:25:11.860Z",":updated_at":"2025-10-29T04:25:15.104Z","gtfs_stop_id":"R34","station_id":"30","complex_id":"30","division":"BMT","line":"4th Av","stop_name":"Prospect Av","borough":"Bk","cbd":"false","daytime_routes":"R","structure":"Subway","gtfs_latitude":"40.665414","gtfs_longitude":"-73.992872","north_direction_label":"Manhattan","south_direction_label":"Southbound","ada":"0","ada_northbound":"0","ada_southbound":"0","ada_notes":null,":@computed_region_yamh_8v7k":"894",":@computed_region_wbg7_3whc":"893",":@computed_region_kjdx_g34t":"2090"}},
{"type":"Feature","geometry":{"type":"Point","coordinates":[-73.998091,40.660397]},"properties":{":id":"row-zrmt_7gey_9psj",":version":"rv-7egh-ga3e~w9js",":created_at":"2025-10-29T04:25:11.860Z",":updated_at":"2025-10-29T04:25:15.104Z","gtfs_stop_id":"R35","station_id":"31","complex_id":"31","division":"BMT","line":"4th Av","stop_name":"25 St","borough":"Bk","cbd":"false","daytime_routes":"R","structure":"Subway","gtfs_latitude":"40.660397","gtfs_longitude":"-73.998091","north_direction_label":"Manhattan","south_direction_label":"Southbound","ada":"0","ada_northbound":"0","ada_southbound":"0","ada_notes":null,":@computed_region_yamh_8v7k":"894",":@computed_region_wbg7_3whc":"815",":@computed_region_kjdx_g34t":"2090"}},
{"type":"Feature","geometry":{"type":"Point","coordinates":[-74.003549,40.655144]},"properties":{":id":"row-2js7.5zed.vxqa",":version":"rv-tvf2_yndd.w846",":created_at":"2025-10-29T04:25:11.860Z",":updated_at":"2025-10-29T04:25:15.104Z","gtfs_stop_id":"R36","station_id":"32","complex_id":"32","division":"BMT","line":"4th Av","stop_name":"36 St","borough":"Bk","cbd":"false","daytime_routes":"D N R","structure":"Subway","gtfs_latitude":"40.655144","gtfs_longitude":"-74.003549","north_direction_label":"Manhattan","south_direction_label":"Southbound","ada":"0","ada_northbound":"0","ada_southbound":"0","ada_notes":null,":@computed_region_yamh_8v7k":"894",":@computed_region_wbg7_3whc":"815",":@computed_region_kjdx_g34t":"2090"}},
{"type":"Feature","geometry":{"type":"Point","coordinates":[-74.010006,40.648939]},"properties":{":id":"row-zz57.5a22_25zy",":version":"rv-kcwc~wtuw-jaue",":created_at":"2025-10-29T04:25:11.860Z",":updated_at":"2025-10-29T04:25:15.104Z","gtfs_stop_id":"R39","station_id":"33","complex_id":"33","division":"BMT","line":"4th Av","stop_name":"45 St","borough":"Bk","cbd":"false","daytime_routes":"R","structure":"Subway","gtfs_latitude":"40.648939","gtfs_longitude":"-74.010006","north_direction_label":"Manhattan","south_direction_label":"Southbound","ada":"0","ada_northbound":"0","ada_southbound":"0","ada_notes":null,":@computed_region_yamh_8v7k":"894",":@computed_region_wbg7_3whc":"899",":@computed_region_kjdx_g34t":"2090"}},
{"type":"Feature","geometry":{"type":"Point","coordinates":[-74.014034,40.645069]},"properties":{":id":"row-kkgi_dpaq.5eqt",":version":"rv-auuv~wqzq_3dfq",":created_at":"2025-10-29T04:25:11.860Z",":updated_at":"2025-10-29T04:25:15.104Z","gtfs_stop_id":"R40","station_id":"34","complex_id":"34","division":"BMT","line":"4th Av","stop_name":"53 St","borough":"Bk","cbd":"false","daytime_routes":"R","structure":"Subway","gtfs_latitude":"40.645069","gtfs_longitude":"-74.014034","north_direction_label":"Manhattan","south_direction_label":"Southbound","ada":"0","ada_northbound":"0","ada_southbound":"0","ada_notes":null,":@computed_region_yamh_8v7k":"894",":@computed_region_wbg7_3whc":"899",":@computed_region_kjdx_g34t":"2090"}},
{"type":"Feature","geometry":{"type":"Point","coordinates":[-74.017881,40.641362]},"properties":{":id":"row-a6k8.3ahm-kx5f",":version":"rv-yki2.ewpi~4pwj",":created_at":"2025-10-29T04:25:11.860Z",":updated_at":"2025-10-29T04:25:15.104Z","gtfs_stop_id":"R41","station_id":"35","complex_id":"35","division":"BMT","line":"4th Av","stop_name":"59 St","borough":"Bk","cbd":"false","daytime_routes":"N R","structure":"Subway","gtfs_latitude":"40.641362","gtfs_longitude":"-74.017881","north_direction_label":"Manhattan","south_direction_label":"Southbound","ada":"1","ada_northbound":"1","ada_southbound":"1","ada_notes":null,":@computed_region_yamh_8v7k":"894",":@computed_region_wbg7_3whc":"899",":@computed_region_kjdx_g34t":"2090"}},
{"type":"Feature","geometry":{"type":"Point","coordinates":[-74.023377,40.634967]},"properties":{":id":"row-jcht.ny5n_memy",":version":"rv-mejd~qcdq~4nz6",":created_at":"2025-10-29T04:25:11.860Z",":updated_at":"2025-10-29T04:25:15.104Z","gtfs_stop_id":"R42","station_id":"36","complex_id":"36","division":"BMT","line":"4th Av","stop_name":"Bay Ridge Av","borough":"Bk","cbd":"false","daytime_routes":"R","structure":"Subway","gtfs_latitude":"40.634967","gtfs_longitude":"-74.023377","north_direction_label":"Manhattan","south_direction_label":"Bay Ridge","ada":"0","ada_northbound":"0","ada_southbound":"0","ada_notes":null,":@computed_region_yamh_8v7k":"894",":@computed_region_wbg7_3whc":"899",":@computed_region_kjdx_g34t":"2090"}},
{"type":"Feature","geometry":{"type":"Point","coordinates":[-74.02551,40.629742]},"properties":{":id":"row-mvar_3uug.qm2h",":version":"rv-mpu3_qiid_siji",":created_at":"2025-10-29T04:25:11.860Z",":updated_at":"2025-10-29T04:25:15.104Z","gtfs_stop_id":"R43","station_id":"37","complex_id":"37","division":"BMT","line":"4th Av","stop_name":"77 St","borough":"Bk","cbd":"false","daytime_routes":"R","structure":"Subway","gtfs_latitude":"40.629742","gtfs_longitude":"-74.02551","north_direction_label":"Manhattan","south_direction_label":"Bay Ridge","ada":"0","ada_northbound":"0","ada_southbound":"0","ada_notes":null,":@computed_region_yamh_8v7k":"894",":@computed_region_wbg7_3whc":"887",":@computed_region_kjdx_g34t":"2090"}},
{"type":"Feature","geometry":{"type":"Point","coordinates":[-74.028398,40.622687]},"properties":{":id":"row-4avv-734d~e9d9",":version":"rv-h5aq~27jh~unxs",":created_at":"2025-10-29T04:25:11.860Z",":updated_at":"2025-10-29T04:25:15.104Z","gtfs_stop_id":"R44","station_id":"38","complex_id":"38","division":"BMT","line":"4th Av","stop_name":"86 St","borough":"Bk","cbd":"false","daytime_routes":"R","structure":"Subway","gtfs_latitude":"40.622687","gtfs_longitude":"-74.028398","north_direction_label":"Manhattan","south_direction_label":"Bay Ridge","ada":"1","ada_northbound":"1","ada_southbound":"1","ada_notes":null,":@computed_region_yamh_8v7k":"894",":@computed_region_wbg7_3whc":"887",":@computed_region_kjdx_g34t":"2090"}},
{"type":"Feature","geometry":{"type":"Point","coordinates":[-74.030876,40.616622]},"properties":{":id":"row-ewcd-6abg_2ahs",":version":"rv-94sb_2rf5-ivwb",":created_at":"2025-10-29T04:25:11.860Z",":updated_at":"2025-10-29T04:25:15.104Z","gtfs_stop_id":"R45","station_id":"39","complex_id":"39","division":"BMT","line":"4th Av","stop_name":"Bay Ridge-95 St","borough":"Bk","cbd":"false","daytime_routes":"R","structure":"Subway","gtfs_latitude":"40.616622","gtfs_longitude":"-74.030876","north_direction_label":"Manhattan","south_direction_label":"Last Stop","ada":"1","ada_northbound":"1","ada_southbound":"1","ada_notes":null,":@computed_region_yamh_8v7k":"894",":@computed_region_wbg7_3whc":"887",":@computed_region_kjdx_g34t":"2090"}},
{"type":"Feature","geometry":{"type":"Point","coordinates":[-73.97689,40.68446]},"properties":{":id":"row-qe34.7vde_yzs8",":version":"rv-k44k.x3hn.78tn",":created_at":"2025-10-29T04:25:11.860Z",":updated_at":"2025-10-29T04:25:15.104Z","gtfs_stop_id":"D24","station_id":"40","complex_id":"617","division":"BMT","line":"Broadway - Brighton","stop_name":"Atlantic Av-Barclays Ctr","borough":"Bk","cbd":"false","daytime_routes":"B Q","structure":"Subway","gtfs_latitude":"40.68446","gtfs_longitude":"-73.97689","north_direction_label":"Manhattan","south_direction_label":"Southbound","ada":"1","ada_northbound":"1","ada_southbound":"1","ada_notes":null,":@computed_region_yamh_8v7k":"894",":@computed_region_wbg7_3whc":"895",":@computed_region_kjdx_g34t":"2090"}},
{"type":"Feature","geometry":{"type":"Point","coordinates":[-73.972367,40.67705]},"properties":{":id":"row-xh8n~r22q_sbzc",":version":"rv-dzw4-csi4.c6sy",":created_at":"2025-10-29T04:25:11.860Z",":updated_at":"2025-10-29T04:25:15.104Z","gtfs_stop_id":"D25","station_id":"41","complex_id":"41","division":"BMT","line":"Broadway - Brighton","stop_name":"7 Av","borough":"Bk","cbd":"false","daytime_routes":"B Q","structure":"Subway","gtfs_latitude":"40.67705","gtfs_longitude":"-73.972367","north_direction_label":"Manhattan","south_direction_label":"Southbound","ada":"0","ada_northbound":"0","ada_southbound":"0","ada_notes":null,":@computed_region_yamh_8v7k":"894",":@computed_region_wbg7_3whc":"895",":@computed_region_kjdx_g34t":"2090"}},
{"type":"Feature","geometry":{"type":"Point","coordinates":[-73.962246,40.661614]},"properties":{":id":"row-kzug~q43c_b7wm",":version":"rv-jbt4-6u2x~aqgi",":created_at":"2025-10-29T04:25:11.860Z",":updated_at":"2025-10-29T04:25:15.104Z","gtfs_stop_id":"D26","station_id":"42","complex_id":"42","division":"BMT","line":"Broadway - Brighton","stop_name":"Prospect Park","borough":"Bk","cbd":"false","daytime_routes":"B Q S","structure":"Open Cut","gtfs_latitude":"40.661614","gtfs_longitude":"-73.962246","north_direction_label":"Northbound","south_direction_label":"Southbound","ada":"1","ada_northbound":"1","ada_southbound":"1","ada_notes":null,":@computed_region_yamh_8v7k":"894",":@computed_region_wbg7_3whc":"809",":@computed_region_kjdx_g34t":"2090"}},
{"type":"Feature","geometry":{"type":"Point","coordinates":[-73.961495,40.655292]},"properties":{":id":"row-8c7b~quwc_79kp",":version":"rv-jvpx_s46f_7k5b",":created_at":"2025-10-29T04:25:11.860Z",":updated_at":"2025-10-29T04:25:15.104Z","gtfs_stop_id":"D27","station_id":"43","complex_id":"43","division":"BMT","line":"Broadway - Brighton","stop_name":"Parkside Av","borough":"Bk","cbd":"false","daytime_routes":"Q","structure":"Open Cut","gtfs_latitude":"40.655292","gtfs_longitude":"-73.961495","north_direction_label":"Manhattan","south_direction_label":"Southbound","ada":"0","ada_northbound":"0","ada_southbound":"0","ada_notes":null,":@computed_region_yamh_8v7k":"894",":@computed_region_wbg7_3whc":"809",":@computed_region_kjdx_g34t":"2090"}},
{"type":"Feature","geometry":{"type":"Point","coordinates":[-73.962982,40.650527]},"properties":{":id":"row-btz5-cjdc.ciqb",":version":"rv-ypuf.2xhw~aptg",":created_at":"2025-10-29T04:25:11.860Z",":updated_at":"2025-10-29T04:25:15.104Z","gtfs_stop_id":"D28","station_id":"44","complex_id":"44","division":"BMT","line":"Broadway - Brighton","stop_name":"Church Av","borough":"Bk","cbd":"false","daytime_routes":"B Q","structure":"Open Cut","gtfs_latitude":"40.650527","gtfs_longitude":"-73.962982","north_direction_label":"Manhattan","south_direction_label":"Southbound","ada":"0","ada_northbound":"0","ada_southbound":"0","ada_notes":null,":@computed_region_yamh_8v7k":"894",":@computed_region_wbg7_3whc":"810",":@computed_region_kjdx_g34t":"2090"}},
{"type":"Feature","geometry":{"type":"Point","coordinates":[-73.964492,40.644031]},"properties":{":id":"row-vt7q-6vzb-3w5n",":version":"rv-9cmk_h9du~2gqa",":created_at":"2025-10-29T04:25:11.860Z",":updated_at":"2025-10-29T04:25:15.104Z","gtfs_stop_id":"D29","station_id":"45","complex_id":"45","division":"BMT","line":"Broadway - Brighton","stop_name":"Beverley Rd","borough":"Bk","cbd":"false","daytime_routes":"Q","structure":"Open Cut","gtfs_latitude":"40.644031","gtfs_longitude":"-73.964492","north_direction_label":"Manhattan","south_direction_label":"Southbound","ada":"0","ada_northbound":"0","ada_southbound":"0","ada_notes":null,":@computed_region_yamh_8v7k":"894",":@computed_region_wbg7_3whc":"810",":@computed_region_kjdx_g34t":"2090"}},
{"type":"Feature","geometry":{"type":"Point","coordinates":[-73.963891,40.640927]},"properties":{":id":"row-bgtg_rbia_nd7j",":version":"rv-6k46.qq7z~26i8",":created_at":"2025-10-29T04:25:11.860Z",":updated_at":"2025-10-29T04:25:15.104Z","gtfs_stop_id":"D30","station_id":"46","complex_id":"46","division":"BMT","line":"Broadway - Brighton","stop_name":"Cortelyou Rd","borough":"Bk","cbd":"false","daytime_routes":"Q","structure":"Open Cut","gtfs_latitude":"40.640927","gtfs_longitude":"-73.963891","north_direction_label":"Manhattan","south_direction_label":"Southbound","ada":"0","ada_northbound":"0","ada_southbound":"0","ada_notes":null,":@computed_region_yamh_8v7k":"894",":@computed_region_wbg7_3whc":"810",":@computed_region_kjdx_g34t":"2090"}},
{"type":"Feature","geometry":{"type":"Point","coordinates":[-73.962793,40.635082]},"properties":{":id":"row-bk3d.dubn.qfz8",":version":"rv-4f9e.c4tq.ppeu",":created_at":"2025-10-29T04:25:11.860Z",":updated_at":"2025-10-29T04:25:15.104Z","gtfs_stop_id":"D31","station_id":"47","complex_id":"47","division":"BMT","line":"Broadway - Brighton","stop_name":"Newkirk Plaza","borough":"Bk","cbd":"false","daytime_routes":"B Q","structure":"Open Cut","gtfs_latitude":"40.635082","gtfs_longitude":"-73.962793","north_direction_label":"Manhattan","south_direction_label":"Southbound","ada":"0","ada_northbound":"0","ada_southbound":"0","ada_notes":null,":@computed_region_yamh_8v7k":"894",":@computed_region_wbg7_3whc":"810",":@computed_region_kjdx_g34t":"2090"}},
{"type":"Feature","geometry":{"type":"Point","coordinates":[-73.961639,40.62927]},"properties":{":id":"row-wkg9_2uj8_qqy6",":version":"rv-8xi4-z2y2.28tn",":created_at":"2025-10-29T04:25:11.860Z",":updated_at":"2025-10-29T04:25:15.104Z","gtfs_stop_id":"D32","station_id":"48","complex_id":"48","division":"BMT","line":"Broadway - Brighton","stop_name":"Avenue H","borough":"Bk","cbd":"false","daytime_routes":"Q","structure":"Open Cut","gtfs_latitude":"40.62927","gtfs_longitude":"-73.961639","north_direction_label":"Manhattan","south_direction_label":"Southbound","ada":"1","ada_northbound":"1","ada_southbound":"1","ada_notes":null,":@computed_region_yamh_8v7k":"894",":@computed_region_wbg7_3whc":"813",":@computed_region_kjdx_g34t":"2090"}},
{"type":"Feature","geometry":{"type":"Point","coordinates":[-73.960803,40.625039]},"properties":{":id":"row-qqgw.8mrc_7erf",":version":"rv-bsn6-iq5m-rkjq",":created_at":"2025-10-29T04:25:11.860Z",":updated_at":"2025-10-29T04:25:15.104Z","gtfs_stop_id":"D33","station_id":"49","complex_id":"49","division":"BMT","line":"Broadway - Brighton","stop_name":"Avenue J","borough":"Bk","cbd":"false","daytime_routes":"Q","structure":"Open Cut","gtfs_latitude":"40.625039","gtfs_longitude":"-73.960803","north_direction_label":"Manhattan","south_direction_label":"Southbound","ada":"0","ada_northbound":"0","ada_southbound":"0","ada_notes":null,":@computed_region_yamh_8v7k":"894",":@computed_region_wbg7_3whc":"813",":@computed_region_kjdx_g34t":"2090"}},
{"type":"Feature","geometry":{"type":"Point","coordinates":[-73.959399,40.617618]},"properties":{":id":"row-6vdt-ywrg-aqhk",":version":"rv-24r9-6kad_q4if",":created_at":"2025-10-29T04:25:11.860Z",":updated_at":"2025-10-29T04:25:15.104Z","gtfs_stop_id":"D34","station_id":"50","complex_id":"50","division":"BMT","line":"Broadway - Brighton","stop_name":"Avenue M","borough":"Bk","cbd":"false","daytime_routes":"Q","structure":"Open Cut","gtfs_latitude":"40.617618","gtfs_longitude":"-73.959399","north_direction_label":"Manhattan","south_direction_label":"Southbound","ada":"0","ada_northbound":"0","ada_southbound":"0","ada_notes":null,":@computed_region_yamh_8v7k":"894",":@computed_region_wbg7_3whc":"813",":@computed_region_kjdx_g34t":"2090"}},
{"type":"Feature","geometry":{"type":"Point","coordinates":[-73.957734,40.60867]},"properties":{":id":"row-yx2y~cgmp~yis2",":version":"rv-rztg.3f3h~qy2h",":created_at":"2025-10-29T04:25:11.860Z",":updated_at":"2025-10-29T04:25:15.104Z","gtfs_stop_id":"D35","station_id":"51","complex_id":"51","division":"BMT","line":"Broadway - Brighton","stop_name":"Kings Hwy","borough":"Bk","cbd":"false","daytime_routes":"B Q","structure":"Open Cut","gtfs_latitude":"40.60867","gtfs_longitude":"-73.957734","north_direction_label":"Manhattan","south_direction_label":"Southbound","ada":"1","ada_northbound":"1","ada_southbound":"1","ada_notes":null,":@computed_region_yamh_8v7k":"894",":@computed_region_wbg7_3whc":"812",":@computed_region_kjdx_g34t":"2090"}},
{"type":"Feature","geometry":{"type":"Point","coordinates":[-73.955929,40.5993]},"properties":{":id":"row-iaf7_5yds.vc7j",":version":"rv-ywby-wxms~p345",":created_at":"2025-10-29T04:25:11.860Z",":updated_at":"2025-10-29T04:25:15.104Z","gtfs_stop_id":"D37","station_id":"52","complex_id":"52","division":"BMT","line":"Broadway - Brighton","stop_name":"Avenue U","borough":"Bk","cbd":"false","daytime_routes":"Q","structure":"Open Cut","gtfs_latitude":"40.5993","gtfs_longitude":"-73.955929","north_direction_label":"Manhattan","south_direction_label":"Southbound","ada":"0","ada_northbound":"0","ada_southbound":"0","ada_notes":null,":@computed_region_yamh_8v7k":"894",":@computed_region_wbg7_3whc":"812",":@computed_region_kjdx_g34t":"2090"}},
{"type":"Feature","geometry":{"type":"Point","coordinates":[-73.955161,40.595246]},"properties":{":id":"row-fx6w-5f2n-dv5u",":version":"rv-9u3w~isgz-q2kt",":created_at":"2025-10-29T04:25:11.860Z",":updated_at":"2025-10-29T04:25:15.104Z","gtfs_stop_id":"D38","station_id":"53","complex_id":"53","division":"BMT","line":"Broadway - Brighton","stop_name":"Neck Rd","borough":"Bk","cbd":"false","daytime_routes":"Q","structure":"Open Cut","gtfs_latitude":"40.595246","gtfs_longitude":"-73.955161","north_direction_label":"Manhattan","south_direction_label":"Southbound","ada":"0","ada_northbound":"0","ada_southbound":"0","ada_notes":null,":@computed_region_yamh_8v7k":"894",":@computed_region_wbg7_3whc":"812",":@computed_region_kjdx_g34t":"2090"}},
{"type":"Feature","geometry":{"type":"Point","coordinates":[-73.954155,40.586896]},"properties":{":id":"row-xncs~hndf_cddm",":version":"rv-cdfj.bcv9.m6kv",":created_at":"2025-10-29T04:25:11.860Z",":updated_at":"2025-10-29T04:25:15.104Z","gtfs_stop_id":"D39","station_id":"54","complex_id":"54","division":"BMT","line":"Broadway - Brighton","stop_name":"Sheepshead Bay","borough":"Bk","cbd":"false","daytime_routes":"B Q","structure":"Open Cut","gtfs_latitude":"40.586896","gtfs_longitude":"-73.954155","north_direction_label":"Manhattan","south_direction_label":"Southbound","ada":"0","ada_northbound":"0","ada_southbound":"0","ada_notes":null,":@computed_region_yamh_8v7k":"894",":@computed_region_wbg7_3whc":"818",":@computed_region_kjdx_g34t":"2090"}},
{"type":"Feature","geometry":{"type":"Point","coordinates":[-73.961376,40.577621]},"properties":{":id":"row-ey8v.99ni.mk5s",":version":"rv-hb2j.9epe.vpjm",":created_at":"2025-10-29T04:25:11.860Z",":updated_at":"2025-10-29T04:25:15.104Z","gtfs_stop_id":"D40","station_id":"55","complex_id":"55","division":"BMT","line":"Broadway - Brighton","stop_name":"Brighton Beach","borough":"Bk","cbd":"false","daytime_routes":"B Q","structure":"Elevated","gtfs_latitude":"40.577621","gtfs_longitude":"-73.961376","north_direction_label":"Manhattan","south_direction_label":"Southbound","ada":"0","ada_northbound":"0","ada_southbound":"0","ada_notes":null,":@computed_region_yamh_8v7k":"894",":@computed_region_wbg7_3whc":"818",":@computed_region_kjdx_g34t":"2090"}},
{"type":"Feature","geometry":{"type":"Point","coordinates":[-73.968501,40.576312]},"properties":{":id":"row-fyjf-iwhy.2kg9",":version":"rv-2vpz_ww9v_zntz",":created_at":"2025-10-29T04:25:11.860Z",":updated_at":"2025-10-29T04:25:15.104Z","gtfs_stop_id":"D41","station_id":"56","complex_id":"56","division":"BMT","line":"Broadway - Brighton","stop_name":"Ocean Pkwy","borough":"Bk","cbd":"false","daytime_routes":"Q","structure":"Elevated","gtfs_latitude":"40.576312","gtfs_longitude":"-73.968501","north_direction_label":"Manhattan","south_direction_label":"Coney Island","ada":"0","ada_northbound":"0","ada_southbound":"0","ada_notes":null,":@computed_region_yamh_8v7k":"894",":@computed_region_wbg7_3whc":"818",":@computed_region_kjdx_g34t":"2090"}},
{"type":"Feature","geometry":{"type":"Point","coordinates":[-73.975939,40.576127]},"properties":{":id":"row-pwvi~5k7n~9xaf",":version":"rv-vfwy~a9vx.dhsb",":created_at":"2025-10-29T04:25:11.860Z",":updated_at":"2025-10-29T04:25:15.104Z","gtfs_stop_id":"D42","station_id":"57","complex_id":"57","division":"BMT","line":"Broadway - Brighton","stop_name":"W 8 St-NY Aquarium","borough":"Bk","cbd":"false","daytime_routes":"F Q","structure":"Elevated","gtfs_latitude":"40.576127","gtfs_longitude":"-73.975939","north_direction_label":"Manhattan","south_direction_label":"Coney Island","ada":"0","ada_northbound":"0","ada_southbound":"0","ada_notes":null,":@computed_region_yamh_8v7k":"894",":@computed_region_wbg7_3whc":"903",":@computed_region_kjdx_g34t":"2090"}},
{"type":"Feature","geometry":{"type":"Point","coordinates":[-73.981233,40.577422]},"properties":{":id":"row-mq84.6efs-tsa6",":version":"rv-c5sh_7q5y.zsuc",":created_at":"2025-10-29T04:25:11.860Z",":updated_at":"2025-10-29T04:25:15.104Z","gtfs_stop_id":"D43","station_id":"58","complex_id":"58","division":"BMT","line":"Sea Beach / West End / Culver / Brighton","stop_name":"Coney Island-Stillwell Av","borough":"Bk","cbd":"false","daytime_routes":"D F N Q","structure":"Viaduct","gtfs_latitude":"40.577422","gtfs_longitude":"-73.981233","north_direction_label":"Manhattan","south_direction_label":"Last Stop","ada":"1","ada_northbound":"1","ada_southbound":"1","ada_notes":null,":@computed_region_yamh_8v7k":"894",":@computed_region_wbg7_3whc":"903",":@computed_region_kjdx_g34t":"2090"}},
{"type":"Feature","geometry":{"type":"Point","coordinates":[-73.994324,40.646292]},"properties":{":id":"row-v67a_s99d~wb3d",":version":"rv-khmh-tprv.z9dm",":created_at":"2025-10-29T04:25:11.860Z",":updated_at":"2025-10-29T04:25:15.104Z","gtfs_stop_id":"B12","station_id":"59","complex_id":"59","division":"BMT","line":"West End","stop_name":"9 Av","borough":"Bk","cbd":"false","daytime_routes":"D","structure":"Open Cut","gtfs_latitude":"40.646292","gtfs_longitude":"-73.994324","north_direction_label":"Manhattan","south_direction_label":"Southbound","ada":"0","ada_northbound":"0","ada_southbound":"0","ada_notes":null,":@computed_region_yamh_8v7k":"894",":@computed_region_wbg7_3whc":"897",":@computed_region_kjdx_g34t":"2090"}},
{"type":"Feature","geometry":{"type":"Point","coordinates":[-73.994304,40.640914]},"properties":{":id":"row-wuc7-ksrk.3ywb",":version":"rv-jsev_gwth.pvzw",":created_at":"2025-10-29T04:25:11.860Z",":updated_at":"2025-10-29T04:25:15.104Z","gtfs_stop_id":"B13","station_id":"60","complex_id":"60","division":"BMT","line":"West End","stop_name":"Fort Hamilton Pkwy","borough":"Bk","cbd":"false","daytime_routes":"D","structure":"Elevated","gtfs_latitude":"40.640914","gtfs_longitude":"-73.994304","north_direction_label":"Manhattan","south_direction_label":"Southbound","ada":"0","ada_northbound":"0","ada_southbound":"0","ada_notes":null,":@computed_region_yamh_8v7k":"894",":@computed_region_wbg7_3whc":"897",":@computed_region_kjdx_g34t":"2090"}},
{"type":"Feature","geometry":{"type":"Point","coordinates":[-73.994791,40.63626]},"properties":{":id":"row-c2qm~34nw-uj3v",":version":"rv-b7dz~iqvb-5r2m",":created_at":"2025-10-29T04:25:11.860Z",":updated_at":"2025-10-29T04:25:15.104Z","gtfs_stop_id":"B14","station_id":"61","complex_id":"61","division":"BMT","line":"West End","stop_name":"50 St","borough":"Bk","cbd":"false","daytime_routes":"D","structure":"Elevated","gtfs_latitude":"40.63626","gtfs_longitude":"-73.994791","north_direction_label":"Manhattan","south_direction_label":"Southbound","ada":"0","ada_northbound":"0","ada_southbound":"0","ada_notes":null,":@computed_region_yamh_8v7k":"894",":@computed_region_wbg7_3whc":"897",":@computed_region_kjdx_g34t":"2090"}},
{"type":"Feature","geometry":{"type":"Point","coordinates":[-73.995476,40.631435]},"properties":{":id":"row-nbb6~tmi3-qndy",":version":"rv-p54k~zux8~zxsk",":created_at":"2025-10-29T04:25:11.860Z",":updated_at":"2025-10-29T04:25:15.104Z","gtfs_stop_id":"B15","station_id":"62","complex_id":"62","division":"BMT","line":"West End","stop_name":"55 St","borough":"Bk","cbd":"false","daytime_routes":"D","structure":"Elevated","gtfs_latitude":"40.631435","gtfs_longitude":"-73.995476","north_direction_label":"Manhattan","south_direction_label":"Southbound","ada":"0","ada_northbound":"0","ada_southbound":"0","ada_notes":null,":@computed_region_yamh_8v7k":"894",":@computed_region_wbg7_3whc":"897",":@computed_region_kjdx_g34t":"2090"}},
{"type":"Feature","geometry":{"type":"Point","coordinates":[-73.996895,40.626472]},"properties":{":id":"row-pv5c_6w9r_mbbd",":version":"rv-3ivh.83by-fx76",":created_at":"2025-10-29T04:25:11.860Z",":updated_at":"2025-10-29T04:25:15.104Z","gtfs_stop_id":"B16","station_id":"63","complex_id":"615","division":"BMT","line":"West End","stop_name":"62 St","borough":"Bk","cbd":"false","daytime_routes":"D","structure":"Elevated","gtfs_latitude":"40.626472","gtfs_longitude":"-73.996895","north_direction_label":"Manhattan","south_direction_label":"Southbound","ada":"1","ada_northbound":"1","ada_southbound":"1","ada_notes":null,":@computed_region_yamh_8v7k":"894",":@computed_region_wbg7_3whc":"897",":@computed_region_kjdx_g34t":"2090"}},
{"type":"Feature","geometry":{"type":"Point","coordinates":[-73.998864,40.619589]},"properties":{":id":"row-afn2.55xb~dpf5",":version":"rv-4ewn_892w.isdk",":created_at":"2025-10-29T04:25:11.860Z",":updated_at":"2025-10-29T04:25:15.104Z","gtfs_stop_id":"B17","station_id":"64","complex_id":"64","division":"BMT","line":"West End","stop_name":"71 St","borough":"Bk","cbd":"false","daytime_routes":"D","structure":"Elevated","gtfs_latitude":"40.619589","gtfs_longitude":"-73.998864","north_direction_label":"Manhattan","south_direction_label":"Southbound","ada":"0","ada_northbound":"0","ada_southbound":"0","ada_notes":null,":@computed_region_yamh_8v7k":"894",":@computed_region_wbg7_3whc":"811",":@computed_region_kjdx_g34t":"2090"}},
{"type":"Feature","geometry":{"type":"Point","coordinates":[-74.00061,40.613501]},"properties":{":id":"row-ri7c~jbbs_r36p",":version":"rv-msuv-jndk-rp5r",":created_at":"2025-10-29T04:25:11.860Z",":updated_at":"2025-10-29T04:25:15.104Z","gtfs_stop_id":"B18","station_id":"65","complex_id":"65","division":"BMT","line":"West End","stop_name":"79 St","borough":"Bk","cbd":"false","daytime_routes":"D","structure":"Elevated","gtfs_latitude":"40.613501","gtfs_longitude":"-74.00061","north_direction_label":"Manhattan","south_direction_label":"Southbound","ada":"0","ada_northbound":"0","ada_southbound":"0","ada_notes":null,":@computed_region_yamh_8v7k":"894",":@computed_region_wbg7_3whc":"892",":@computed_region_kjdx_g34t":"2090"}},
{"type":"Feature","geometry":{"type":"Point","coordinates":[-74.001736,40.607954]},"properties":{":id":"row-yq7e.qtqz-vgv9",":version":"rv-4kvg.u5h7_s42n",":created_at":"2025-10-29T04:25:11.860Z",":updated_at":"2025-10-29T04:25:15.104Z","gtfs_stop_id":"B19","station_id":"66","complex_id":"66","division":"BMT","line":"West End","stop_name":"18 Av","borough":"Bk","cbd":"false","daytime_routes":"D","structure":"Elevated","gtfs_latitude":"40.607954","gtfs_longitude":"-74.001736","north_direction_label":"Manhattan","south_direction_label":"Southbound","ada":"0","ada_northbound":"0","ada_southbound":"0","ada_notes":null,":@computed_region_yamh_8v7k":"894",":@computed_region_wbg7_3whc":"892",":@computed_region_kjdx_g34t":"2090"}},
{"type":"Feature","geometry":{"type":"Point","coordinates":[-73.998168,40.604556]},"properties":{":id":"row-37zu_rgv5.i89b",":version":"rv-psjs~6tah~gvau",":created_at":"2025-10-29T04:25:11.860Z",":updated_at":"2025-10-29T04:25:15.104Z","gtfs_stop_id":"B20","station_id":"67","complex_id":"67","division":"BMT","line":"West End","stop_name":"20 Av","borough":"Bk","cbd":"false","daytime_routes":"D","structure":"Elevated","gtfs_latitude":"40.604556","gtfs_longitude":"-73.998168","north_direction_label":"Manhattan","south_direction_label":"Southbound","ada":"0","ada_northbound":"0","ada_southbound":"0","ada_notes":null,":@computed_region_yamh_8v7k":"894",":@computed_region_wbg7_3whc":"892",":@computed_region_kjdx_g34t":"2090"}},
{"type":"Feature","geometry":{"type":"Point","coordinates":[-73.993728,40.601875]},"properties":{":id":"row-5ffi_wpeq-s7h7",":version":"rv-fywd.mkt6~zpwr",":created_at":"2025-10-29T04:25:11.860Z",":updated_at":"2025-10-29T04:25:15.104Z","gtfs_stop_id":"B21","station_id":"68","complex_id":"68","division":"BMT","line":"West End","stop_name":"Bay Pkwy","borough":"Bk","cbd":"false","daytime_routes":"D","structure":"Elevated","gtfs_latitude":"40.601875","gtfs_longitude":"-73.993728","north_direction_label":"Manhattan","south_direction_label":"Southbound","ada":"1","ada_northbound":"1","ada_southbound":"1","ada_notes":null,":@computed_region_yamh_8v7k":"894",":@computed_region_wbg7_3whc":"892",":@computed_region_kjdx_g34t":"2090"}},
{"type":"Feature","geometry":{"type":"Point","coordinates":[-73.986829,40.597704]},"properties":{":id":"row-gs8v.qxhw_uqdf",":version":"rv-3dtf_qrj9~vpw7",":created_at":"2025-10-29T04:25:11.860Z",":updated_at":"2025-10-29T04:25:15.104Z","gtfs_stop_id":"B22","station_id":"69","complex_id":"69","division":"BMT","line":"West End","stop_name":"25 Av","borough":"Bk","cbd":"false","daytime_routes":"D","structure":"Elevated","gtfs_latitude":"40.597704","gtfs_longitude":"-73.986829","north_direction_label":"Manhattan","south_direction_label":"Coney Island","ada":"0","ada_northbound":"0","ada_southbound":"0","ada_notes":null,":@computed_region_yamh_8v7k":"894",":@computed_region_wbg7_3whc":"892",":@computed_region_kjdx_g34t":"2090"}},
{"type":"Feature","geometry":{"type":"Point","coordinates":[-73.983765,40.588841]},"properties":{":id":"row-5jzi-jhty.h9q9",":version":"rv-rmga-7bg6~cmh6",":created_at":"2025-10-29T04:25:11.860Z",":updated_at":"2025-10-29T04:25:15.104Z","gtfs_stop_id":"B23","station_id":"70","complex_id":"70","division":"BMT","line":"West End","stop_name":"Bay 50 St","borough":"Bk","cbd":"false","daytime_routes":"D","structure":"Elevated","gtfs_latitude":"40.588841","gtfs_longitude":"-73.983765","north_direction_label":"Manhattan","south_direction_label":"Coney Island","ada":"0","ada_northbound":"0","ada_southbound":"0","ada_notes":null,":@computed_region_yamh_8v7k":"894",":@computed_region_wbg7_3whc":"902",":@computed_region_kjdx_g34t":"2090"}},
{"type":"Feature","geometry":{"type":"Point","coordinates":[-74.011719,40.635064]},"properties":{":id":"row-rxqa.d64q~un3a",":version":"rv-en42-z8tb~xv9r",":created_at":"2025-10-29T04:25:11.860Z",":updated_at":"2025-10-29T04:25:15.104Z","gtfs_stop_id":"N02","station_id":"71","complex_id":"71","division":"BMT","line":"Sea Beach","stop_name":"8 Av","borough":"Bk","cbd":"false","daytime_routes":"N","structure":"Open Cut","gtfs_latitude":"40.635064","gtfs_longitude":"-74.011719","north_direction_label":"Manhattan","south_direction_label":"Coney Island","ada":"1","ada_northbound":"1","ada_southbound":"1","ada_notes":null,":@computed_region_yamh_8v7k":"894",":@computed_region_wbg7_3whc":"899",":@computed_region_kjdx_g34t":"2090"}},
{"type":"Feature","geometry":{"type":"Point","coordinates":[-74.005351,40.631386]},"properties":{":id":"row-a2ez.psi6-bdng",":version":"rv-s6tv-kcaz_xiph",":created_at":"2025-10-29T04:25:11.860Z",":updated_at":"2025-10-29T04:25:15.104Z","gtfs_stop_id":"N03","station_id":"72","complex_id":"72","division":"BMT","line":"Sea Beach","stop_name":"Fort Hamilton Pkwy","borough":"Bk","cbd":"false","daytime_routes":"N","structure":"Open Cut","gtfs_latitude":"40.631386","gtfs_longitude":"-74.005351","north_direction_label":"Manhattan","south_direction_label":"Coney Island","ada":"0","ada_northbound":"0","ada_southbound":"0","ada_notes":null,":@computed_region_yamh_8v7k":"894",":@computed_region_wbg7_3whc":"897",":@computed_region_kjdx_g34t":"2090"}},
{"type":"Feature","geometry":{"type":"Point","coordinates":[-73.996353,40.624842]},"properties":{":id":"row-hihu_xp8z.xtbk",":version":"rv-sspr_m632.infb",":created_at":"2025-10-29T04:25:11.860Z",":updated_at":"2025-10-29T04:25:15.104Z","gtfs_stop_id":"N04","station_id":"73","complex_id":"615","division":"BMT","line":"Sea Beach","stop_name":"New Utrecht Av","borough":"Bk","cbd":"false","daytime_routes":"N","structure":"Open Cut","gtfs_latitude":"40.624842","gtfs_longitude":"-73.996353","north_direction_label":"Manhattan","south_direction_label":"Coney Island","ada":"1","ada_northbound":"1","ada_southbound":"1","ada_notes":null,":@computed_region_yamh_8v7k":"894",":@computed_region_wbg7_3whc":"897",":@computed_region_kjdx_g34t":"2090"}},
{"type":"Feature","geometry":{"type":"Point","coordinates":[-73.990414,40.620671]},"properties":{":id":"row-xfbh~292g_a4nt",":version":"rv-epg7.rmiy.5j4g",":created_at":"2025-10-29T04:25:11.860Z",":updated_at":"2025-10-29T04:25:15.104Z","gtfs_stop_id":"N05","station_id":"74","complex_id":"74","division":"BMT","line":"Sea Beach","stop_name":"18 Av","borough":"Bk","cbd":"false","daytime_routes":"N","structure":"Open Cut","gtfs_latitude":"40.620671","gtfs_longitude":"-73.990414","north_direction_label":"Manhattan","south_direction_label":"Coney Island","ada":"0","ada_northbound":"0","ada_southbound":"0","ada_notes":null,":@computed_region_yamh_8v7k":"894",":@computed_region_wbg7_3whc":"882",":@computed_region_kjdx_g34t":"2090"}},
{"type":"Feature","geometry":{"type":"Point","coordinates":[-73.985026,40.61741]},"properties":{":id":"row-c6cc.i83m~z6qs",":version":"rv-xhxq~8nk4~y6h8",":created_at":"2025-10-29T04:25:11.860Z",":updated_at":"2025-10-29T04:25:15.104Z","gtfs_stop_id":"N06","station_id":"75","complex_id":"75","division":"BMT","line":"Sea Beach","stop_name":"20 Av","borough":"Bk","cbd":"false","daytime_routes":"N","structure":"Open Cut","gtfs_latitude":"40.61741","gtfs_longitude":"-73.985026","north_direction_label":"Manhattan","south_direction_label":"Coney Island","ada":"0","ada_northbound":"0","ada_southbound":"0","ada_notes":null,":@computed_region_yamh_8v7k":"894",":@computed_region_wbg7_3whc":"882",":@computed_region_kjdx_g34t":"2090"}},
{"type":"Feature","geometry":{"type":"Point","coordinates":[-73.981848,40.611815]},"properties":{":id":"row-5e8t.hd3j~iy28",":version":"rv-dwkc-agqp~mt2a",":created_at":"2025-10-29T04:25:11.860Z",":updated_at":"2025-10-29T04:25:15.104Z","gtfs_stop_id":"N07","station_id":"76","complex_id":"76","division":"BMT","line":"Sea Beach","stop_name":"Bay Pkwy","borough":"Bk","cbd":"false","daytime_routes":"N","structure":"Open Cut","gtfs_latitude":"40.611815","gtfs_longitude":"-73.981848","north_direction_label":"Manhattan","south_direction_label":"Coney Island","ada":"0","ada_northbound":"0","ada_southbound":"0","ada_notes":null,":@computed_region_yamh_8v7k":"894",":@computed_region_wbg7_3whc":"882",":@computed_region_kjdx_g34t":"2090"}},
{"type":"Feature","geometry":{"type":"Point","coordinates":[-73.980353,40.603923]},"properties":{":id":"row-aimx-7699_ieht",":version":"rv-crc6.cfqx.8mp4",":created_at":"2025-10-29T04:25:11.860Z",":updated_at":"2025-10-29T04:25:15.104Z","gtfs_stop_id":"N08","station_id":"77","complex_id":"77","division":"BMT","line":"Sea Beach","stop_name":"Kings Hwy","borough":"Bk","cbd":"false","daytime_routes":"N","structure":"Open Cut","gtfs_latitude":"40.603923","gtfs_longitude":"-73.980353","north_direction_label":"Manhattan","south_direction_label":"Coney Island","ada":"0","ada_northbound":"0","ada_southbound":"0","ada_notes":null,":@computed_region_yamh_8v7k":"894",":@computed_region_wbg7_3whc":"902",":@computed_region_kjdx_g34t":"2090"}},
{"type":"Feature","geometry":{"type":"Point","coordinates":[-73.979137,40.597473]},"properties":{":id":"row-q9eh_c848~29tp",":version":"rv-tpui_2x27.eycq",":created_at":"2025-10-29T04:25:11.860Z",":updated_at":"2025-10-29T04:25:15.104Z","gtfs_stop_id":"N09","station_id":"78","complex_id":"78","division":"BMT","line":"Sea Beach","stop_name":"Avenue U","borough":"Bk","cbd":"false","daytime_routes":"N","structure":"Open Cut","gtfs_latitude":"40.597473","gtfs_longitude":"-73.979137","north_direction_label":"Manhattan","south_direction_label":"Coney Island","ada":"0","ada_northbound":"0","ada_southbound":"0","ada_notes":null,":@computed_region_yamh_8v7k":"894",":@computed_region_wbg7_3whc":"902",":@computed_region_kjdx_g34t":"2090"}},
{"type":"Feature","geometry":{"type":"Point","coordinates":[-73.97823,40.592721]},"properties":{":id":"row-i3ns_gqxd.4cia",":version":"rv-nnxp_an9z.7g8p",":created_at":"2025-10-29T04:25:11.860Z",":updated_at":"2025-10-29T04:25:15.104Z","gtfs_stop_id":"N10","station_id":"79","complex_id":"79","division":"BMT","line":"Sea Beach","stop_name":"86 St","borough":"Bk","cbd":"false","daytime_routes":"N","structure":"Open Cut","gtfs_latitude":"40.592721","gtfs_longitude":"-73.97823","north_direction_label":"Manhattan","south_direction_label":"Coney Island","ada":"0","ada_northbound":"0","ada_southbound":"0","ada_notes":null,":@computed_region_yamh_8v7k":"894",":@computed_region_wbg7_3whc":"902",":@computed_region_kjdx_g34t":"2090"}},
{"type":"Feature","geometry":{"type":"Point","coordinates":[-73.828294,40.700492]},"properties":{":id":"row-ajiu_i6ca~gqnh",":version":"rv-tcm8_75jv-2zni",":created_at":"2025-10-29T04:25:11.860Z",":updated_at":"2025-10-29T04:25:15.104Z","gtfs_stop_id":"J12","station_id":"80","complex_id":"80","division":"BMT","line":"Jamaica","stop_name":"121 St","borough":"Q","cbd":"false","daytime_routes":"J Z","structure":"Elevated","gtfs_latitude":"40.700492","gtfs_longitude":"-73.828294","north_direction_label":"Jamaica","south_direction_label":"Manhattan","ada":"0","ada_northbound":"0","ada_southbound":"0","ada_notes":null,":@computed_region_yamh_8v7k":"196",":@computed_region_wbg7_3whc":"1165",":@computed_region_kjdx_g34t":"2137"}},
{"type":"Feature","geometry":{"type":"Point","coordinates":[-73.836345,40.697418]},"properties":{":id":"row-cfqk_qadz-6g43",":version":"rv-c6z7-bzws_uewg",":created_at":"2025-10-29T04:25:11.860Z",":updated_at":"2025-10-29T04:25:15.104Z","gtfs_stop_id":"J13","station_id":"81","complex_id":"81","division":"BMT","line":"Jamaica","stop_name":"111 St","borough":"Q","cbd":"false","daytime_routes":"J","structure":"Elevated","gtfs_latitude":"40.697418","gtfs_longitude":"-73.836345","north_direction_label":"Jamaica","south_direction_label":"Manhattan","ada":"0","ada_northbound":"0","ada_southbound":"0","ada_notes":null,":@computed_region_yamh_8v7k":"196",":@computed_region_wbg7_3whc":"1165",":@computed_region_kjdx_g34t":"2137"}},
{"type":"Feature","geometry":{"type":"Point","coordinates":[-73.84433,40.695178]},"properties":{":id":"row-3ya5_xc7x~khnq",":version":"rv-a946-atzj_n5jd",":created_at":"2025-10-29T04:25:11.860Z",":updated_at":"2025-10-29T04:25:15.104Z","gtfs_stop_id":"J14","station_id":"82","complex_id":"82","division":"BMT","line":"Jamaica","stop_name":"104 St","borough":"Q","cbd":"false","daytime_routes":"J Z","structure":"Elevated","gtfs_latitude":"40.695178","gtfs_longitude":"-73.84433","north_direction_label":"Jamaica","south_direction_label":"Manhattan","ada":"0","ada_northbound":"0","ada_southbound":"0","ada_notes":null,":@computed_region_yamh_8v7k":"196",":@computed_region_wbg7_3whc":"1165",":@computed_region_kjdx_g34t":"2137"}},
{"type":"Feature","geometry":{"type":"Point","coordinates":[-73.851576,40.693879]},"properties":{":id":"row-3s8v.3vwp-kk5h",":version":"rv-jmh5~hefv.j96u",":created_at":"2025-10-29T04:25:11.860Z",":updated_at":"2025-10-29T04:25:15.104Z","gtfs_stop_id":"J15","station_id":"83","complex_id":"83","division":"BMT","line":"Jamaica","stop_name":"Woodhaven Blvd","borough":"Q","cbd":"false","daytime_routes":"J Z","structure":"Elevated","gtfs_latitude":"40.693879","gtfs_longitude":"-73.851576","north_direction_label":"Jamaica","south_direction_label":"Manhattan","ada":"1","ada_northbound":"1","ada_southbound":"1","ada_notes":null,":@computed_region_yamh_8v7k":"196",":@computed_region_wbg7_3whc":"1168",":@computed_region_kjdx_g34t":"2137"}},
{"type":"Feature","geometry":{"type":"Point","coordinates":[-73.86001,40.692435]},"properties":{":id":"row-zh3m.jwsf.sdp6",":version":"rv-jnin-avek~eu8v",":created_at":"2025-10-29T04:25:11.860Z",":updated_at":"2025-10-29T04:25:15.104Z","gtfs_stop_id":"J16","station_id":"84","complex_id":"84","division":"BMT","line":"Jamaica","stop_name":"85 St-Forest Pkwy","borough":"Q","cbd":"false","daytime_routes":"J","structure":"Elevated","gtfs_latitude":"40.692435","gtfs_longitude":"-73.86001","north_direction_label":"Jamaica","south_direction_label":"Manhattan","ada":"0","ada_northbound":"0","ada_southbound":"0","ada_notes":null,":@computed_region_yamh_8v7k":"196",":@computed_region_wbg7_3whc":"1168",":@computed_region_kjdx_g34t":"2137"}},
{"type":"Feature","geometry":{"type":"Point","coordinates":[-73.867139,40.691324]},"properties":{":id":"row-2cqt_gzre~m628",":version":"rv-bypv~c53k.nacu",":created_at":"2025-10-29T04:25:11.860Z",":updated_at":"2025-10-29T04:25:15.104Z","gtfs_stop_id":"J17","station_id":"85","complex_id":"85","division":"BMT","line":"Jamaica","stop_name":"75 St-Elderts Ln","borough":"Q","cbd":"false","daytime_routes":"J Z","structure":"Elevated","gtfs_latitude":"40.691324","gtfs_longitude":"-73.867139","north_direction_label":"Jamaica","south_direction_label":"Manhattan","ada":"0","ada_northbound":"0","ada_southbound":"0","ada_notes":null,":@computed_region_yamh_8v7k":"196",":@computed_region_wbg7_3whc":"1168",":@computed_region_kjdx_g34t":"2137"}},
{"type":"Feature","geometry":{"type":"Point","coordinates":[-73.87255,40.689941]},"properties":{":id":"row-g9s6~rdze~whhj",":version":"rv-w8hz_fb2d~jxy9",":created_at":"2025-10-29T04:25:11.860Z",":updated_at":"2025-10-29T04:25:15.104Z","gtfs_stop_id":"J19","station_id":"86","complex_id":"86","division":"BMT","line":"Jamaica","stop_name":"Cypress Hills","borough":"Bk","cbd":"false","daytime_routes":"J","structure":"Elevated","gtfs_latitude":"40.689941","gtfs_longitude":"-73.87255","north_direction_label":"Queens","south_direction_label":"Manhattan","ada":"0","ada_northbound":"0","ada_southbound":"0","ada_notes":null,":@computed_region_yamh_8v7k":"894",":@computed_region_wbg7_3whc":"886",":@computed_region_kjdx_g34t":"2137"}},
{"type":"Feature","geometry":{"type":"Point","coordinates":[-73.873785,40.683194]},"properties":{":id":"row-h54q-zqpm.zn7z",":version":"rv-xx3j.4gdk-hssk",":created_at":"2025-10-29T04:25:11.860Z",":updated_at":"2025-10-29T04:25:15.104Z","gtfs_stop_id":"J20","station_id":"87","complex_id":"87","division":"BMT","line":"Jamaica","stop_name":"Crescent St","borough":"Bk","cbd":"false","daytime_routes":"J Z","structure":"Elevated","gtfs_latitude":"40.683194","gtfs_longitude":"-73.873785","north_direction_label":"Outbound","south_direction_label":"Manhattan","ada":"0","ada_northbound":"0","ada_southbound":"0","ada_notes":null,":@computed_region_yamh_8v7k":"894",":@computed_region_wbg7_3whc":"886",":@computed_region_kjdx_g34t":"2137"}},
{"type":"Feature","geometry":{"type":"Point","coordinates":[-73.880039,40.68141]},"properties":{":id":"row-46mn~vw53_kj3a",":version":"rv-3jnx_x7ik.v4wi",":created_at":"2025-10-29T04:25:11.860Z",":updated_at":"2025-10-29T04:25:15.104Z","gtfs_stop_id":"J21","station_id":"88","complex_id":"88","division":"BMT","line":"Jamaica","stop_name":"Norwood Av","borough":"Bk","cbd":"false","daytime_routes":"J Z","structure":"Elevated","gtfs_latitude":"40.68141","gtfs_longitude":"-73.880039","north_direction_label":"Outbound","south_direction_label":"Manhattan","ada":"0","ada_northbound":"0","ada_southbound":"0","ada_notes":null,":@computed_region_yamh_8v7k":"894",":@computed_region_wbg7_3whc":"886",":@computed_region_kjdx_g34t":"2137"}},
{"type":"Feature","geometry":{"type":"Point","coordinates":[-73.884639,40.679947]},"properties":{":id":"row-r4jt~48qw_d38m",":version":"rv-ep8s~mxcy-5f83",":created_at":"2025-10-29T04:25:11.860Z",":updated_at":"2025-10-29T04:25:15.104Z","gtfs_stop_id":"J22","station_id":"89","complex_id":"89","division":"BMT","line":"Jamaica","stop_name":"Cleveland St","borough":"Bk","cbd":"false","daytime_routes":"J","structure":"Elevated","gtfs_latitude":"40.679947","gtfs_longitude":"-73.884639","north_direction_label":"Outbound","south_direction_label":"Manhattan","ada":"0","ada_northbound":"0","ada_southbound":"0","ada_notes":null,":@computed_region_yamh_8v7k":"894",":@computed_region_wbg7_3whc":"886",":@computed_region_kjdx_g34t":"2137"}},
{"type":"Feature","geometry":{"type":"Point","coordinates":[-73.891688,40.678024]},"properties":{":id":"row-bwx3-zda4_zchc",":version":"rv-iqh3~j9gu_32b5",":created_at":"2025-10-29T04:25:11.860Z",":updated_at":"2025-10-29T04:25:15.104Z","gtfs_stop_id":"J23","station_id":"90","complex_id":"90","division":"BMT","line":"Jamaica","stop_name":"Van Siclen Av","borough":"Bk","cbd":"false","daytime_routes":"J Z","structure":"Elevated","gtfs_latitude":"40.678024","gtfs_longitude":"-73.891688","north_direction_label":"Outbound","south_direction_label":"Manhattan","ada":"0","ada_northbound":"0","ada_southbound":"0","ada_notes":null,":@computed_region_yamh_8v7k":"894",":@computed_region_wbg7_3whc":"885",":@computed_region_kjdx_g34t":"2090"}},
{"type":"Feature","geometry":{"type":"Point","coordinates":[-73.898654,40.676992]},"properties":{":id":"row-rf3r-ak8s-rwfc",":version":"rv-dr4i-ar6z.if7c",":created_at":"2025-10-29T04:25:11.860Z",":updated_at":"2025-10-29T04:25:15.104Z","gtfs_stop_id":"J24","station_id":"91","complex_id":"91","division":"BMT","line":"Jamaica","stop_name":"Alabama Av","borough":"Bk","cbd":"false","daytime_routes":"J Z","structure":"Elevated","gtfs_latitude":"40.676992","gtfs_longitude":"-73.898654","north_direction_label":"Outbound","south_direction_label":"Manhattan","ada":"0","ada_northbound":"0","ada_southbound":"0","ada_notes":null,":@computed_region_yamh_8v7k":"894",":@computed_region_wbg7_3whc":"885",":@computed_region_kjdx_g34t":"2090"}},
{"type":"Feature","geometry":{"type":"Point","coordinates":[-73.904512,40.679498]},"properties":{":id":"row-t84m~k2v2_kkdx",":version":"rv-pdxa.ccvh~mzge",":created_at":"2025-10-29T04:25:11.860Z",":updated_at":"2025-10-29T04:25:15.104Z","gtfs_stop_id":"J27","station_id":"92","complex_id":"621","division":"BMT","line":"Jamaica","stop_name":"Broadway Junction","borough":"Bk","cbd":"false","daytime_routes":"J Z","structure":"Elevated","gtfs_latitude":"40.679498","gtfs_longitude":"-73.904512","north_direction_label":"Outbound","south_direction_label":"Manhattan","ada":"0","ada_northbound":"0","ada_southbound":"0","ada_notes":null,":@computed_region_yamh_8v7k":"894",":@computed_region_wbg7_3whc":"816",":@computed_region_kjdx_g34t":"2090"}},
{"type":"Feature","geometry":{"type":"Point","coordinates":[-73.910456,40.682893]},"properties":{":id":"row-4vna-qzgk_ec3w",":version":"rv-uwjy-kbn7_2kac",":created_at":"2025-10-29T04:25:11.860Z",":updated_at":"2025-10-29T04:25:15.104Z","gtfs_stop_id":"J28","station_id":"93","complex_id":"93","division":"BMT","line":"Jamaica","stop_name":"Chauncey St","borough":"Bk","cbd":"false","daytime_routes":"J Z","structure":"Elevated","gtfs_latitude":"40.682893","gtfs_longitude":"-73.910456","north_direction_label":"Outbound","south_direction_label":"Manhattan","ada":"0","ada_northbound":"0","ada_southbound":"0","ada_notes":null,":@computed_region_yamh_8v7k":"894",":@computed_region_wbg7_3whc":"885",":@computed_region_kjdx_g34t":"2090"}},
{"type":"Feature","geometry":{"type":"Point","coordinates":[-73.916559,40.68637]},"properties":{":id":"row-pinc_yb3b.5wq2",":version":"rv-t2mj_573n_yqyz",":created_at":"2025-10-29T04:25:11.860Z",":updated_at":"2025-10-29T04:25:15.104Z","gtfs_stop_id":"J29","station_id":"94","complex_id":"94","division":"BMT","line":"Jamaica","stop_name":"Halsey St","borough":"Bk","cbd":"false","daytime_routes":"J","structure":"Elevated","gtfs_latitude":"40.68637","gtfs_longitude":"-73.916559","north_direction_label":"Outbound","south_direction_label":"Manhattan","ada":"0","ada_northbound":"0","ada_southbound":"0","ada_notes":null,":@computed_region_yamh_8v7k":"894",":@computed_region_wbg7_3whc":"900",":@computed_region_kjdx_g34t":"2090"}},
{"type":"Feature","geometry":{"type":"Point","coordinates":[-73.92227,40.68963]},"properties":{":id":"row-niff.nv5t~apeg",":version":"rv-ntd9.zwa2~z4ck",":created_at":"2025-10-29T04:25:11.860Z",":updated_at":"2025-10-29T04:25:15.104Z","gtfs_stop_id":"J30","station_id":"95","complex_id":"95","division":"BMT","line":"Jamaica","stop_name":"Gates Av","borough":"Bk","cbd":"false","daytime_routes":"J Z","structure":"Elevated","gtfs_latitude":"40.68963","gtfs_longitude":"-73.92227","north_direction_label":"Outbound","south_direction_label":"Manhattan","ada":"0","ada_northbound":"0","ada_southbound":"0","ada_notes":null,":@computed_region_yamh_8v7k":"894",":@computed_region_wbg7_3whc":"900",":@computed_region_kjdx_g34t":"2090"}},
{"type":"Feature","geometry":{"type":"Point","coordinates":[-73.928814,40.693342]},"properties":{":id":"row-vzw9_ujrg.kquu",":version":"rv-9f8n_pi6a-qff7",":created_at":"2025-10-29T04:25:11.860Z",":updated_at":"2025-10-29T04:25:15.104Z","gtfs_stop_id":"J31","station_id":"96","complex_id":"96","division":"BMT","line":"Jamaica","stop_name":"Kosciuszko St","borough":"Bk","cbd":"false","daytime_routes":"J","structure":"Elevated","gtfs_latitude":"40.693342","gtfs_longitude":"-73.928814","north_direction_label":"Outbound","south_direction_label":"Manhattan","ada":"0","ada_northbound":"0","ada_southbound":"0","ada_notes":null,":@computed_region_yamh_8v7k":"894",":@computed_region_wbg7_3whc":"900",":@computed_region_kjdx_g34t":"2090"}},
{"type":"Feature","geometry":{"type":"Point","coordinates":[-73.935657,40.697207]},"properties":{":id":"row-dqb7~ut66_kzfp",":version":"rv-8fpj-b37q~zq5j",":created_at":"2025-10-29T04:25:11.860Z",":updated_at":"2025-10-29T04:25:15.104Z","gtfs_stop_id":"M11","station_id":"97","complex_id":"97","division":"BMT","line":"Jamaica","stop_name":"Myrtle Av","borough":"Bk","cbd":"false","daytime_routes":"M J Z","structure":"Elevated","gtfs_latitude":"40.697207","gtfs_longitude":"-73.935657","north_direction_label":"Outbound","south_direction_label":"Manhattan","ada":"0","ada_northbound":"0","ada_southbound":"0","ada_notes":null,":@computed_region_yamh_8v7k":"894",":@computed_region_wbg7_3whc":"884",":@computed_region_kjdx_g34t":"2090"}},
{"type":"Feature","geometry":{"type":"Point","coordinates":[-73.941126,40.70026]},"properties":{":id":"row-7w2e~7pu8.zzjh",":version":"rv-54mj.x4ap.thd9",":created_at":"2025-10-29T04:25:11.860Z",":updated_at":"2025-10-29T04:25:15.104Z","gtfs_stop_id":"M12","station_id":"98","complex_id":"98","division":"BMT","line":"Jamaica","stop_name":"Flushing Av","borough":"Bk","cbd":"false","daytime_routes":"M J","structure":"Elevated","gtfs_latitude":"40.70026","gtfs_longitude":"-73.941126","north_direction_label":"Outbound","south_direction_label":"Manhattan","ada":"1","ada_northbound":"1","ada_southbound":"1","ada_notes":null,":@computed_region_yamh_8v7k":"894",":@computed_region_wbg7_3whc":"884",":@computed_region_kjdx_g34t":"2090"}},
{"type":"Feature","geometry":{"type":"Point","coordinates":[-73.947408,40.703869]},"properties":{":id":"row-n4zj_xy6p-pgqh",":version":"rv-ic9z~suk7.93z5",":created_at":"2025-10-29T04:25:11.860Z",":updated_at":"2025-10-29T04:25:15.104Z","gtfs_stop_id":"M13","station_id":"99","complex_id":"99","division":"BMT","line":"Jamaica","stop_name":"Lorimer St","borough":"Bk","cbd":"false","daytime_routes":"M J","structure":"Elevated","gtfs_latitude":"40.703869","gtfs_longitude":"-73.947408","north_direction_label":"Outbound","south_direction_label":"Manhattan","ada":"0","ada_northbound":"0","ada_southbound":"0","ada_notes":null,":@computed_region_yamh_8v7k":"894",":@computed_region_wbg7_3whc":"884",":@computed_region_kjdx_g34t":"2090"}},
{"type":"Feature","geometry":{"type":"Point","coordinates":[-73.953431,40.70687]},"properties":{":id":"row-t5xf.du5t~mh2p",":version":"rv-f2kw_mq8s~ebqv",":created_at":"2025-10-29T04:25:11.860Z",":updated_at":"2025-10-29T04:25:15.104Z","gtfs_stop_id":"M14","station_id":"100","complex_id":"100","division":"BMT","line":"Jamaica","stop_name":"Hewes St","borough":"Bk","cbd":"false","daytime_routes":"M J","structure":"Elevated","gtfs_latitude":"40.70687","gtfs_longitude":"-73.953431","north_direction_label":"Outbound","south_direction_label":"Manhattan","ada":"0","ada_northbound":"0","ada_southbound":"0","ada_notes":null,":@computed_region_yamh_8v7k":"894",":@computed_region_wbg7_3whc":"889",":@computed_region_kjdx_g34t":"2090"}},
{"type":"Feature","geometry":{"type":"Point","coordinates":[-73.957757,40.708359]},"properties":{":id":"row-rj9g-w5r5~y6jy",":version":"rv-sh5m.i6hu-uqyf",":created_at":"2025-10-29T04:25:11.860Z",":updated_at":"2025-10-29T04:25:15.104Z","gtfs_stop_id":"M16","station_id":"101","complex_id":"101","division":"BMT","line":"Jamaica","stop_name":"Marcy Av","borough":"Bk","cbd":"false","daytime_routes":"M J Z","structure":"Elevated","gtfs_latitude":"40.708359","gtfs_longitude":"-73.957757","north_direction_label":"Outbound","south_direction_label":"Manhattan","ada":"1","ada_northbound":"1","ada_southbound":"1","ada_notes":null,":@computed_region_yamh_8v7k":"894",":@computed_region_wbg7_3whc":"889",":@computed_region_kjdx_g34t":"2090"}},
{"type":"Feature","geometry":{"type":"Point","coordinates":[-73.987437,40.718315]},"properties":{":id":"row-5qzn_6efp.hpbq",":version":"rv-4huy.xbfi_jyad",":created_at":"2025-10-29T04:25:11.860Z",":updated_at":"2025-10-29T04:25:15.104Z","gtfs_stop_id":"M18","station_id":"102","complex_id":"625","division":"BMT","line":"Jamaica","stop_name":"Delancey St-Essex St","borough":"M","cbd":"true","daytime_routes":"M J Z","structure":"Subway","gtfs_latitude":"40.718315","gtfs_longitude":"-73.987437","north_direction_label":"Brooklyn","south_direction_label":"Inbound","ada":"0","ada_northbound":"0","ada_southbound":"0","ada_notes":null,":@computed_region_yamh_8v7k":"749",":@computed_region_wbg7_3whc":"718",":@computed_region_kjdx_g34t":"2095"}},
{"type":"Feature","geometry":{"type":"Point","coordinates":[-73.993915,40.72028]},"properties":{":id":"row-s9h8.d242~jrwv",":version":"rv-jemr_897m_ziw3",":created_at":"2025-10-29T04:25:11.860Z",":updated_at":"2025-10-29T04:25:15.104Z","gtfs_stop_id":"M19","station_id":"103","complex_id":"103","division":"BMT","line":"Jamaica","stop_name":"Bowery","borough":"M","cbd":"true","daytime_routes":"J Z","structure":"Subway","gtfs_latitude":"40.72028","gtfs_longitude":"-73.993915","north_direction_label":"Brooklyn","south_direction_label":"Downtown","ada":"0","ada_northbound":"0","ada_southbound":"0","ada_notes":null,":@computed_region_yamh_8v7k":"749",":@computed_region_wbg7_3whc":"718",":@computed_region_kjdx_g34t":"2095"}},
{"type":"Feature","geometry":{"type":"Point","coordinates":[-73.999892,40.718092]},"properties":{":id":"row-ugrm.ezxn.qdvp",":version":"rv-z4hf~6v8u-pzff",":created_at":"2025-10-29T04:25:11.860Z",":updated_at":"2025-10-29T04:25:15.104Z","gtfs_stop_id":"M20","station_id":"104","complex_id":"623","division":"BMT","line":"Jamaica","stop_name":"Canal St","borough":"M","cbd":"true","daytime_routes":"J Z","structure":"Subway","gtfs_latitude":"40.718092","gtfs_longitude":"-73.999892","north_direction_label":"Brooklyn","south_direction_label":"Downtown","ada":"0","ada_northbound":"0","ada_southbound":"0","ada_notes":null,":@computed_region_yamh_8v7k":"749",":@computed_region_wbg7_3whc":"737",":@computed_region_kjdx_g34t":"2095"}},
{"type":"Feature","geometry":{"type":"Point","coordinates":[-74.003401,40.713243]},"properties":{":id":"row-iybp.fxfa-5rmr",":version":"rv-5ryp_kvr2~tdiu",":created_at":"2025-10-29T04:25:11.860Z",":updated_at":"2025-10-29T04:25:15.104Z","gtfs_stop_id":"M21","station_id":"105","complex_id":"622","division":"BMT","line":"Jamaica","stop_name":"Chambers St","borough":"M","cbd":"true","daytime_routes":"J Z","structure":"Subway","gtfs_latitude":"40.713243","gtfs_longitude":"-74.003401","north_direction_label":"Brooklyn","south_direction_label":"Downtown","ada":"1","ada_northbound":"1","ada_southbound":"1","ada_notes":null,":@computed_region_yamh_8v7k":"749",":@computed_region_wbg7_3whc":"723",":@computed_region_kjdx_g34t":"2095"}},
{"type":"Feature","geometry":{"type":"Point","coordinates":[-74.007582,40.710374]},"properties":{":id":"row-n8ma_23am.jdwq",":version":"rv-m4a3-ug88.w9yn",":created_at":"2025-10-29T04:25:11.860Z",":updated_at":"2025-10-29T04:25:15.104Z","gtfs_stop_id":"M22","station_id":"106","complex_id":"628","division":"BMT","line":"Jamaica","stop_name":"Fulton St","borough":"M","cbd":"true","daytime_routes":"J Z","structure":"Subway","gtfs_latitude":"40.710374","gtfs_longitude":"-74.007582","north_direction_label":"Brooklyn","south_direction_label":"Downtown","ada":"1","ada_northbound":"1","ada_southbound":"1","ada_notes":null,":@computed_region_yamh_8v7k":"749",":@computed_region_wbg7_3whc":"797",":@computed_region_kjdx_g34t":"2095"}},
{"type":"Feature","geometry":{"type":"Point","coordinates":[-74.011056,40.706476]},"properties":{":id":"row-ibge_4uyk_p9rg",":version":"rv-urqm_4nnb_2tfq",":created_at":"2025-10-29T04:25:11.860Z",":updated_at":"2025-10-29T04:25:15.104Z","gtfs_stop_id":"M23","station_id":"107","complex_id":"107","division":"BMT","line":"Jamaica","stop_name":"Broad St","borough":"M","cbd":"true","daytime_routes":"J Z","structure":"Subway","gtfs_latitude":"40.706476","gtfs_longitude":"-74.011056","north_direction_label":"Brooklyn","south_direction_label":"Last Stop","ada":"0","ada_northbound":"0","ada_southbound":"0","ada_notes":null,":@computed_region_yamh_8v7k":"749",":@computed_region_wbg7_3whc":"721",":@computed_region_kjdx_g34t":"2095"}},
{"type":"Feature","geometry":{"type":"Point","coordinates":[-73.889601,40.711396]},"properties":{":id":"row-4uq5_np8m.rf99",":version":"rv-uk7m_ewa5~gig7",":created_at":"2025-10-29T04:25:11.860Z",":updated_at":"2025-10-29T04:25:15.104Z","gtfs_stop_id":"M01","station_id":"108","complex_id":"108","division":"BMT","line":"Myrtle Av","stop_name":"Middle Village-Metropolitan Av","borough":"Q","cbd":"false","daytime_routes":"M","structure":"Elevated","gtfs_latitude":"40.711396","gtfs_longitude":"-73.889601","north_direction_label":"Inbound","south_direction_label":"Last Stop","ada":"1","ada_northbound":"1","ada_southbound":"1","ada_notes":null,":@computed_region_yamh_8v7k":"196",":@computed_region_wbg7_3whc":"848",":@computed_region_kjdx_g34t":"2137"}},
{"type":"Feature","geometry":{"type":"Point","coordinates":[-73.895877,40.706186]},"properties":{":id":"row-grhd~xuzx-yuz2",":version":"rv-xqzs-g8pi~ydqg",":created_at":"2025-10-29T04:25:11.860Z",":updated_at":"2025-10-29T04:25:15.104Z","gtfs_stop_id":"M04","station_id":"109","complex_id":"109","division":"BMT","line":"Myrtle Av","stop_name":"Fresh Pond Rd","borough":"Q","cbd":"false","daytime_routes":"M","structure":"Elevated","gtfs_latitude":"40.706186","gtfs_longitude":"-73.895877","north_direction_label":"Inbound","south_direction_label":"Middle Village","ada":"0","ada_northbound":"0","ada_southbound":"0","ada_notes":null,":@computed_region_yamh_8v7k":"196",":@computed_region_wbg7_3whc":"849",":@computed_region_kjdx_g34t":"2137"}},
{"type":"Feature","geometry":{"type":"Point","coordinates":[-73.903077,40.704423]},"properties":{":id":"row-69cc.tyiv.dcvh",":version":"rv-b4k7-jw2n_89ah",":created_at":"2025-10-29T04:25:11.860Z",":updated_at":"2025-10-29T04:25:15.104Z","gtfs_stop_id":"M05","station_id":"110","complex_id":"110","division":"BMT","line":"Myrtle Av","stop_name":"Forest Av","borough":"Q","cbd":"false","daytime_routes":"M","structure":"Elevated","gtfs_latitude":"40.704423","gtfs_longitude":"-73.903077","north_direction_label":"Inbound","south_direction_label":"Middle Village","ada":"0","ada_northbound":"0","ada_southbound":"0","ada_notes":null,":@computed_region_yamh_8v7k":"196",":@computed_region_wbg7_3whc":"849",":@computed_region_kjdx_g34t":"2137"}},
{"type":"Feature","geometry":{"type":"Point","coordinates":[-73.90774,40.702762]},"properties":{":id":"row-3rmu_vuqf~h3y8",":version":"rv-ixwx~76ac_wmw6",":created_at":"2025-10-29T04:25:11.860Z",":updated_at":"2025-10-29T04:25:15.104Z","gtfs_stop_id":"M06","station_id":"111","complex_id":"111","division":"BMT","line":"Myrtle Av","stop_name":"Seneca Av","borough":"Q","cbd":"false","daytime_routes":"M","structure":"Elevated","gtfs_latitude":"40.702762","gtfs_longitude":"-73.90774","north_direction_label":"Inbound","south_direction_label":"Middle Village","ada":"0","ada_northbound":"0","ada_southbound":"0","ada_notes":null,":@computed_region_yamh_8v7k":"196",":@computed_region_wbg7_3whc":"849",":@computed_region_kjdx_g34t":"2137"}},
{"type":"Feature","geometry":{"type":"Point","coordinates":[-73.912385,40.69943]},"properties":{":id":"row-nq4q_rva2_e6nw",":version":"rv-nwcd-4zfc~9mz9",":created_at":"2025-10-29T04:25:11.860Z",":updated_at":"2025-10-29T04:25:15.104Z","gtfs_stop_id":"M08","station_id":"112","complex_id":"630","division":"BMT","line":"Myrtle Av","stop_name":"Myrtle-Wyckoff Avs","borough":"Bk","cbd":"false","daytime_routes":"M","structure":"Elevated","gtfs_latitude":"40.69943","gtfs_longitude":"-73.912385","north_direction_label":"Inbound","south_direction_label":"Middle Village","ada":"1","ada_northbound":"1","ada_southbound":"1","ada_notes":null,":@computed_region_yamh_8v7k":"894",":@computed_region_wbg7_3whc":"820",":@computed_region_kjdx_g34t":"2090"}},
{"type":"Feature","geometry":{"type":"Point","coordinates":[-73.919711,40.698664]},"properties":{":id":"row-9uaz~uyqa_kkve",":version":"rv-922i~7fcm-agqk",":created_at":"2025-10-29T04:25:11.860Z",":updated_at":"2025-10-29T04:25:15.104Z","gtfs_stop_id":"M09","station_id":"113","complex_id":"113","division":"BMT","line":"Myrtle Av","stop_name":"Knickerbocker Av","borough":"Bk","cbd":"false","daytime_routes":"M","structure":"Elevated","gtfs_latitude":"40.698664","gtfs_longitude":"-73.919711","north_direction_label":"Inbound","south_direction_label":"Middle Village","ada":"0","ada_northbound":"0","ada_southbound":"0","ada_notes":null,":@computed_region_yamh_8v7k":"894",":@computed_region_wbg7_3whc":"820",":@computed_region_kjdx_g34t":"2090"}},
{"type":"Feature","geometry":{"type":"Point","coordinates":[-73.927397,40.697857]},"properties":{":id":"row-92b2_dc9m-m7y6",":version":"rv-pd3m_9k3m_5wfu",":created_at":"2025-10-29T04:25:11.860Z",":updated_at":"2025-10-29T04:25:15.104Z","gtfs_stop_id":"M10","station_id":"114","complex_id":"114","division":"BMT","line":"Myrtle Av","stop_name":"Central Av","borough":"Bk","cbd":"false","daytime_routes":"M","structure":"Elevated","gtfs_latitude":"40.697857","gtfs_longitude":"-73.927397","north_direction_label":"Inbound","south_direction_label":"Middle Village","ada":"0","ada_northbound":"0","ada_southbound":"0","ada_notes":null,":@computed_region_yamh_8v7k":"894",":@computed_region_wbg7_3whc":"900",":@computed_region_kjdx_g34t":"2090"}},
{"type":"Feature","geometry":{"type":"Point","coordinates":[-74.002578,40.739777]},"properties":{":id":"row-nwv8.uwfg_5uww",":version":"rv-ur2u~566s~qfdc",":created_at":"2025-10-29T04:25:11.860Z",":updated_at":"2025-10-29T04:25:15.104Z","gtfs_stop_id":"L01","station_id":"115","complex_id":"618","division":"BMT","line":"Canarsie","stop_name":"8 Av","borough":"M","cbd":"true","daytime_routes":"L","structure":"Subway","gtfs_latitude":"40.739777","gtfs_longitude":"-74.002578","north_direction_label":"Last Stop","south_direction_label":"Brooklyn","ada":"1","ada_northbound":"1","ada_southbound":"1","ada_notes":null,":@computed_region_yamh_8v7k":"749",":@computed_region_wbg7_3whc":"735",":@computed_region_kjdx_g34t":"2095"}},
{"type":"Feature","geometry":{"type":"Point","coordinates":[-73.996786,40.737335]},"properties":{":id":"row-znr5-jfiw~ecwp",":version":"rv-rtqv.t42r~k2kq",":created_at":"2025-10-29T04:25:11.860Z",":updated_at":"2025-10-29T04:25:15.104Z","gtfs_stop_id":"L02","station_id":"116","complex_id":"601","division":"BMT","line":"Canarsie","stop_name":"6 Av","borough":"M","cbd":"true","daytime_routes":"L","structure":"Subway","gtfs_latitude":"40.737335","gtfs_longitude":"-73.996786","north_direction_label":"West Side","south_direction_label":"Brooklyn","ada":"1","ada_northbound":"1","ada_southbound":"1","ada_notes":null,":@computed_region_yamh_8v7k":"749",":@computed_region_wbg7_3whc":"735",":@computed_region_kjdx_g34t":"2095"}},
{"type":"Feature","geometry":{"type":"Point","coordinates":[-73.99073,40.734789]},"properties":{":id":"row-jiyw~rxsx-w7fn",":version":"rv-n9n4_9qn3_gpca",":created_at":"2025-10-29T04:25:11.860Z",":updated_at":"2025-10-29T04:25:15.104Z","gtfs_stop_id":"L03","station_id":"117","complex_id":"602","division":"BMT","line":"Canarsie","stop_name":"14 St-Union Sq","borough":"M","cbd":"true","daytime_routes":"L","structure":"Subway","gtfs_latitude":"40.734789","gtfs_longitude":"-73.99073","north_direction_label":"West Side","south_direction_label":"Brooklyn","ada":"1","ada_northbound":"1","ada_southbound":"1","ada_notes":null,":@computed_region_yamh_8v7k":"749",":@computed_region_wbg7_3whc":"719",":@computed_region_kjdx_g34t":"2095"}},
{"type":"Feature","geometry":{"type":"Point","coordinates":[-73.986122,40.732849]},"properties":{":id":"row-a8cx~n62w_yfeg",":version":"rv-iav8-hrqy~ftad",":created_at":"2025-10-29T04:25:11.860Z",":updated_at":"2025-10-29T04:25:15.104Z","gtfs_stop_id":"L05","station_id":"118","complex_id":"118","division":"BMT","line":"Canarsie","stop_name":"3 Av","borough":"M","cbd":"true","daytime_routes":"L","structure":"Subway","gtfs_latitude":"40.732849","gtfs_longitude":"-73.986122","north_direction_label":"West Side","south_direction_label":"Brooklyn","ada":"0","ada_northbound":"0","ada_southbound":"0","ada_notes":null,":@computed_region_yamh_8v7k":"749",":@computed_region_wbg7_3whc":"719",":@computed_region_kjdx_g34t":"2095"}},
{"type":"Feature","geometry":{"type":"Point","coordinates":[-73.981628,40.730953]},"properties":{":id":"row-qbrw-ahgc~4epg",":version":"rv-g2ep_676p-2j3u",":created_at":"2025-10-29T04:25:11.860Z",":updated_at":"2025-10-29T04:25:15.104Z","gtfs_stop_id":"L06","station_id":"119","complex_id":"119","division":"BMT","line":"Canarsie","stop_name":"1 Av","borough":"M","cbd":"true","daytime_routes":"L","structure":"Subway","gtfs_latitude":"40.730953","gtfs_longitude":"-73.981628","north_direction_label":"West Side","south_direction_label":"Brooklyn","ada":"1","ada_northbound":"1","ada_southbound":"1","ada_notes":null,":@computed_region_yamh_8v7k":"749",":@computed_region_wbg7_3whc":"724",":@computed_region_kjdx_g34t":"2095"}},
{"type":"Feature","geometry":{"type":"Point","coordinates":[-73.956872,40.717304]},"properties":{":id":"row-u2vz~z8y3~vwfn",":version":"rv-zme9~t28g.qf8w",":created_at":"2025-10-29T04:25:11.860Z",":updated_at":"2025-10-29T04:25:15.104Z","gtfs_stop_id":"L08","station_id":"120","complex_id":"120","division":"BMT","line":"Canarsie","stop_name":"Bedford Av","borough":"Bk","cbd":"false","daytime_routes":"L","structure":"Subway","gtfs_latitude":"40.717304","gtfs_longitude":"-73.956872","north_direction_label":"Manhattan","south_direction_label":"Outbound","ada":"1","ada_northbound":"1","ada_southbound":"1","ada_notes":null,":@computed_region_yamh_8v7k":"894",":@computed_region_wbg7_3whc":"889",":@computed_region_kjdx_g34t":"2090"}},
{"type":"Feature","geometry":{"type":"Point","coordinates":[-73.950275,40.714063]},"properties":{":id":"row-tt7q_j22k-vjnw",":version":"rv-b5as-ix5d_mijk",":created_at":"2025-10-29T04:25:11.860Z",":updated_at":"2025-10-29T04:25:15.104Z","gtfs_stop_id":"L10","station_id":"121","complex_id":"629","division":"BMT","line":"Canarsie","stop_name":"Lorimer St","borough":"Bk","cbd":"false","daytime_routes":"L","structure":"Subway","gtfs_latitude":"40.714063","gtfs_longitude":"-73.950275","north_direction_label":"Manhattan","south_direction_label":"Outbound","ada":"1","ada_northbound":"1","ada_southbound":"1","ada_notes":null,":@computed_region_yamh_8v7k":"894",":@computed_region_wbg7_3whc":"889",":@computed_region_kjdx_g34t":"2090"}},
{"type":"Feature","geometry":{"type":"Point","coordinates":[-73.944053,40.714565]},"properties":{":id":"row-peux~26dy.n2ac",":version":"rv-j2um_8cct_eac7",":created_at":"2025-10-29T04:25:11.860Z",":updated_at":"2025-10-29T04:25:15.104Z","gtfs_stop_id":"L11","station_id":"122","complex_id":"122","division":"BMT","line":"Canarsie","stop_name":"Graham Av","borough":"Bk","cbd":"false","daytime_routes":"L","structure":"Subway","gtfs_latitude":"40.714565","gtfs_longitude":"-73.944053","north_direction_label":"Manhattan","south_direction_label":"Outbound","ada":"0","ada_northbound":"0","ada_southbound":"0","ada_notes":null,":@computed_region_yamh_8v7k":"894",":@computed_region_wbg7_3whc":"889",":@computed_region_kjdx_g34t":"2090"}},
{"type":"Feature","geometry":{"type":"Point","coordinates":[-73.94067,40.711926]},"properties":{":id":"row-m5kr~4ktd~hw3i",":version":"rv-k7d2~ye3m~hdyr",":created_at":"2025-10-29T04:25:11.860Z",":updated_at":"2025-10-29T04:25:15.104Z","gtfs_stop_id":"L12","station_id":"123","complex_id":"123","division":"BMT","line":"Canarsie","stop_name":"Grand St","borough":"Bk","cbd":"false","daytime_routes":"L","structure":"Subway","gtfs_latitude":"40.711926","gtfs_longitude":"-73.94067","north_direction_label":"Manhattan","south_direction_label":"Outbound","ada":"1","ada_northbound":"1","ada_southbound":"1","ada_notes":null,":@computed_region_yamh_8v7k":"894",":@computed_region_wbg7_3whc":"889",":@computed_region_kjdx_g34t":"2090"}},
{"type":"Feature","geometry":{"type":"Point","coordinates":[-73.93985,40.707739]},"properties":{":id":"row-utcd~zsuq.nzh6",":version":"rv-99f6_2gjw.6qdc",":created_at":"2025-10-29T04:25:11.860Z",":updated_at":"2025-10-29T04:25:15.104Z","gtfs_stop_id":"L13","station_id":"124","complex_id":"124","division":"BMT","line":"Canarsie","stop_name":"Montrose Av","borough":"Bk","cbd":"false","daytime_routes":"L","structure":"Subway","gtfs_latitude":"40.707739","gtfs_longitude":"-73.93985","north_direction_label":"Manhattan","south_direction_label":"Outbound","ada":"0","ada_northbound":"0","ada_southbound":"0","ada_notes":null,":@computed_region_yamh_8v7k":"894",":@computed_region_wbg7_3whc":"884",":@computed_region_kjdx_g34t":"2090"}},
{"type":"Feature","geometry":{"type":"Point","coordinates":[-73.933147,40.706152]},"properties":{":id":"row-ij5x~z392_nbfs",":version":"rv-tmzq-9n58~pkjh",":created_at":"2025-10-29T04:25:11.860Z",":updated_at":"2025-10-29T04:25:15.104Z","gtfs_stop_id":"L14","station_id":"125","complex_id":"125","division":"BMT","line":"Canarsie","stop_name":"Morgan Av","borough":"Bk","cbd":"false","daytime_routes":"L","structure":"Subway","gtfs_latitude":"40.706152","gtfs_longitude":"-73.933147","north_direction_label":"Manhattan","south_direction_label":"Outbound","ada":"0","ada_northbound":"0","ada_southbound":"0","ada_notes":null,":@computed_region_yamh_8v7k":"894",":@computed_region_wbg7_3whc":"884",":@computed_region_kjdx_g34t":"2090"}},
{"type":"Feature","geometry":{"type":"Point","coordinates":[-73.922913,40.706607]},"properties":{":id":"row-f8yj.q753.4ps5",":version":"rv-jqwu-5ycn~ax9i",":created_at":"2025-10-29T04:25:11.860Z",":updated_at":"2025-10-29T04:25:15.104Z","gtfs_stop_id":"L15","station_id":"126","complex_id":"126","division":"BMT","line":"Canarsie","stop_name":"Jefferson St","borough":"Bk","cbd":"false","daytime_routes":"L","structure":"Subway","gtfs_latitude":"40.706607","gtfs_longitude":"-73.922913","north_direction_label":"Manhattan","south_direction_label":"Outbound","ada":"0","ada_northbound":"0","ada_southbound":"0","ada_notes":null,":@computed_region_yamh_8v7k":"894",":@computed_region_wbg7_3whc":"820",":@computed_region_kjdx_g34t":"2090"}},
{"type":"Feature","geometry":{"type":"Point","coordinates":[-73.918425,40.703811]},"properties":{":id":"row-5byr.5axw_khsv",":version":"rv-nrjh.tydt_ckty",":created_at":"2025-10-29T04:25:11.860Z",":updated_at":"2025-10-29T04:25:15.104Z","gtfs_stop_id":"L16","station_id":"127","complex_id":"127","division":"BMT","line":"Canarsie","stop_name":"DeKalb Av","borough":"Bk","cbd":"false","daytime_routes":"L","structure":"Subway","gtfs_latitude":"40.703811","gtfs_longitude":"-73.918425","north_direction_label":"Manhattan","south_direction_label":"Outbound","ada":"0","ada_northbound":"0","ada_southbound":"0","ada_notes":null,":@computed_region_yamh_8v7k":"894",":@computed_region_wbg7_3whc":"820",":@computed_region_kjdx_g34t":"2090"}},
{"type":"Feature","geometry":{"type":"Point","coordinates":[-73.911586,40.699814]},"properties":{":id":"row-rjst-mxu2.urn4",":version":"rv-5cgx.9gmi~qpbc",":created_at":"2025-10-29T04:25:11.860Z",":updated_at":"2025-10-29T04:25:15.104Z","gtfs_stop_id":"L17","station_id":"128","complex_id":"630","division":"BMT","line":"Canarsie","stop_name":"Myrtle-Wyckoff Avs","borough":"Bk","cbd":"false","daytime_routes":"L","structure":"Subway","gtfs_latitude":"40.699814","gtfs_longitude":"-73.911586","north_direction_label":"Manhattan","south_direction_label":"Outbound","ada":"1","ada_northbound":"1","ada_southbound":"1","ada_notes":null,":@computed_region_yamh_8v7k":"894",":@computed_region_wbg7_3whc":"820",":@computed_region_kjdx_g34t":"2090"}},
{"type":"Feature","geometry":{"type":"Point","coordinates":[-73.904084,40.695602]},"properties":{":id":"row-f4be~ibdb_rh2c",":version":"rv-jfi9-8p2b_739q",":created_at":"2025-10-29T04:25:11.860Z",":updated_at":"2025-10-29T04:25:15.104Z","gtfs_stop_id":"L19","station_id":"129","complex_id":"129","division":"BMT","line":"Canarsie","stop_name":"Halsey St","borough":"Q","cbd":"false","daytime_routes":"L","structure":"Subway","gtfs_latitude":"40.695602","gtfs_longitude":"-73.904084","north_direction_label":"Manhattan","south_direction_label":"Outbound","ada":"0","ada_northbound":"0","ada_southbound":"0","ada_notes":null,":@computed_region_yamh_8v7k":"196",":@computed_region_wbg7_3whc":"849",":@computed_region_kjdx_g34t":"2090"}},
{"type":"Feature","geometry":{"type":"Point","coordinates":[-73.904046,40.688764]},"properties":{":id":"row-y3x8_kwt9-iex9",":version":"rv-peyu_4k36-s7in",":created_at":"2025-10-29T04:25:11.860Z",":updated_at":"2025-10-29T04:25:15.104Z","gtfs_stop_id":"L20","station_id":"130","complex_id":"130","division":"BMT","line":"Canarsie","stop_name":"Wilson Av","borough":"Bk","cbd":"false","daytime_routes":"L","structure":"Subway","gtfs_latitude":"40.688764","gtfs_longitude":"-73.904046","north_direction_label":"Manhattan","south_direction_label":"Outbound","ada":"2","ada_northbound":"1","ada_southbound":"0","ada_notes":"Manhattan-bound only",":@computed_region_yamh_8v7k":"894",":@computed_region_wbg7_3whc":"885",":@computed_region_kjdx_g34t":"2090"}},
{"type":"Feature","geometry":{"type":"Point","coordinates":[-73.905249,40.682829]},"properties":{":id":"row-24ch.pw8v.thyc",":version":"rv-mhmx-fji9~5cwr",":created_at":"2025-10-29T04:25:11.860Z",":updated_at":"2025-10-29T04:25:15.104Z","gtfs_stop_id":"L21","station_id":"131","complex_id":"131","division":"BMT","line":"Canarsie","stop_name":"Bushwick Av-Aberdeen St","borough":"Bk","cbd":"false","daytime_routes":"L","structure":"Subway","gtfs_latitude":"40.682829","gtfs_longitude":"-73.905249","north_direction_label":"Manhattan","south_direction_label":"Outbound","ada":"0","ada_northbound":"0","ada_southbound":"0","ada_notes":null,":@computed_region_yamh_8v7k":"894",":@computed_region_wbg7_3whc":"885",":@computed_region_kjdx_g34t":"2090"}},
{"type":"Feature","geometry":{"type":"Point","coordinates":[-73.90324,40.678856]},"properties":{":id":"row-fex6.v29x.xzy8",":version":"rv-945a_kvam.2b4i",":created_at":"2025-10-29T04:25:11.860Z",":updated_at":"2025-10-29T04:25:15.104Z","gtfs_stop_id":"L22","station_id":"132","complex_id":"621","division":"BMT","line":"Canarsie","stop_name":"Broadway Junction","borough":"Bk","cbd":"false","daytime_routes":"L","structure":"Elevated","gtfs_latitude":"40.678856","gtfs_longitude":"-73.90324","north_direction_label":"Manhattan","south_direction_label":"Outbound","ada":"0","ada_northbound":"0","ada_southbound":"0","ada_notes":null,":@computed_region_yamh_8v7k":"894",":@computed_region_wbg7_3whc":"885",":@computed_region_kjdx_g34t":"2090"}},
{"type":"Feature","geometry":{"type":"Point","coordinates":[-73.903097,40.675345]},"properties":{":id":"row-ftb4.4hte~nca9",":version":"rv-exz2.xyr8~fzfg",":created_at":"2025-10-29T04:25:11.860Z",":updated_at":"2025-10-29T04:25:15.104Z","gtfs_stop_id":"L24","station_id":"133","complex_id":"133","division":"BMT","line":"Canarsie","stop_name":"Atlantic Av","borough":"Bk","cbd":"false","daytime_routes":"L","structure":"Elevated","gtfs_latitude":"40.675345","gtfs_longitude":"-73.903097","north_direction_label":"Manhattan","south_direction_label":"Canarsie","ada":"0","ada_northbound":"0","ada_southbound":"0","ada_notes":null,":@computed_region_yamh_8v7k":"894",":@computed_region_wbg7_3whc":"885",":@computed_region_kjdx_g34t":"2090"}},
{"type":"Feature","geometry":{"type":"Point","coordinates":[-73.901975,40.669367]},"properties":{":id":"row-65sk-vdsp_6wgx",":version":"rv-agdj.swqv-xfjs",":created_at":"2025-10-29T04:25:11.860Z",":updated_at":"2025-10-29T04:25:15.104Z","gtfs_stop_id":"L25","station_id":"134","complex_id":"134","division":"BMT","line":"Canarsie","stop_name":"Sutter Av","borough":"Bk","cbd":"false","daytime_routes":"L","structure":"Elevated","gtfs_latitude":"40.669367","gtfs_longitude":"-73.901975","north_direction_label":"Manhattan","south_direction_label":"Canarsie","ada":"0","ada_northbound":"0","ada_southbound":"0","ada_notes":null,":@computed_region_yamh_8v7k":"894",":@computed_region_wbg7_3whc":"890",":@computed_region_kjdx_g34t":"2090"}},
{"type":"Feature","geometry":{"type":"Point","coordinates":[-73.900571,40.664038]},"properties":{":id":"row-nceb~jwc9_g6yx",":version":"rv-8k6a~8pdn~whuz",":created_at":"2025-10-29T04:25:11.860Z",":updated_at":"2025-10-29T04:25:15.104Z","gtfs_stop_id":"L26","station_id":"135","complex_id":"135","division":"BMT","line":"Canarsie","stop_name":"Livonia Av","borough":"Bk","cbd":"false","daytime_routes":"L","structure":"Elevated","gtfs_latitude":"40.664038","gtfs_longitude":"-73.900571","north_direction_label":"Manhattan","south_direction_label":"Canarsie","ada":"1","ada_northbound":"1","ada_southbound":"1","ada_notes":null,":@computed_region_yamh_8v7k":"894",":@computed_region_wbg7_3whc":"890",":@computed_region_kjdx_g34t":"2090"}},
{"type":"Feature","geometry":{"type":"Point","coordinates":[-73.899232,40.658733]},"properties":{":id":"row-8g9p~3rgz_zwq9",":version":"rv-rj3v~pfa3~e5af",":created_at":"2025-10-29T04:25:11.860Z",":updated_at":"2025-10-29T04:25:15.104Z","gtfs_stop_id":"L27","station_id":"136","complex_id":"136","division":"BMT","line":"Canarsie","stop_name":"New Lots Av","borough":"Bk","cbd":"false","daytime_routes":"L","structure":"Elevated","gtfs_latitude":"40.658733","gtfs_longitude":"-73.899232","north_direction_label":"Manhattan","south_direction_label":"Canarsie","ada":"0","ada_northbound":"0","ada_southbound":"0","ada_notes":null,":@computed_region_yamh_8v7k":"894",":@computed_region_wbg7_3whc":"885",":@computed_region_kjdx_g34t":"2090"}},
{"type":"Feature","geometry":{"type":"Point","coordinates":[-73.899485,40.650573]},"properties":{":id":"row-vsq6.8yza.9ep4",":version":"rv-fg9b-6h5t_famt",":created_at":"2025-10-29T04:25:11.860Z",":updated_at":"2025-10-29T04:25:15.104Z","gtfs_stop_id":"L28","station_id":"137","complex_id":"137","division":"BMT","line":"Canarsie","stop_name":"East 105 St","borough":"Bk","cbd":"false","daytime_routes":"L","structure":"At Grade","gtfs_latitude":"40.650573","gtfs_longitude":"-73.899485","north_direction_label":"Manhattan","south_direction_label":"Canarsie","ada":"0","ada_northbound":"0","ada_southbound":"0","ada_notes":null,":@computed_region_yamh_8v7k":"894",":@computed_region_wbg7_3whc":"819",":@computed_region_kjdx_g34t":"2090"}},
{"type":"Feature","geometry":{"type":"Point","coordinates":[-73.90185,40.646654]},"properties":{":id":"row-hvn6.6i2r~bsn5",":version":"rv-3n6n-vynq~uv5e",":created_at":"2025-10-29T04:25:11.860Z",":updated_at":"2025-10-29T04:25:15.104Z","gtfs_stop_id":"L29","station_id":"138","complex_id":"138","division":"BMT","line":"Canarsie","stop_name":"Canarsie-Rockaway Pkwy","borough":"Bk","cbd":"false","daytime_routes":"L","structure":"At Grade","gtfs_latitude":"40.646654","gtfs_longitude":"-73.90185","north_direction_label":"Manhattan","south_direction_label":"Last Stop","ada":"1","ada_northbound":"1","ada_southbound":"1","ada_notes":null,":@computed_region_yamh_8v7k":"894",":@computed_region_wbg7_3whc":"819",":@computed_region_kjdx_g34t":"2090"}},
{"type":"Feature","geometry":{"type":"Point","coordinates":[-73.955827,40.680596]},"properties":{":id":"row-8mak~f88f.c94a",":version":"rv-j37k.6ujq-a4z9",":created_at":"2025-10-29T04:25:11.860Z",":updated_at":"2025-10-29T04:25:15.104Z","gtfs_stop_id":"S01","station_id":"139","complex_id":"627","division":"BMT","line":"Franklin Shuttle","stop_name":"Franklin Av","borough":"Bk","cbd":"false","daytime_routes":"S","structure":"Elevated","gtfs_latitude":"40.680596","gtfs_longitude":"-73.955827","north_direction_label":"Last Stop","south_direction_label":"Prospect Park","ada":"1","ada_northbound":"1","ada_southbound":"1","ada_notes":null,":@computed_region_yamh_8v7k":"894",":@computed_region_wbg7_3whc":"821",":@computed_region_kjdx_g34t":"2090"}},
{"type":"Feature","geometry":{"type":"Point","coordinates":[-73.957624,40.674772]},"properties":{":id":"row-9xus-qfm6-8cbi",":version":"rv-vnqr_gbca.kdht",":created_at":"2025-10-29T04:25:11.860Z",":updated_at":"2025-10-29T04:25:15.104Z","gtfs_stop_id":"S03","station_id":"141","complex_id":"141","division":"BMT","line":"Franklin Shuttle","stop_name":"Park Pl","borough":"Bk","cbd":"false","daytime_routes":"S","structure":"Open Cut","gtfs_latitude":"40.674772","gtfs_longitude":"-73.957624","north_direction_label":"Franklin Av","south_direction_label":"Prospect Park","ada":"1","ada_northbound":"1","ada_southbound":"1","ada_notes":null,":@computed_region_yamh_8v7k":"894",":@computed_region_wbg7_3whc":"821",":@computed_region_kjdx_g34t":"2090"}},
{"type":"Feature","geometry":{"type":"Point","coordinates":[-73.959245,40.670343]},"properties":{":id":"row-6uyu-2x8n_94bt",":version":"rv-wcux-3eug_ps6v",":created_at":"2025-10-29T04:25:11.860Z",":updated_at":"2025-10-29T04:25:15.104Z","gtfs_stop_id":"S04","station_id":"142","complex_id":"626","division":"BMT","line":"Franklin Shuttle","stop_name":"Botanic Garden","borough":"Bk","cbd":"false","daytime_routes":"S","structure":"Open Cut","gtfs_latitude":"40.670343","gtfs_longitude":"-73.959245","north_direction_label":"Franklin Av","south_direction_label":"Prospect Park","ada":"0","ada_northbound":"0","ada_southbound":"0","ada_notes":null,":@computed_region_yamh_8v7k":"894",":@computed_region_wbg7_3whc":"809",":@computed_region_kjdx_g34t":"2090"}},
{"type":"Feature","geometry":{"type":"Point","coordinates":[-73.919899,40.868072]},"properties":{":id":"row-w5nc~bj8j~rw2t",":version":"rv-ntvp~dw8k_venc",":created_at":"2025-10-29T04:25:11.860Z",":updated_at":"2025-10-29T04:25:15.104Z","gtfs_stop_id":"A02","station_id":"143","complex_id":"143","division":"IND","line":"8th Av - Fulton St","stop_name":"Inwood-207 St","borough":"M","cbd":"false","daytime_routes":"A","structure":"Subway","gtfs_latitude":"40.868072","gtfs_longitude":"-73.919899","north_direction_label":"Last Stop","south_direction_label":"Downtown","ada":"1","ada_northbound":"1","ada_southbound":"1","ada_notes":null,":@computed_region_yamh_8v7k":"749",":@computed_region_wbg7_3whc":"793",":@computed_region_kjdx_g34t":"2095"}},
{"type":"Feature","geometry":{"type":"Point","coordinates":[-73.927271,40.865491]},"properties":{":id":"row-d3m5_m963~s3dn",":version":"rv-q2hk~mfam-qj9r",":created_at":"2025-10-29T04:25:11.860Z",":updated_at":"2025-10-29T04:25:15.104Z","gtfs_stop_id":"A03","station_id":"144","complex_id":"144","division":"IND","line":"8th Av - Fulton St","stop_name":"Dyckman St","borough":"M","cbd":"false","daytime_routes":"A","structure":"Subway","gtfs_latitude":"40.865491","gtfs_longitude":"-73.927271","north_direction_label":"Uptown","south_direction_label":"Downtown","ada":"0","ada_northbound":"0","ada_southbound":"0","ada_notes":null,":@computed_region_yamh_8v7k":"749",":@computed_region_wbg7_3whc":"793",":@computed_region_kjdx_g34t":"2095"}},
{"type":"Feature","geometry":{"type":"Point","coordinates":[-73.93418,40.859022]},"properties":{":id":"row-mard_c5hf_hcc8",":version":"rv-j9wm_qnhn_sxm6",":created_at":"2025-10-29T04:25:11.860Z",":updated_at":"2025-10-29T04:25:15.104Z","gtfs_stop_id":"A05","station_id":"145","complex_id":"145","division":"IND","line":"8th Av - Fulton St","stop_name":"190 St","borough":"M","cbd":"false","daytime_routes":"A","structure":"Subway","gtfs_latitude":"40.859022","gtfs_longitude":"-73.93418","north_direction_label":"Uptown","south_direction_label":"Downtown","ada":"0","ada_northbound":"0","ada_southbound":"0","ada_notes":null,":@computed_region_yamh_8v7k":"749",":@computed_region_wbg7_3whc":"799",":@computed_region_kjdx_g34t":"2095"}},
{"type":"Feature","geometry":{"type":"Point","coordinates":[-73.937969,40.851695]},"properties":{":id":"row-nqn6.vdak~7ixv",":version":"rv-znsh~yk2z~m2gz",":created_at":"2025-10-29T04:25:11.860Z",":updated_at":"2025-10-29T04:25:15.104Z","gtfs_stop_id":"A06","station_id":"146","complex_id":"146","division":"IND","line":"8th Av - Fulton St","stop_name":"181 St","borough":"M","cbd":"false","daytime_routes":"A","structure":"Subway","gtfs_latitude":"40.851695","gtfs_longitude":"-73.937969","north_direction_label":"Uptown","south_direction_label":"Downtown","ada":"1","ada_northbound":"1","ada_southbound":"1","ada_notes":null,":@computed_region_yamh_8v7k":"749",":@computed_region_wbg7_3whc":"792",":@computed_region_kjdx_g34t":"2095"}},
{"type":"Feature","geometry":{"type":"Point","coordinates":[-73.939704,40.847391]},"properties":{":id":"row-a45u~7s55~rjus",":version":"rv-hfmx-rx8m~dj2s",":created_at":"2025-10-29T04:25:11.860Z",":updated_at":"2025-10-29T04:25:15.104Z","gtfs_stop_id":"A07","station_id":"147","complex_id":"147","division":"IND","line":"8th Av - Fulton St","stop_name":"175 St","borough":"M","cbd":"false","daytime_routes":"A","structure":"Subway","gtfs_latitude":"40.847391","gtfs_longitude":"-73.939704","north_direction_label":"Uptown","south_direction_label":"Downtown","ada":"1","ada_northbound":"1","ada_southbound":"1","ada_notes":null,":@computed_region_yamh_8v7k":"749",":@computed_region_wbg7_3whc":"792",":@computed_region_kjdx_g34t":"2095"}},
{"type":"Feature","geometry":{"type":"Point","coordinates":[-73.939561,40.840719]},"properties":{":id":"row-87rz.cp8q.pffz",":version":"rv-3emw.68ey.3mwy",":created_at":"2025-10-29T04:25:11.860Z",":updated_at":"2025-10-29T04:25:15.104Z","gtfs_stop_id":"A09","station_id":"148","complex_id":"605","division":"IND","line":"8th Av - Fulton St","stop_name":"168 St","borough":"M","cbd":"false","daytime_routes":"A C","structure":"Subway","gtfs_latitude":"40.840719","gtfs_longitude":"-73.939561","north_direction_label":"Uptown","south_direction_label":"Downtown","ada":"1","ada_northbound":"1","ada_southbound":"1","ada_notes":null,":@computed_region_yamh_8v7k":"749",":@computed_region_wbg7_3whc":"791",":@computed_region_kjdx_g34t":"2095"}},
{"type":"Feature","geometry":{"type":"Point","coordinates":[-73.939892,40.836013]},"properties":{":id":"row-n3z7-wgek~vwgt",":version":"rv-z6kc.x9pk.57yj",":created_at":"2025-10-29T04:25:11.860Z",":updated_at":"2025-10-29T04:25:15.104Z","gtfs_stop_id":"A10","station_id":"149","complex_id":"149","division":"IND","line":"8th Av - Fulton St","stop_name":"163 St-Amsterdam Av","borough":"M","cbd":"false","daytime_routes":"C","structure":"Subway","gtfs_latitude":"40.836013","gtfs_longitude":"-73.939892","north_direction_label":"Uptown","south_direction_label":"Downtown","ada":"0","ada_northbound":"0","ada_southbound":"0","ada_notes":null,":@computed_region_yamh_8v7k":"749",":@computed_region_wbg7_3whc":"791",":@computed_region_kjdx_g34t":"2095"}},
{"type":"Feature","geometry":{"type":"Point","coordinates":[-73.941514,40.830518]},"properties":{":id":"row-ig6i_j9eb-j8jz",":version":"rv-q9yj~8dez.w3vr",":created_at":"2025-10-29T04:25:11.860Z",":updated_at":"2025-10-29T04:25:15.104Z","gtfs_stop_id":"A11","station_id":"150","complex_id":"150","division":"IND","line":"8th Av - Fulton St","stop_name":"155 St","borough":"M","cbd":"false","daytime_routes":"C","structure":"Subway","gtfs_latitude":"40.830518","gtfs_longitude":"-73.941514","north_direction_label":"Uptown","south_direction_label":"Downtown","ada":"0","ada_northbound":"0","ada_southbound":"0","ada_notes":null,":@computed_region_yamh_8v7k":"749",":@computed_region_wbg7_3whc":"791",":@computed_region_kjdx_g34t":"2095"}},
{"type":"Feature","geometry":{"type":"Point","coordinates":[-73.944216,40.824783]},"properties":{":id":"row-jbcr~6j3j~hiq5",":version":"rv-yd5m_wnz4_sa8b",":created_at":"2025-10-29T04:25:11.860Z",":updated_at":"2025-10-29T04:25:15.104Z","gtfs_stop_id":"A12","station_id":"151","complex_id":"151","division":"IND","line":"8th Av - Fulton St","stop_name":"145 St","borough":"M","cbd":"false","daytime_routes":"A C","structure":"Subway","gtfs_latitude":"40.824783","gtfs_longitude":"-73.944216","north_direction_label":"Uptown","south_direction_label":"Downtown","ada":"0","ada_northbound":"0","ada_southbound":"0","ada_notes":null,":@computed_region_yamh_8v7k":"749",":@computed_region_wbg7_3whc":"758",":@computed_region_kjdx_g34t":"2095"}},
{"type":"Feature","geometry":{"type":"Point","coordinates":[-73.944216,40.824783]},"properties":{":id":"row-v3q4~rkun.ydxu",":version":"rv-xiq2_xkn4_3khy",":created_at":"2025-10-29T04:25:11.860Z",":updated_at":"2025-10-29T04:25:15.104Z","gtfs_stop_id":"D13","station_id":"151","complex_id":"151","division":"IND","line":"Concourse","stop_name":"145 St","borough":"M","cbd":"false","daytime_routes":"B D","structure":"Subway","gtfs_latitude":"40.824783","gtfs_longitude":"-73.944216","north_direction_label":"Uptown","south_direction_label":"Downtown","ada":"0","ada_northbound":"0","ada_southbound":"0","ada_notes":null,":@computed_region_yamh_8v7k":"749",":@computed_region_wbg7_3whc":"758",":@computed_region_kjdx_g34t":"2095"}},
{"type":"Feature","geometry":{"type":"Point","coordinates":[-73.947649,40.817894]},"properties":{":id":"row-mhqs.nknr~53h5",":version":"rv-mkf4-42z2~aiha",":created_at":"2025-10-29T04:25:11.860Z",":updated_at":"2025-10-29T04:25:15.104Z","gtfs_stop_id":"A14","station_id":"152","complex_id":"152","division":"IND","line":"8th Av - Fulton St","stop_name":"135 St","borough":"M","cbd":"false","daytime_routes":"C B","structure":"Subway","gtfs_latitude":"40.817894","gtfs_longitude":"-73.947649","north_direction_label":"Uptown","south_direction_label":"Downtown","ada":"0","ada_northbound":"0","ada_southbound":"0","ada_notes":null,":@computed_region_yamh_8v7k":"749",":@computed_region_wbg7_3whc":"757",":@computed_region_kjdx_g34t":"2095"}},
{"type":"Feature","geometry":{"type":"Point","coordinates":[-73.952343,40.811109]},"properties":{":id":"row-cbhq.yz8w.dsjq",":version":"rv-e9j5_3ead.9hx9",":created_at":"2025-10-29T04:25:11.860Z",":updated_at":"2025-10-29T04:25:15.104Z","gtfs_stop_id":"A15","station_id":"153","complex_id":"153","division":"IND","line":"8th Av - Fulton St","stop_name":"125 St","borough":"M","cbd":"false","daytime_routes":"A C B D","structure":"Subway","gtfs_latitude":"40.811109","gtfs_longitude":"-73.952343","north_direction_label":"Uptown","south_direction_label":"Downtown","ada":"1","ada_northbound":"1","ada_southbound":"1","ada_notes":null,":@computed_region_yamh_8v7k":"749",":@computed_region_wbg7_3whc":"754",":@computed_region_kjdx_g34t":"2095"}},
{"type":"Feature","geometry":{"type":"Point","coordinates":[-73.954882,40.805085]},"properties":{":id":"row-y5s6.dzu3~5d2z",":version":"rv-366t-75cz.idib",":created_at":"2025-10-29T04:25:11.860Z",":updated_at":"2025-10-29T04:25:15.104Z","gtfs_stop_id":"A16","station_id":"154","complex_id":"154","division":"IND","line":"8th Av - Fulton St","stop_name":"116 St","borough":"M","cbd":"false","daytime_routes":"C B","structure":"Subway","gtfs_latitude":"40.805085","gtfs_longitude":"-73.954882","north_direction_label":"Uptown","south_direction_label":"Downtown","ada":"0","ada_northbound":"0","ada_southbound":"0","ada_notes":null,":@computed_region_yamh_8v7k":"749",":@computed_region_wbg7_3whc":"753",":@computed_region_kjdx_g34t":"2095"}},
{"type":"Feature","geometry":{"type":"Point","coordinates":[-73.958161,40.800603]},"properties":{":id":"row-gcyy.zieh.32kb",":version":"rv-ezm2_vxw4_hp8h",":created_at":"2025-10-29T04:25:11.860Z",":updated_at":"2025-10-29T04:25:15.104Z","gtfs_stop_id":"A17","station_id":"155","complex_id":"155","division":"IND","line":"8th Av - Fulton St","stop_name":"Cathedral Pkwy (110 St)","borough":"M","cbd":"false","daytime_routes":"C B","structure":"Subway","gtfs_latitude":"40.800603","gtfs_longitude":"-73.958161","north_direction_label":"Uptown","south_direction_label":"Downtown","ada":"0","ada_northbound":"0","ada_southbound":"0","ada_notes":null,":@computed_region_yamh_8v7k":"749",":@computed_region_wbg7_3whc":"753",":@computed_region_kjdx_g34t":"2095"}},
{"type":"Feature","geometry":{"type":"Point","coordinates":[-73.961454,40.796092]},"properties":{":id":"row-fma6.j7zv~i2mq",":version":"rv-j9rt~gfzp~3bpm",":created_at":"2025-10-29T04:25:11.860Z",":updated_at":"2025-10-29T04:25:15.104Z","gtfs_stop_id":"A18","station_id":"156","complex_id":"156","division":"IND","line":"8th Av - Fulton St","stop_name":"103 St","borough":"M","cbd":"false","daytime_routes":"C B","structure":"Subway","gtfs_latitude":"40.796092","gtfs_longitude":"-73.961454","north_direction_label":"Uptown","south_direction_label":"Downtown","ada":"0","ada_northbound":"0","ada_southbound":"0","ada_notes":null,":@computed_region_yamh_8v7k":"749",":@computed_region_wbg7_3whc":null,":@computed_region_kjdx_g34t":"2095"}},
{"type":"Feature","geometry":{"type":"Point","coordinates":[-73.964696,40.791642]},"properties":{":id":"row-5ryi-nji8_3jg2",":version":"rv-p85y.64r7~g6kb",":created_at":"2025-10-29T04:25:11.860Z",":updated_at":"2025-10-29T04:25:15.104Z","gtfs_stop_id":"A19","station_id":"157","complex_id":"157","division":"IND","line":"8th Av - Fulton St","stop_name":"96 St","borough":"M","cbd":"false","daytime_routes":"C B","structure":"Subway","gtfs_latitude":"40.791642","gtfs_longitude":"-73.964696","north_direction_label":"Uptown","south_direction_label":"Downtown","ada":"0","ada_northbound":"0","ada_southbound":"0","ada_notes":null,":@computed_region_yamh_8v7k":"749",":@computed_region_wbg7_3whc":null,":@computed_region_kjdx_g34t":"2095"}},
{"type":"Feature","geometry":{"type":"Point","coordinates":[-73.968916,40.785868]},"properties":{":id":"row-imqy-c83p~3eff",":version":"rv-ibdc_kkki_t2ck",":created_at":"2025-10-29T04:25:11.860Z",":updated_at":"2025-10-29T04:25:15.104Z","gtfs_stop_id":"A20","station_id":"158","complex_id":"158","division":"IND","line":"8th Av - Fulton St","stop_name":"86 St","borough":"M","cbd":"false","daytime_routes":"C B","structure":"Subway","gtfs_latitude":"40.785868","gtfs_longitude":"-73.968916","north_direction_label":"Uptown","south_direction_label":"Downtown","ada":"0","ada_northbound":"0","ada_southbound":"0","ada_notes":null,":@computed_region_yamh_8v7k":"749",":@computed_region_wbg7_3whc":null,":@computed_region_kjdx_g34t":"2095"}},
{"type":"Feature","geometry":{"type":"Point","coordinates":[-73.972143,40.781433]},"properties":{":id":"row-qfdb~qi3j~dtsn",":version":"rv-434m_c4wh~u9ee",":created_at":"2025-10-29T04:25:11.860Z",":updated_at":"2025-10-29T04:25:15.104Z","gtfs_stop_id":"A21","station_id":"159","complex_id":"159","division":"IND","line":"8th Av - Fulton St","stop_name":"81 St-Museum of Natural History","borough":"M","cbd":"false","daytime_routes":"C B","structure":"Subway","gtfs_latitude":"40.781433","gtfs_longitude":"-73.972143","north_direction_label":"Uptown","south_direction_label":"Downtown","ada":"0","ada_northbound":"0","ada_southbound":"0","ada_notes":null,":@computed_region_yamh_8v7k":"749",":@computed_region_wbg7_3whc":null,":@computed_region_kjdx_g34t":"2095"}},
{"type":"Feature","geometry":{"type":"Point","coordinates":[-73.97641,40.775594]},"properties":{":id":"row-rqpm-frwt_acjp",":version":"rv-3gdc-vwrn.8tkr",":created_at":"2025-10-29T04:25:11.860Z",":updated_at":"2025-10-29T04:25:15.104Z","gtfs_stop_id":"A22","station_id":"160","complex_id":"160","division":"IND","line":"8th Av - Fulton St","stop_name":"72 St","borough":"M","cbd":"false","daytime_routes":"C B","structure":"Subway","gtfs_latitude":"40.775594","gtfs_longitude":"-73.97641","north_direction_label":"Uptown","south_direction_label":"Downtown","ada":"0","ada_northbound":"0","ada_southbound":"0","ada_notes":null,":@computed_region_yamh_8v7k":"749",":@computed_region_wbg7_3whc":null,":@computed_region_kjdx_g34t":"2095"}},
{"type":"Feature","geometry":{"type":"Point","coordinates":[-73.981736,40.768296]},"properties":{":id":"row-ywj6_3r9y~j2gf",":version":"rv-5z5v~2c42_hbwu",":created_at":"2025-10-29T04:25:11.860Z",":updated_at":"2025-10-29T04:25:15.104Z","gtfs_stop_id":"A24","station_id":"161","complex_id":"614","division":"IND","line":"8th Av - Fulton St","stop_name":"59 St-Columbus Circle","borough":"M","cbd":"true","daytime_routes":"A C B D","structure":"Subway","gtfs_latitude":"40.768296","gtfs_longitude":"-73.981736","north_direction_label":"Uptown","south_direction_label":"Downtown","ada":"1","ada_northbound":"1","ada_southbound":"1","ada_notes":null,":@computed_region_yamh_8v7k":"749",":@computed_region_wbg7_3whc":null,":@computed_region_kjdx_g34t":"2095"}},
{"type":"Feature","geometry":{"type":"Point","coordinates":[-73.985984,40.762456]},"properties":{":id":"row-6r74.tqzk.vi3h",":version":"rv-ic78~n8xs~ca8c",":created_at":"2025-10-29T04:25:11.860Z",":updated_at":"2025-10-29T04:25:15.104Z","gtfs_stop_id":"A25","station_id":"162","complex_id":"162","division":"IND","line":"8th Av - Fulton St","stop_name":"50 St","borough":"M","cbd":"true","daytime_routes":"C E","structure":"Subway","gtfs_latitude":"40.762456","gtfs_longitude":"-73.985984","north_direction_label":"Uptown","south_direction_label":"Downtown","ada":"2","ada_northbound":"0","ada_southbound":"1","ada_notes":"Downtown only",":@computed_region_yamh_8v7k":"749",":@computed_region_wbg7_3whc":"742",":@computed_region_kjdx_g34t":"2095"}},
{"type":"Feature","geometry":{"type":"Point","coordinates":[-73.989735,40.757308]},"properties":{":id":"row-tmmc~zk2t.ke3b",":version":"rv-xixn_evne_f7d3",":created_at":"2025-10-29T04:25:11.860Z",":updated_at":"2025-10-29T04:25:15.104Z","gtfs_stop_id":"A27","station_id":"163","complex_id":"611","division":"IND","line":"8th Av - Fulton St","stop_name":"42 St-Port Authority Bus Terminal","borough":"M","cbd":"true","daytime_routes":"A C E","structure":"Subway","gtfs_latitude":"40.757308","gtfs_longitude":"-73.989735","north_direction_label":"Uptown","south_direction_label":"Downtown","ada":"1","ada_northbound":"1","ada_southbound":"1","ada_notes":null,":@computed_region_yamh_8v7k":"749",":@computed_region_wbg7_3whc":"795",":@computed_region_kjdx_g34t":"2095"}},
{"type":"Feature","geometry":{"type":"Point","coordinates":[-73.993391,40.752287]},"properties":{":id":"row-zym6_tau4_67r7",":version":"rv-erzm.9sd6_b6gz",":created_at":"2025-10-29T04:25:11.860Z",":updated_at":"2025-10-29T04:25:15.104Z","gtfs_stop_id":"A28","station_id":"164","complex_id":"164","division":"IND","line":"8th Av - Fulton St","stop_name":"34 St-Penn Station","borough":"M","cbd":"true","daytime_routes":"A C E","structure":"Subway","gtfs_latitude":"40.752287","gtfs_longitude":"-73.993391","north_direction_label":"Uptown","south_direction_label":"Downtown","ada":"1","ada_northbound":"1","ada_southbound":"1","ada_notes":null,":@computed_region_yamh_8v7k":"749",":@computed_region_wbg7_3whc":"717",":@computed_region_kjdx_g34t":"2095"}},
{"type":"Feature","geometry":{"type":"Point","coordinates":[-73.998041,40.745906]},"properties":{":id":"row-y343_y24a-5ebd",":version":"rv-23mu.586k.v7b5",":created_at":"2025-10-29T04:25:11.860Z",":updated_at":"2025-10-29T04:25:15.104Z","gtfs_stop_id":"A30","station_id":"165","complex_id":"165","division":"IND","line":"8th Av - Fulton St","stop_name":"23 St","borough":"M","cbd":"true","daytime_routes":"C E","structure":"Subway","gtfs_latitude":"40.745906","gtfs_longitude":"-73.998041","north_direction_label":"Uptown","south_direction_label":"Downtown","ada":"0","ada_northbound":"0","ada_southbound":"0","ada_notes":null,":@computed_region_yamh_8v7k":"749",":@computed_region_wbg7_3whc":"735",":@computed_region_kjdx_g34t":"2095"}},
{"type":"Feature","geometry":{"type":"Point","coordinates":[-74.00169,40.740893]},"properties":{":id":"row-5znu~fee3~bede",":version":"rv-kjcd.qv99.r9ww",":created_at":"2025-10-29T04:25:11.860Z",":updated_at":"2025-10-29T04:25:15.104Z","gtfs_stop_id":"A31","station_id":"166","complex_id":"618","division":"IND","line":"8th Av - Fulton St","stop_name":"14 St","borough":"M","cbd":"true","daytime_routes":"A C E","structure":"Subway","gtfs_latitude":"40.740893","gtfs_longitude":"-74.00169","north_direction_label":"Uptown","south_direction_label":"Downtown","ada":"1","ada_northbound":"1","ada_southbound":"1","ada_notes":null,":@computed_region_yamh_8v7k":"749",":@computed_region_wbg7_3whc":"735",":@computed_region_kjdx_g34t":"2095"}},
{"type":"Feature","geometry":{"type":"Point","coordinates":[-74.000495,40.732338]},"properties":{":id":"row-qj57~itf7-nxau",":version":"rv-mgpv_bsc9_xxru",":created_at":"2025-10-29T04:25:11.860Z",":updated_at":"2025-10-29T04:25:15.104Z","gtfs_stop_id":"A32","station_id":"167","complex_id":"167","division":"IND","line":"8th Av - Fulton St","stop_name":"W 4 St-Wash Sq","borough":"M","cbd":"true","daytime_routes":"A C E","structure":"Subway","gtfs_latitude":"40.732338","gtfs_longitude":"-74.000495","north_direction_label":"Uptown","south_direction_label":"Downtown","ada":"1","ada_northbound":"1","ada_southbound":"1","ada_notes":null,":@computed_region_yamh_8v7k":"749",":@computed_region_wbg7_3whc":"735",":@computed_region_kjdx_g34t":"2095"}},
{"type":"Feature","geometry":{"type":"Point","coordinates":[-74.000495,40.732338]},"properties":{":id":"row-jzx5_p28w~pzs6",":version":"rv-5mmm_p6p9_nub4",":created_at":"2025-10-29T04:25:11.860Z",":updated_at":"2025-10-29T04:25:15.104Z","gtfs_stop_id":"D20","station_id":"167","complex_id":"167","division":"IND","line":"6th Av - Culver","stop_name":"W 4 St-Wash Sq","borough":"M","cbd":"true","daytime_routes":"B D F M","structure":"Subway","gtfs_latitude":"40.732338","gtfs_longitude":"-74.000495","north_direction_label":"Uptown","south_direction_label":"Downtown","ada":"1","ada_northbound":"1","ada_southbound":"1","ada_notes":null,":@computed_region_yamh_8v7k":"749",":@computed_region_wbg7_3whc":"735",":@computed_region_kjdx_g34t":"2095"}},
{"type":"Feature","geometry":{"type":"Point","coordinates":[-74.003739,40.726227]},"properties":{":id":"row-36mg_hxsy~h4u5",":version":"rv-vwci.ajh7_sz2n",":created_at":"2025-10-29T04:25:11.860Z",":updated_at":"2025-10-29T04:25:15.104Z","gtfs_stop_id":"A33","station_id":"168","complex_id":"168","division":"IND","line":"8th Av - Fulton St","stop_name":"Spring St","borough":"M","cbd":"true","daytime_routes":"C E","structure":"Subway","gtfs_latitude":"40.726227","gtfs_longitude":"-74.003739","north_direction_label":"Uptown","south_direction_label":"Downtown","ada":"0","ada_northbound":"0","ada_southbound":"0","ada_notes":null,":@computed_region_yamh_8v7k":"749",":@computed_region_wbg7_3whc":"736",":@computed_region_kjdx_g34t":"2095"}},
{"type":"Feature","geometry":{"type":"Point","coordinates":[-74.005229,40.720824]},"properties":{":id":"row-vens-fbjm~qn7y",":version":"rv-bjx9-3bte~6pz6",":created_at":"2025-10-29T04:25:11.860Z",":updated_at":"2025-10-29T04:25:15.104Z","gtfs_stop_id":"A34","station_id":"169","complex_id":"169","division":"IND","line":"8th Av - Fulton St","stop_name":"Canal St","borough":"M","cbd":"true","daytime_routes":"A C E","structure":"Subway","gtfs_latitude":"40.720824","gtfs_longitude":"-74.005229","north_direction_label":"Uptown","south_direction_label":"Downtown","ada":"0","ada_northbound":"0","ada_southbound":"0","ada_notes":null,":@computed_region_yamh_8v7k":"749",":@computed_region_wbg7_3whc":"737",":@computed_region_kjdx_g34t":"2095"}},
{"type":"Feature","geometry":{"type":"Point","coordinates":[-74.008585,40.714111]},"properties":{":id":"row-xvgq-b2bd.8scv",":version":"rv-f29h.gmms-36m7",":created_at":"2025-10-29T04:25:11.860Z",":updated_at":"2025-10-29T04:25:15.104Z","gtfs_stop_id":"A36","station_id":"170","complex_id":"624","division":"IND","line":"8th Av - Fulton St","stop_name":"Chambers St","borough":"M","cbd":"true","daytime_routes":"A C","structure":"Subway","gtfs_latitude":"40.714111","gtfs_longitude":"-74.008585","north_direction_label":"Uptown","south_direction_label":"Brooklyn","ada":"0","ada_northbound":"0","ada_southbound":"0","ada_notes":null,":@computed_region_yamh_8v7k":"749",":@computed_region_wbg7_3whc":"723",":@computed_region_kjdx_g34t":"2095"}},
{"type":"Feature","geometry":{"type":"Point","coordinates":[-74.009781,40.712582]},"properties":{":id":"row-dhdv_vge8_s74n",":version":"rv-rsna~csqb-yeej",":created_at":"2025-10-29T04:25:11.860Z",":updated_at":"2025-10-29T04:25:15.104Z","gtfs_stop_id":"E01","station_id":"171","complex_id":"624","division":"IND","line":"8th Av - Fulton St","stop_name":"World Trade Center","borough":"M","cbd":"true","daytime_routes":"E","structure":"Subway","gtfs_latitude":"40.712582","gtfs_longitude":"-74.009781","north_direction_label":"Uptown","south_direction_label":"Last Stop","ada":"1","ada_northbound":"1","ada_southbound":"1","ada_notes":null,":@computed_region_yamh_8v7k":"749",":@computed_region_wbg7_3whc":"723",":@computed_region_kjdx_g34t":"2095"}},
{"type":"Feature","geometry":{"type":"Point","coordinates":[-74.007691,40.710197]},"properties":{":id":"row-ezw6.mf6p.fubf",":version":"rv-86jt-n34g~6jap",":created_at":"2025-10-29T04:25:11.860Z",":updated_at":"2025-10-29T04:25:15.104Z","gtfs_stop_id":"A38","station_id":"172","complex_id":"628","division":"IND","line":"8th Av - Fulton St","stop_name":"Fulton St","borough":"M","cbd":"true","daytime_routes":"A C","structure":"Subway","gtfs_latitude":"40.710197","gtfs_longitude":"-74.007691","north_direction_label":"Uptown","south_direction_label":"Brooklyn","ada":"1","ada_northbound":"1","ada_southbound":"1","ada_notes":null,":@computed_region_yamh_8v7k":"749",":@computed_region_wbg7_3whc":"797",":@computed_region_kjdx_g34t":"2095"}},
{"type":"Feature","geometry":{"type":"Point","coordinates":[-73.990531,40.699337]},"properties":{":id":"row-hgge-hgiq~ya8z",":version":"rv-car3_nu4r-825t",":created_at":"2025-10-29T04:25:11.860Z",":updated_at":"2025-10-29T04:25:15.104Z","gtfs_stop_id":"A40","station_id":"173","complex_id":"173","division":"IND","line":"8th Av - Fulton St","stop_name":"High St","borough":"Bk","cbd":"false","daytime_routes":"A C","structure":"Subway","gtfs_latitude":"40.699337","gtfs_longitude":"-73.990531","north_direction_label":"Manhattan","south_direction_label":"Outbound","ada":"0","ada_northbound":"0","ada_southbound":"0","ada_notes":null,":@computed_region_yamh_8v7k":"894",":@computed_region_wbg7_3whc":"880",":@computed_region_kjdx_g34t":"2095"}},
{"type":"Feature","geometry":{"type":"Point","coordinates":[-73.987342,40.692338]},"properties":{":id":"row-rdwz.gjhb~39e3",":version":"rv-jwy8_sh3b_aqi3",":created_at":"2025-10-29T04:25:11.860Z",":updated_at":"2025-10-29T04:25:15.104Z","gtfs_stop_id":"A41","station_id":"174","complex_id":"636","division":"IND","line":"8th Av - Fulton St","stop_name":"Jay St-MetroTech","borough":"Bk","cbd":"false","daytime_routes":"A C F","structure":"Subway","gtfs_latitude":"40.692338","gtfs_longitude":"-73.987342","north_direction_label":"Manhattan","south_direction_label":"Outbound","ada":"1","ada_northbound":"1","ada_southbound":"1","ada_notes":null,":@computed_region_yamh_8v7k":"894",":@computed_region_wbg7_3whc":"880",":@computed_region_kjdx_g34t":"2090"}},
{"type":"Feature","geometry":{"type":"Point","coordinates":[-73.985001,40.688484]},"properties":{":id":"row-7927~3fvy_hjdg",":version":"rv-vez2-fydq.v6ev",":created_at":"2025-10-29T04:25:11.860Z",":updated_at":"2025-10-29T04:25:15.104Z","gtfs_stop_id":"A42","station_id":"175","complex_id":"175","division":"IND","line":"8th Av - Fulton St","stop_name":"Hoyt-Schermerhorn Sts","borough":"Bk","cbd":"false","daytime_routes":"A C G","structure":"Subway","gtfs_latitude":"40.688484","gtfs_longitude":"-73.985001","north_direction_label":"Westbound","south_direction_label":"Queens","ada":"0","ada_northbound":"0","ada_southbound":"0","ada_notes":null,":@computed_region_yamh_8v7k":"894",":@computed_region_wbg7_3whc":"880",":@computed_region_kjdx_g34t":"2090"}},
{"type":"Feature","geometry":{"type":"Point","coordinates":[-73.973946,40.686113]},"properties":{":id":"row-wxq9-abby_ghzq",":version":"rv-y98i~ef6n~nzjr",":created_at":"2025-10-29T04:25:11.860Z",":updated_at":"2025-10-29T04:25:15.104Z","gtfs_stop_id":"A43","station_id":"176","complex_id":"176","division":"IND","line":"8th Av - Fulton St","stop_name":"Lafayette Av","borough":"Bk","cbd":"false","daytime_routes":"C","structure":"Subway","gtfs_latitude":"40.686113","gtfs_longitude":"-73.973946","north_direction_label":"Manhattan","south_direction_label":"Outbound","ada":"0","ada_northbound":"0","ada_southbound":"0","ada_notes":null,":@computed_region_yamh_8v7k":"894",":@computed_region_wbg7_3whc":"895",":@computed_region_kjdx_g34t":"2090"}},
{"type":"Feature","geometry":{"type":"Point","coordinates":[-73.965838,40.683263]},"properties":{":id":"row-wx2m-vm9r_3n8h",":version":"rv-z6vj-yk6m~e23k",":created_at":"2025-10-29T04:25:11.860Z",":updated_at":"2025-10-29T04:25:15.104Z","gtfs_stop_id":"A44","station_id":"177","complex_id":"177","division":"IND","line":"8th Av - Fulton St","stop_name":"Clinton-Washington Avs","borough":"Bk","cbd":"false","daytime_routes":"C","structure":"Subway","gtfs_latitude":"40.683263","gtfs_longitude":"-73.965838","north_direction_label":"Manhattan","south_direction_label":"Outbound","ada":"0","ada_northbound":"0","ada_southbound":"0","ada_notes":null,":@computed_region_yamh_8v7k":"894",":@computed_region_wbg7_3whc":"821",":@computed_region_kjdx_g34t":"2090"}},
{"type":"Feature","geometry":{"type":"Point","coordinates":[-73.956848,40.68138]},"properties":{":id":"row-2nme_e565-fugw",":version":"rv-abpu~by8z~pvhm",":created_at":"2025-10-29T04:25:11.860Z",":updated_at":"2025-10-29T04:25:15.104Z","gtfs_stop_id":"A45","station_id":"178","complex_id":"627","division":"IND","line":"8th Av - Fulton St","stop_name":"Franklin Av","borough":"Bk","cbd":"false","daytime_routes":"C","structure":"Subway","gtfs_latitude":"40.68138","gtfs_longitude":"-73.956848","north_direction_label":"Manhattan","south_direction_label":"Outbound","ada":"1","ada_northbound":"1","ada_southbound":"1","ada_notes":null,":@computed_region_yamh_8v7k":"894",":@computed_region_wbg7_3whc":"821",":@computed_region_kjdx_g34t":"2090"}},
{"type":"Feature","geometry":{"type":"Point","coordinates":[-73.950426,40.680438]},"properties":{":id":"row-4th5-er5p.nax4",":version":"rv-azf6_d524_2pp6",":created_at":"2025-10-29T04:25:11.860Z",":updated_at":"2025-10-29T04:25:15.104Z","gtfs_stop_id":"A46","station_id":"179","complex_id":"179","division":"IND","line":"8th Av - Fulton St","stop_name":"Nostrand Av","borough":"Bk","cbd":"false","daytime_routes":"A C","structure":"Subway","gtfs_latitude":"40.680438","gtfs_longitude":"-73.950426","north_direction_label":"Manhattan","south_direction_label":"Outbound","ada":"0","ada_northbound":"0","ada_southbound":"0","ada_notes":null,":@computed_region_yamh_8v7k":"894",":@computed_region_wbg7_3whc":"894",":@computed_region_kjdx_g34t":"2090"}},
{"type":"Feature","geometry":{"type":"Point","coordinates":[-73.940858,40.679921]},"properties":{":id":"row-83f3_4ua5.72ft",":version":"rv-fzik~6kw3.w55e",":created_at":"2025-10-29T04:25:11.860Z",":updated_at":"2025-10-29T04:25:15.104Z","gtfs_stop_id":"A47","station_id":"180","complex_id":"180","division":"IND","line":"8th Av - Fulton St","stop_name":"Kingston-Throop Avs","borough":"Bk","cbd":"false","daytime_routes":"C","structure":"Subway","gtfs_latitude":"40.679921","gtfs_longitude":"-73.940858","north_direction_label":"Manhattan","south_direction_label":"Outbound","ada":"0","ada_northbound":"0","ada_southbound":"0","ada_notes":null,":@computed_region_yamh_8v7k":"894",":@computed_region_wbg7_3whc":"891",":@computed_region_kjdx_g34t":"2090"}},
{"type":"Feature","geometry":{"type":"Point","coordinates":[-73.930729,40.679364]},"properties":{":id":"row-hjig_hzc7~3eps",":version":"rv-7az9-nyc3_rczk",":created_at":"2025-10-29T04:25:11.860Z",":updated_at":"2025-10-29T04:25:15.104Z","gtfs_stop_id":"A48","station_id":"181","complex_id":"181","division":"IND","line":"8th Av - Fulton St","stop_name":"Utica Av","borough":"Bk","cbd":"false","daytime_routes":"A C","structure":"Subway","gtfs_latitude":"40.679364","gtfs_longitude":"-73.930729","north_direction_label":"Manhattan","south_direction_label":"Outbound","ada":"1","ada_northbound":"1","ada_southbound":"1","ada_notes":null,":@computed_region_yamh_8v7k":"894",":@computed_region_wbg7_3whc":"891",":@computed_region_kjdx_g34t":"2090"}},
{"type":"Feature","geometry":{"type":"Point","coordinates":[-73.920786,40.678822]},"properties":{":id":"row-e75g-axfp-s8z2",":version":"rv-uq2h_c2av.3ikz",":created_at":"2025-10-29T04:25:11.860Z",":updated_at":"2025-10-29T04:25:15.104Z","gtfs_stop_id":"A49","station_id":"182","complex_id":"182","division":"IND","line":"8th Av - Fulton St","stop_name":"Ralph Av","borough":"Bk","cbd":"false","daytime_routes":"C","structure":"Subway","gtfs_latitude":"40.678822","gtfs_longitude":"-73.920786","north_direction_label":"Manhattan","south_direction_label":"Outbound","ada":"0","ada_northbound":"0","ada_southbound":"0","ada_notes":null,":@computed_region_yamh_8v7k":"894",":@computed_region_wbg7_3whc":"816",":@computed_region_kjdx_g34t":"2090"}},
{"type":"Feature","geometry":{"type":"Point","coordinates":[-73.911946,40.67834]},"properties":{":id":"row-yhbx.6vjt_pcah",":version":"rv-a358-6pyz-775s",":created_at":"2025-10-29T04:25:11.860Z",":updated_at":"2025-10-29T04:25:15.104Z","gtfs_stop_id":"A50","station_id":"183","complex_id":"183","division":"IND","line":"8th Av - Fulton St","stop_name":"Rockaway Av","borough":"Bk","cbd":"false","daytime_routes":"C","structure":"Subway","gtfs_latitude":"40.67834","gtfs_longitude":"-73.911946","north_direction_label":"Manhattan","south_direction_label":"Outbound","ada":"0","ada_northbound":"0","ada_southbound":"0","ada_notes":null,":@computed_region_yamh_8v7k":"894",":@computed_region_wbg7_3whc":"816",":@computed_region_kjdx_g34t":"2090"}},
{"type":"Feature","geometry":{"type":"Point","coordinates":[-73.905316,40.678334]},"properties":{":id":"row-8ke7.3g29.sfgx",":version":"rv-j3ui~4s5p.da3k",":created_at":"2025-10-29T04:25:11.860Z",":updated_at":"2025-10-29T04:25:15.104Z","gtfs_stop_id":"A51","station_id":"184","complex_id":"621","division":"IND","line":"8th Av - Fulton St","stop_name":"Broadway Junction","borough":"Bk","cbd":"false","daytime_routes":"A C","structure":"Subway","gtfs_latitude":"40.678334","gtfs_longitude":"-73.905316","north_direction_label":"Manhattan","south_direction_label":"Outbound","ada":"0","ada_northbound":"0","ada_southbound":"0","ada_notes":null,":@computed_region_yamh_8v7k":"894",":@computed_region_wbg7_3whc":"816",":@computed_region_kjdx_g34t":"2090"}},
{"type":"Feature","geometry":{"type":"Point","coordinates":[-73.896548,40.674542]},"properties":{":id":"row-89ke_ei92-vyhz",":version":"rv-2uhr.2sds-2un4",":created_at":"2025-10-29T04:25:11.860Z",":updated_at":"2025-10-29T04:25:15.104Z","gtfs_stop_id":"A52","station_id":"185","complex_id":"185","division":"IND","line":"8th Av - Fulton St","stop_name":"Liberty Av","borough":"Bk","cbd":"false","daytime_routes":"C","structure":"Subway","gtfs_latitude":"40.674542","gtfs_longitude":"-73.896548","north_direction_label":"Manhattan","south_direction_label":"Outbound","ada":"0","ada_northbound":"0","ada_southbound":"0","ada_notes":null,":@computed_region_yamh_8v7k":"894",":@computed_region_wbg7_3whc":"885",":@computed_region_kjdx_g34t":"2090"}},
{"type":"Feature","geometry":{"type":"Point","coordinates":[-73.890358,40.67271]},"properties":{":id":"row-xajn_nawc-yvmb",":version":"rv-uqe8_2f3j-58wz",":created_at":"2025-10-29T04:25:11.860Z",":updated_at":"2025-10-29T04:25:15.104Z","gtfs_stop_id":"A53","station_id":"186","complex_id":"186","division":"IND","line":"8th Av - Fulton St","stop_name":"Van Siclen Av","borough":"Bk","cbd":"false","daytime_routes":"C","structure":"Subway","gtfs_latitude":"40.67271","gtfs_longitude":"-73.890358","north_direction_label":"Manhattan","south_direction_label":"Outbound","ada":"0","ada_northbound":"0","ada_southbound":"0","ada_notes":null,":@computed_region_yamh_8v7k":"894",":@computed_region_wbg7_3whc":"885",":@computed_region_kjdx_g34t":"2090"}},
{"type":"Feature","geometry":{"type":"Point","coordinates":[-73.88075,40.67413]},"properties":{":id":"row-3jzr_gr4r~er6u",":version":"rv-65gs-2483.hzh5",":created_at":"2025-10-29T04:25:11.860Z",":updated_at":"2025-10-29T04:25:15.104Z","gtfs_stop_id":"A54","station_id":"187","complex_id":"187","division":"IND","line":"8th Av - Fulton St","stop_name":"Shepherd Av","borough":"Bk","cbd":"false","daytime_routes":"C","structure":"Subway","gtfs_latitude":"40.67413","gtfs_longitude":"-73.88075","north_direction_label":"Manhattan","south_direction_label":"Outbound","ada":"0","ada_northbound":"0","ada_southbound":"0","ada_notes":null,":@computed_region_yamh_8v7k":"894",":@computed_region_wbg7_3whc":"886",":@computed_region_kjdx_g34t":"2137"}},
{"type":"Feature","geometry":{"type":"Point","coordinates":[-73.872106,40.675377]},"properties":{":id":"row-36gb-2x9a~xqkt",":version":"rv-xgc6_dwwn-9xki",":created_at":"2025-10-29T04:25:11.860Z",":updated_at":"2025-10-29T04:25:15.104Z","gtfs_stop_id":"A55","station_id":"188","complex_id":"188","division":"IND","line":"8th Av - Fulton St","stop_name":"Euclid Av","borough":"Bk","cbd":"false","daytime_routes":"A C","structure":"Subway","gtfs_latitude":"40.675377","gtfs_longitude":"-73.872106","north_direction_label":"Manhattan","south_direction_label":"Queens","ada":"1","ada_northbound":"1","ada_southbound":"1","ada_notes":null,":@computed_region_yamh_8v7k":"894",":@computed_region_wbg7_3whc":"886",":@computed_region_kjdx_g34t":"2137"}},
{"type":"Feature","geometry":{"type":"Point","coordinates":[-73.86505,40.677044]},"properties":{":id":"row-zk4v.bhx5~7w4b",":version":"rv-xbmb.ymek~8mnj",":created_at":"2025-10-29T04:25:11.860Z",":updated_at":"2025-10-29T04:25:15.104Z","gtfs_stop_id":"A57","station_id":"189","complex_id":"189","division":"IND","line":"Liberty Av","stop_name":"Grant Av","borough":"Bk","cbd":"false","daytime_routes":"A","structure":"Subway","gtfs_latitude":"40.677044","gtfs_longitude":"-73.86505","north_direction_label":"Manhattan","south_direction_label":"Queens","ada":"0","ada_northbound":"0","ada_southbound":"0","ada_notes":null,":@computed_region_yamh_8v7k":"894",":@computed_region_wbg7_3whc":"886",":@computed_region_kjdx_g34t":"2137"}},
{"type":"Feature","geometry":{"type":"Point","coordinates":[-73.858992,40.679371]},"properties":{":id":"row-ykmz-yhvk.s4cq",":version":"rv-xph5~kmya_us9z",":created_at":"2025-10-29T04:25:11.860Z",":updated_at":"2025-10-29T04:25:15.104Z","gtfs_stop_id":"A59","station_id":"190","complex_id":"190","division":"IND","line":"Liberty Av","stop_name":"80 St","borough":"Q","cbd":"false","daytime_routes":"A","structure":"Elevated","gtfs_latitude":"40.679371","gtfs_longitude":"-73.858992","north_direction_label":"Manhattan","south_direction_label":"Outbound","ada":"0","ada_northbound":"0","ada_southbound":"0","ada_notes":null,":@computed_region_yamh_8v7k":"196",":@computed_region_wbg7_3whc":"1164",":@computed_region_kjdx_g34t":"2137"}},
{"type":"Feature","geometry":{"type":"Point","coordinates":[-73.85147,40.679843]},"properties":{":id":"row-9k3e-puyj~2qgk",":version":"rv-w8m3-7i9c~bkis",":created_at":"2025-10-29T04:25:11.860Z",":updated_at":"2025-10-29T04:25:15.104Z","gtfs_stop_id":"A60","station_id":"191","complex_id":"191","division":"IND","line":"Liberty Av","stop_name":"88 St","borough":"Q","cbd":"false","daytime_routes":"A","structure":"Elevated","gtfs_latitude":"40.679843","gtfs_longitude":"-73.85147","north_direction_label":"Manhattan","south_direction_label":"Outbound","ada":"0","ada_northbound":"0","ada_southbound":"0","ada_notes":null,":@computed_region_yamh_8v7k":"196",":@computed_region_wbg7_3whc":"1164",":@computed_region_kjdx_g34t":"2137"}},
{"type":"Feature","geometry":{"type":"Point","coordinates":[-73.843853,40.680429]},"properties":{":id":"row-eg2u_8afb-jm79",":version":"rv-pkj3-6vij~bgwr",":created_at":"2025-10-29T04:25:11.860Z",":updated_at":"2025-10-29T04:25:15.104Z","gtfs_stop_id":"A61","station_id":"192","complex_id":"192","division":"IND","line":"Liberty Av","stop_name":"Rockaway Blvd","borough":"Q","cbd":"false","daytime_routes":"A","structure":"Elevated","gtfs_latitude":"40.680429","gtfs_longitude":"-73.843853","north_direction_label":"Manhattan","south_direction_label":"Outbound","ada":"0","ada_northbound":"0","ada_southbound":"0","ada_notes":null,":@computed_region_yamh_8v7k":"196",":@computed_region_wbg7_3whc":"1164",":@computed_region_kjdx_g34t":"2137"}},
{"type":"Feature","geometry":{"type":"Point","coordinates":[-73.837683,40.681711]},"properties":{":id":"row-facd-timr.dgbr",":version":"rv-df6t.93ac-ynz9",":created_at":"2025-10-29T04:25:11.860Z",":updated_at":"2025-10-29T04:25:15.104Z","gtfs_stop_id":"A63","station_id":"193","complex_id":"193","division":"IND","line":"Liberty Av","stop_name":"104 St","borough":"Q","cbd":"false","daytime_routes":"A","structure":"Elevated","gtfs_latitude":"40.681711","gtfs_longitude":"-73.837683","north_direction_label":"Manhattan","south_direction_label":"Ozone Park","ada":"0","ada_northbound":"0","ada_southbound":"0","ada_notes":null,":@computed_region_yamh_8v7k":"196",":@computed_region_wbg7_3whc":"1164",":@computed_region_kjdx_g34t":"2137"}},
{"type":"Feature","geometry":{"type":"Point","coordinates":[-73.832163,40.684331]},"properties":{":id":"row-2pd3~qcyr.si3q",":version":"rv-bzr4_2a5g-5yst",":created_at":"2025-10-29T04:25:11.860Z",":updated_at":"2025-10-29T04:25:15.104Z","gtfs_stop_id":"A64","station_id":"194","complex_id":"194","division":"IND","line":"Liberty Av","stop_name":"111 St","borough":"Q","cbd":"false","daytime_routes":"A","structure":"Elevated","gtfs_latitude":"40.684331","gtfs_longitude":"-73.832163","north_direction_label":"Manhattan","south_direction_label":"Ozone Park","ada":"0","ada_northbound":"0","ada_southbound":"0","ada_notes":null,":@computed_region_yamh_8v7k":"196",":@computed_region_wbg7_3whc":"1166",":@computed_region_kjdx_g34t":"2137"}},
{"type":"Feature","geometry":{"type":"Point","coordinates":[-73.825798,40.685951]},"properties":{":id":"row-svsn-tbnz.ets7",":version":"rv-d3zn-s6qd~ha3s",":created_at":"2025-10-29T04:25:11.860Z",":updated_at":"2025-10-29T04:25:15.104Z","gtfs_stop_id":"A65","station_id":"195","complex_id":"195","division":"IND","line":"Liberty Av","stop_name":"Ozone Park-Lefferts Blvd","borough":"Q","cbd":"false","daytime_routes":"A","structure":"Elevated","gtfs_latitude":"40.685951","gtfs_longitude":"-73.825798","north_direction_label":"Manhattan","south_direction_label":"Last Stop","ada":"1","ada_northbound":"1","ada_southbound":"1","ada_notes":null,":@computed_region_yamh_8v7k":"196",":@computed_region_wbg7_3whc":"1166",":@computed_region_kjdx_g34t":"2137"}},
{"type":"Feature","geometry":{"type":"Point","coordinates":[-73.835919,40.672097]},"properties":{":id":"row-8t4b_aagb_xac6",":version":"rv-zvdn~a2xt~ed29",":created_at":"2025-10-29T04:25:11.860Z",":updated_at":"2025-10-29T04:25:15.104Z","gtfs_stop_id":"H01","station_id":"196","complex_id":"196","division":"IND","line":"Rockaway","stop_name":"Aqueduct Racetrack","borough":"Q","cbd":"false","daytime_routes":"A","structure":"At Grade","gtfs_latitude":"40.672097","gtfs_longitude":"-73.835919","north_direction_label":"Manhattan","south_direction_label":"Rockaways","ada":"1","ada_northbound":"1","ada_southbound":"1","ada_notes":null,":@computed_region_yamh_8v7k":"196",":@computed_region_wbg7_3whc":"1164",":@computed_region_kjdx_g34t":"2137"}},
{"type":"Feature","geometry":{"type":"Point","coordinates":[-73.834058,40.668234]},"properties":{":id":"row-smze_5ts6-c4st",":version":"rv-8csi~3mtg-prb5",":created_at":"2025-10-29T04:25:11.860Z",":updated_at":"2025-10-29T04:25:15.104Z","gtfs_stop_id":"H02","station_id":"197","complex_id":"197","division":"IND","line":"Rockaway","stop_name":"Aqueduct-N Conduit Av","borough":"Q","cbd":"false","daytime_routes":"A","structure":"At Grade","gtfs_latitude":"40.668234","gtfs_longitude":"-73.834058","north_direction_label":"Manhattan","south_direction_label":"Rockaways","ada":"0","ada_northbound":"0","ada_southbound":"0","ada_notes":null,":@computed_region_yamh_8v7k":"196",":@computed_region_wbg7_3whc":"1164",":@computed_region_kjdx_g34t":"2137"}},
{"type":"Feature","geometry":{"type":"Point","coordinates":[-73.830301,40.660476]},"properties":{":id":"row-y3t7_4dvy_k3gu",":version":"rv-snvn-c7fw-x3fc",":created_at":"2025-10-29T04:25:11.860Z",":updated_at":"2025-10-29T04:25:15.104Z","gtfs_stop_id":"H03","station_id":"198","complex_id":"198","division":"IND","line":"Rockaway","stop_name":"Howard Beach-JFK Airport","borough":"Q","cbd":"false","daytime_routes":"A","structure":"At Grade","gtfs_latitude":"40.660476","gtfs_longitude":"-73.830301","north_direction_label":"Manhattan","south_direction_label":"Rockaways","ada":"1","ada_northbound":"1","ada_southbound":"1","ada_notes":null,":@computed_region_yamh_8v7k":"196",":@computed_region_wbg7_3whc":"853",":@computed_region_kjdx_g34t":"2137"}},
{"type":"Feature","geometry":{"type":"Point","coordinates":[-73.815925,40.608382]},"properties":{":id":"row-afem_tpt9~w3zb",":version":"rv-3nwx_gpww-cmzr",":created_at":"2025-10-29T04:25:11.860Z",":updated_at":"2025-10-29T04:25:15.104Z","gtfs_stop_id":"H04","station_id":"199","complex_id":"199","division":"IND","line":"Rockaway","stop_name":"Broad Channel","borough":"Q","cbd":"false","daytime_routes":"A S","structure":"At Grade","gtfs_latitude":"40.608382","gtfs_longitude":"-73.815925","north_direction_label":"Inbound","south_direction_label":"Rockaways","ada":"0","ada_northbound":"0","ada_southbound":"0","ada_notes":null,":@computed_region_yamh_8v7k":"196",":@computed_region_wbg7_3whc":"1029",":@computed_region_kjdx_g34t":"2137"}},
{"type":"Feature","geometry":{"type":"Point","coordinates":[-73.813641,40.588034]},"properties":{":id":"row-pcm2.fcig.kiw9",":version":"rv-4pyv_nd48.fx5h",":created_at":"2025-10-29T04:25:11.860Z",":updated_at":"2025-10-29T04:25:15.104Z","gtfs_stop_id":"H12","station_id":"200","complex_id":"200","division":"IND","line":"Rockaway","stop_name":"Beach 90 St","borough":"Q","cbd":"false","daytime_routes":"A S","structure":"Viaduct","gtfs_latitude":"40.588034","gtfs_longitude":"-73.813641","north_direction_label":"Inbound","south_direction_label":"Rockaway Park","ada":"0","ada_northbound":"0","ada_southbound":"0","ada_notes":null,":@computed_region_yamh_8v7k":"196",":@computed_region_wbg7_3whc":"1029",":@computed_region_kjdx_g34t":"2137"}},
{"type":"Feature","geometry":{"type":"Point","coordinates":[-73.820558,40.585307]},"properties":{":id":"row-r4ai~a2c8-jahs",":version":"rv-zn35_4uzt~jxaq",":created_at":"2025-10-29T04:25:11.860Z",":updated_at":"2025-10-29T04:25:15.104Z","gtfs_stop_id":"H13","station_id":"201","complex_id":"201","division":"IND","line":"Rockaway","stop_name":"Beach 98 St","borough":"Q","cbd":"false","daytime_routes":"A S","structure":"Viaduct","gtfs_latitude":"40.585307","gtfs_longitude":"-73.820558","north_direction_label":"Inbound","south_direction_label":"Rockaway Park","ada":"0","ada_northbound":"0","ada_southbound":"0","ada_notes":null,":@computed_region_yamh_8v7k":"196",":@computed_region_wbg7_3whc":"1030",":@computed_region_kjdx_g34t":"2137"}},
{"type":"Feature","geometry":{"type":"Point","coordinates":[-73.827559,40.583209]},"properties":{":id":"row-zcpu.syks-uqfk",":version":"rv-mgnm~kewx.zyqs",":created_at":"2025-10-29T04:25:11.860Z",":updated_at":"2025-10-29T04:25:15.104Z","gtfs_stop_id":"H14","station_id":"202","complex_id":"202","division":"IND","line":"Rockaway","stop_name":"Beach 105 St","borough":"Q","cbd":"false","daytime_routes":"A S","structure":"Viaduct","gtfs_latitude":"40.583209","gtfs_longitude":"-73.827559","north_direction_label":"Inbound","south_direction_label":"Rockaway Park","ada":"0","ada_northbound":"0","ada_southbound":"0","ada_notes":null,":@computed_region_yamh_8v7k":"196",":@computed_region_wbg7_3whc":"1030",":@computed_region_kjdx_g34t":"2137"}},
{"type":"Feature","geometry":{"type":"Point","coordinates":[-73.835592,40.580903]},"properties":{":id":"row-7586~a7tw~c974",":version":"rv-vqap_uufx_m7kt",":created_at":"2025-10-29T04:25:11.860Z",":updated_at":"2025-10-29T04:25:15.104Z","gtfs_stop_id":"H15","station_id":"203","complex_id":"203","division":"IND","line":"Rockaway","stop_name":"Rockaway Park-Beach 116 St","borough":"Q","cbd":"false","daytime_routes":"A S","structure":"At Grade","gtfs_latitude":"40.580903","gtfs_longitude":"-73.835592","north_direction_label":"Inbound","south_direction_label":"Last Stop","ada":"1","ada_northbound":"1","ada_southbound":"1","ada_notes":null,":@computed_region_yamh_8v7k":"196",":@computed_region_wbg7_3whc":"1030",":@computed_region_kjdx_g34t":"2137"}},
{"type":"Feature","geometry":{"type":"Point","coordinates":[-73.796924,40.590927]},"properties":{":id":"row-4ign_f2wh-i67m",":version":"rv-65ck.8c7s.iut8",":created_at":"2025-10-29T04:25:11.860Z",":updated_at":"2025-10-29T04:25:15.104Z","gtfs_stop_id":"H06","station_id":"204","complex_id":"204","division":"IND","line":"Rockaway","stop_name":"Beach 67 St","borough":"Q","cbd":"false","daytime_routes":"A","structure":"Viaduct","gtfs_latitude":"40.590927","gtfs_longitude":"-73.796924","north_direction_label":"Manhattan","south_direction_label":"Far Rockaway","ada":"1","ada_northbound":"1","ada_southbound":"1","ada_notes":null,":@computed_region_yamh_8v7k":"196",":@computed_region_wbg7_3whc":"1028",":@computed_region_kjdx_g34t":"2137"}},
{"type":"Feature","geometry":{"type":"Point","coordinates":[-73.788522,40.592374]},"properties":{":id":"row-8f3q.es4e~8z9w",":version":"rv-5x7x~6rsn~vuvm",":created_at":"2025-10-29T04:25:11.860Z",":updated_at":"2025-10-29T04:25:15.104Z","gtfs_stop_id":"H07","station_id":"205","complex_id":"205","division":"IND","line":"Rockaway","stop_name":"Beach 60 St","borough":"Q","cbd":"false","daytime_routes":"A","structure":"Viaduct","gtfs_latitude":"40.592374","gtfs_longitude":"-73.788522","north_direction_label":"Manhattan","south_direction_label":"Far Rockaway","ada":"0","ada_northbound":"0","ada_southbound":"0","ada_notes":null,":@computed_region_yamh_8v7k":"196",":@computed_region_wbg7_3whc":"1028",":@computed_region_kjdx_g34t":"2137"}},
{"type":"Feature","geometry":{"type":"Point","coordinates":[-73.776013,40.592943]},"properties":{":id":"row-m3cb~ra84_x4ci",":version":"rv-96v4.rn98.m7sy",":created_at":"2025-10-29T04:25:11.860Z",":updated_at":"2025-10-29T04:25:15.104Z","gtfs_stop_id":"H08","station_id":"206","complex_id":"206","division":"IND","line":"Rockaway","stop_name":"Beach 44 St","borough":"Q","cbd":"false","daytime_routes":"A","structure":"Viaduct","gtfs_latitude":"40.592943","gtfs_longitude":"-73.776013","north_direction_label":"Manhattan","south_direction_label":"Far Rockaway","ada":"0","ada_northbound":"0","ada_southbound":"0","ada_notes":null,":@computed_region_yamh_8v7k":"196",":@computed_region_wbg7_3whc":"1027",":@computed_region_kjdx_g34t":"2137"}},
{"type":"Feature","geometry":{"type":"Point","coordinates":[-73.768175,40.595398]},"properties":{":id":"row-78nj-fkhi.9by4",":version":"rv-u2bw_tp38_ygpu",":created_at":"2025-10-29T04:25:11.860Z",":updated_at":"2025-10-29T04:25:15.104Z","gtfs_stop_id":"H09","station_id":"207","complex_id":"207","division":"IND","line":"Rockaway","stop_name":"Beach 36 St","borough":"Q","cbd":"false","daytime_routes":"A","structure":"Viaduct","gtfs_latitude":"40.595398","gtfs_longitude":"-73.768175","north_direction_label":"Manhattan","south_direction_label":"Far Rockaway","ada":"0","ada_northbound":"0","ada_southbound":"0","ada_notes":null,":@computed_region_yamh_8v7k":"196",":@computed_region_wbg7_3whc":"1027",":@computed_region_kjdx_g34t":"2137"}},
{"type":"Feature","geometry":{"type":"Point","coordinates":[-73.761353,40.600066]},"properties":{":id":"row-kjnc.nfng~8p8x",":version":"rv-przi~h6cb-jyi2",":created_at":"2025-10-29T04:25:11.860Z",":updated_at":"2025-10-29T04:25:15.104Z","gtfs_stop_id":"H10","station_id":"208","complex_id":"208","division":"IND","line":"Rockaway","stop_name":"Beach 25 St","borough":"Q","cbd":"false","daytime_routes":"A","structure":"Viaduct","gtfs_latitude":"40.600066","gtfs_longitude":"-73.761353","north_direction_label":"Manhattan","south_direction_label":"Far Rockaway","ada":"0","ada_northbound":"0","ada_southbound":"0","ada_notes":null,":@computed_region_yamh_8v7k":"196",":@computed_region_wbg7_3whc":"1027",":@computed_region_kjdx_g34t":"2137"}},
{"type":"Feature","geometry":{"type":"Point","coordinates":[-73.755405,40.603995]},"properties":{":id":"row-68cv-fazp_t9wa",":version":"rv-2qs7-bwux_52k3",":created_at":"2025-10-29T04:25:11.860Z",":updated_at":"2025-10-29T04:25:15.104Z","gtfs_stop_id":"H11","station_id":"209","complex_id":"209","division":"IND","line":"Rockaway","stop_name":"Far Rockaway-Mott Av","borough":"Q","cbd":"false","daytime_routes":"A","structure":"Viaduct","gtfs_latitude":"40.603995","gtfs_longitude":"-73.755405","north_direction_label":"Manhattan","south_direction_label":"Last Stop","ada":"1","ada_northbound":"1","ada_southbound":"1","ada_notes":null,":@computed_region_yamh_8v7k":"196",":@computed_region_wbg7_3whc":"1027",":@computed_region_kjdx_g34t":"2137"}},
{"type":"Feature","geometry":{"type":"Point","coordinates":[-73.878855,40.874811]},"properties":{":id":"row-8x2a.bu2n_5fmn",":version":"rv-xb7n~6b6v.wzvy",":created_at":"2025-10-29T04:25:11.860Z",":updated_at":"2025-10-29T04:25:15.104Z","gtfs_stop_id":"D01","station_id":"210","complex_id":"210","division":"IND","line":"Concourse","stop_name":"Norwood-205 St","borough":"Bx","cbd":"false","daytime_routes":"D","structure":"Subway","gtfs_latitude":"40.874811","gtfs_longitude":"-73.878855","north_direction_label":"Last Stop","south_direction_label":"Manhattan","ada":"0","ada_northbound":"0","ada_southbound":"0","ada_notes":null,":@computed_region_yamh_8v7k":"307",":@computed_region_wbg7_3whc":"704",":@computed_region_kjdx_g34t":"2032"}},
{"type":"Feature","geometry":{"type":"Point","coordinates":[-73.887138,40.873244]},"properties":{":id":"row-q8vr-dmpc~kidw",":version":"rv-a4a2.d8hj.hmvi",":created_at":"2025-10-29T04:25:11.860Z",":updated_at":"2025-10-29T04:25:15.104Z","gtfs_stop_id":"D03","station_id":"211","complex_id":"211","division":"IND","line":"Concourse","stop_name":"Bedford Park Blvd","borough":"Bx","cbd":"false","daytime_routes":"B D","structure":"Subway","gtfs_latitude":"40.873244","gtfs_longitude":"-73.887138","north_direction_label":"Northbound","south_direction_label":"Manhattan","ada":"1","ada_northbound":"1","ada_southbound":"1","ada_notes":null,":@computed_region_yamh_8v7k":"307",":@computed_region_wbg7_3whc":"654",":@computed_region_kjdx_g34t":"2032"}},
{"type":"Feature","geometry":{"type":"Point","coordinates":[-73.893509,40.866978]},"properties":{":id":"row-cugq_2dqm_hwf9",":version":"rv-6drw.89wn-rnzf",":created_at":"2025-10-29T04:25:11.860Z",":updated_at":"2025-10-29T04:25:15.104Z","gtfs_stop_id":"D04","station_id":"212","complex_id":"212","division":"IND","line":"Concourse","stop_name":"Kingsbridge Rd","borough":"Bx","cbd":"false","daytime_routes":"B D","structure":"Subway","gtfs_latitude":"40.866978","gtfs_longitude":"-73.893509","north_direction_label":"Northbound","south_direction_label":"Manhattan","ada":"1","ada_northbound":"1","ada_southbound":"1","ada_notes":null,":@computed_region_yamh_8v7k":"307",":@computed_region_wbg7_3whc":"654",":@computed_region_kjdx_g34t":"2032"}},
{"type":"Feature","geometry":{"type":"Point","coordinates":[-73.897749,40.861296]},"properties":{":id":"row-se46~m6rm~jwwj",":version":"rv-gjb5_a7z2-upyd",":created_at":"2025-10-29T04:25:11.860Z",":updated_at":"2025-10-29T04:25:15.104Z","gtfs_stop_id":"D05","station_id":"213","complex_id":"213","division":"IND","line":"Concourse","stop_name":"Fordham Rd","borough":"Bx","cbd":"false","daytime_routes":"B D","structure":"Subway","gtfs_latitude":"40.861296","gtfs_longitude":"-73.897749","north_direction_label":"Northbound","south_direction_label":"Manhattan","ada":"0","ada_northbound":"0","ada_southbound":"0","ada_notes":null,":@computed_region_yamh_8v7k":"307",":@computed_region_wbg7_3whc":"654",":@computed_region_kjdx_g34t":"2032"}},
{"type":"Feature","geometry":{"type":"Point","coordinates":[-73.900741,40.856093]},"properties":{":id":"row-zbgv_n32n~f5n6",":version":"rv-uxgb.4vsc-2nvx",":created_at":"2025-10-29T04:25:11.860Z",":updated_at":"2025-10-29T04:25:15.104Z","gtfs_stop_id":"D06","station_id":"214","complex_id":"214","division":"IND","line":"Concourse","stop_name":"182-183 Sts","borough":"Bx","cbd":"false","daytime_routes":"B D","structure":"Subway","gtfs_latitude":"40.856093","gtfs_longitude":"-73.900741","north_direction_label":"Northbound","south_direction_label":"Manhattan","ada":"0","ada_northbound":"0","ada_southbound":"0","ada_notes":null,":@computed_region_yamh_8v7k":"307",":@computed_region_wbg7_3whc":"653",":@computed_region_kjdx_g34t":"2032"}},
{"type":"Feature","geometry":{"type":"Point","coordinates":[-73.905227,40.85041]},"properties":{":id":"row-jryv_5c76.eh4a",":version":"rv-udrk_vbkg-qcg7",":created_at":"2025-10-29T04:25:11.860Z",":updated_at":"2025-10-29T04:25:15.104Z","gtfs_stop_id":"D07","station_id":"215","complex_id":"215","division":"IND","line":"Concourse","stop_name":"Tremont Av","borough":"Bx","cbd":"false","daytime_routes":"B D","structure":"Subway","gtfs_latitude":"40.85041","gtfs_longitude":"-73.905227","north_direction_label":"Northbound","south_direction_label":"Manhattan","ada":"1","ada_northbound":"1","ada_southbound":"1","ada_notes":null,":@computed_region_yamh_8v7k":"307",":@computed_region_wbg7_3whc":"653",":@computed_region_kjdx_g34t":"2032"}},
{"type":"Feature","geometry":{"type":"Point","coordinates":[-73.910136,40.8459]},"properties":{":id":"row-asvw-sy23.hnue",":version":"rv-zyfy_sbua_r6i4",":created_at":"2025-10-29T04:25:11.860Z",":updated_at":"2025-10-29T04:25:15.104Z","gtfs_stop_id":"D08","station_id":"216","complex_id":"216","division":"IND","line":"Concourse","stop_name":"174-175 Sts","borough":"Bx","cbd":"false","daytime_routes":"B D","structure":"Subway","gtfs_latitude":"40.8459","gtfs_longitude":"-73.910136","north_direction_label":"Northbound","south_direction_label":"Manhattan","ada":"0","ada_northbound":"0","ada_southbound":"0","ada_notes":null,":@computed_region_yamh_8v7k":"307",":@computed_region_wbg7_3whc":"649",":@computed_region_kjdx_g34t":"2032"}},
{"type":"Feature","geometry":{"type":"Point","coordinates":[-73.9134,40.839306]},"properties":{":id":"row-zgm8_db23.vhi3",":version":"rv-ifdm~k523.i3a8",":created_at":"2025-10-29T04:25:11.860Z",":updated_at":"2025-10-29T04:25:15.104Z","gtfs_stop_id":"D09","station_id":"217","complex_id":"217","division":"IND","line":"Concourse","stop_name":"170 St","borough":"Bx","cbd":"false","daytime_routes":"B D","structure":"Subway","gtfs_latitude":"40.839306","gtfs_longitude":"-73.9134","north_direction_label":"Northbound","south_direction_label":"Manhattan","ada":"0","ada_northbound":"0","ada_southbound":"0","ada_notes":null,":@computed_region_yamh_8v7k":"307",":@computed_region_wbg7_3whc":"652",":@computed_region_kjdx_g34t":"2032"}},
{"type":"Feature","geometry":{"type":"Point","coordinates":[-73.91844,40.833771]},"properties":{":id":"row-v5b5~6k9s~j3f9",":version":"rv-aker~n87x~eq8n",":created_at":"2025-10-29T04:25:11.860Z",":updated_at":"2025-10-29T04:25:15.104Z","gtfs_stop_id":"D10","station_id":"218","complex_id":"218","division":"IND","line":"Concourse","stop_name":"167 St","borough":"Bx","cbd":"false","daytime_routes":"B D","structure":"Subway","gtfs_latitude":"40.833771","gtfs_longitude":"-73.91844","north_direction_label":"Northbound","south_direction_label":"Manhattan","ada":"0","ada_northbound":"0","ada_southbound":"0","ada_notes":null,":@computed_region_yamh_8v7k":"307",":@computed_region_wbg7_3whc":"648",":@computed_region_kjdx_g34t":"2032"}},
{"type":"Feature","geometry":{"type":"Point","coordinates":[-73.925651,40.827905]},"properties":{":id":"row-g8tw_fpe6-v5pf",":version":"rv-rfpa.sugg_2mvx",":created_at":"2025-10-29T04:25:11.860Z",":updated_at":"2025-10-29T04:25:15.104Z","gtfs_stop_id":"D11","station_id":"219","complex_id":"604","division":"IND","line":"Concourse","stop_name":"161 St-Yankee Stadium","borough":"Bx","cbd":"false","daytime_routes":"B D","structure":"Subway","gtfs_latitude":"40.827905","gtfs_longitude":"-73.925651","north_direction_label":"Northbound","south_direction_label":"Manhattan","ada":"1","ada_northbound":"1","ada_southbound":"1","ada_notes":null,":@computed_region_yamh_8v7k":"307",":@computed_region_wbg7_3whc":"647",":@computed_region_kjdx_g34t":"2032"}},
{"type":"Feature","geometry":{"type":"Point","coordinates":[-73.938209,40.830135]},"properties":{":id":"row-riej-3afg~gbri",":version":"rv-7mm6_fpi6_47eg",":created_at":"2025-10-29T04:25:11.860Z",":updated_at":"2025-10-29T04:25:15.104Z","gtfs_stop_id":"D12","station_id":"220","complex_id":"220","division":"IND","line":"Concourse","stop_name":"155 St","borough":"M","cbd":"false","daytime_routes":"B D","structure":"Subway","gtfs_latitude":"40.830135","gtfs_longitude":"-73.938209","north_direction_label":"The Bronx","south_direction_label":"Downtown","ada":"0","ada_northbound":"0","ada_southbound":"0","ada_notes":null,":@computed_region_yamh_8v7k":"749",":@computed_region_wbg7_3whc":"798",":@computed_region_kjdx_g34t":"2095"}},
{"type":"Feature","geometry":{"type":"Point","coordinates":[-73.942836,40.754203]},"properties":{":id":"row-hz93-npqe-irrk",":version":"rv-kgfv.68rq~6i6r",":created_at":"2025-10-29T04:25:11.860Z",":updated_at":"2025-10-29T04:25:15.104Z","gtfs_stop_id":"B04","station_id":"221","complex_id":"221","division":"IND","line":"63rd St","stop_name":"21 St-Queensbridge","borough":"Q","cbd":"false","daytime_routes":"F","structure":"Subway","gtfs_latitude":"40.754203","gtfs_longitude":"-73.942836","north_direction_label":"Outbound","south_direction_label":"Manhattan","ada":"1","ada_northbound":"1","ada_southbound":"1","ada_notes":null,":@computed_region_yamh_8v7k":"196",":@computed_region_wbg7_3whc":"873",":@computed_region_kjdx_g34t":"2137"}},
{"type":"Feature","geometry":{"type":"Point","coordinates":[-73.95326,40.759145]},"properties":{":id":"row-7tsq~ie77~s4dz",":version":"rv-decr_q274-6eig",":created_at":"2025-10-29T04:25:11.860Z",":updated_at":"2025-10-29T04:25:15.104Z","gtfs_stop_id":"B06","station_id":"222","complex_id":"222","division":"IND","line":"63rd St","stop_name":"Roosevelt Island","borough":"M","cbd":"false","daytime_routes":"F","structure":"Subway","gtfs_latitude":"40.759145","gtfs_longitude":"-73.95326","north_direction_label":"Queens","south_direction_label":"Downtown","ada":"1","ada_northbound":"1","ada_southbound":"1","ada_notes":null,":@computed_region_yamh_8v7k":"749",":@computed_region_wbg7_3whc":"800",":@computed_region_kjdx_g34t":"2095"}},
{"type":"Feature","geometry":{"type":"Point","coordinates":[-73.966113,40.764629]},"properties":{":id":"row-d8c8.jnbh_bx96",":version":"rv-5d3r_dspq-77dk",":created_at":"2025-10-29T04:25:11.860Z",":updated_at":"2025-10-29T04:25:15.104Z","gtfs_stop_id":"B08","station_id":"223","complex_id":"223","division":"IND","line":"63rd St","stop_name":"Lexington Av/63 St","borough":"M","cbd":"false","daytime_routes":"F Q","structure":"Subway","gtfs_latitude":"40.764629","gtfs_longitude":"-73.966113","north_direction_label":"Uptown & Queens","south_direction_label":"Downtown","ada":"1","ada_northbound":"1","ada_southbound":"1","ada_notes":null,":@computed_region_yamh_8v7k":"749",":@computed_region_wbg7_3whc":null,":@computed_region_kjdx_g34t":"2095"}},
{"type":"Feature","geometry":{"type":"Point","coordinates":[-73.97745,40.763972]},"properties":{":id":"row-au97~tkhk_4eb8",":version":"rv-jys7-mw37-vzug",":created_at":"2025-10-29T04:25:11.860Z",":updated_at":"2025-10-29T04:25:15.104Z","gtfs_stop_id":"B10","station_id":"224","complex_id":"224","division":"IND","line":"6th Av - Culver","stop_name":"57 St","borough":"M","cbd":"true","daytime_routes":"F","structure":"Subway","gtfs_latitude":"40.763972","gtfs_longitude":"-73.97745","north_direction_label":"Uptown","south_direction_label":"Downtown","ada":"0","ada_northbound":"0","ada_southbound":"0","ada_notes":null,":@computed_region_yamh_8v7k":"749",":@computed_region_wbg7_3whc":"742",":@computed_region_kjdx_g34t":"2095"}},
{"type":"Feature","geometry":{"type":"Point","coordinates":[-73.981329,40.758663]},"properties":{":id":"row-dudm-an3i_57aq",":version":"rv-x9fx~cfmr-wcag",":created_at":"2025-10-29T04:25:11.860Z",":updated_at":"2025-10-29T04:25:15.104Z","gtfs_stop_id":"D15","station_id":"225","complex_id":"225","division":"IND","line":"6th Av - Culver","stop_name":"47-50 Sts-Rockefeller Ctr","borough":"M","cbd":"true","daytime_routes":"B D F M","structure":"Subway","gtfs_latitude":"40.758663","gtfs_longitude":"-73.981329","north_direction_label":"Uptown","south_direction_label":"Downtown","ada":"1","ada_northbound":"1","ada_southbound":"1","ada_notes":null,":@computed_region_yamh_8v7k":"749",":@computed_region_wbg7_3whc":"743",":@computed_region_kjdx_g34t":"2095"}},
{"type":"Feature","geometry":{"type":"Point","coordinates":[-73.984569,40.754222]},"properties":{":id":"row-ctaf_r4aa-kyv6",":version":"rv-9fxu~kjhm_hyve",":created_at":"2025-10-29T04:25:11.860Z",":updated_at":"2025-10-29T04:25:15.104Z","gtfs_stop_id":"D16","station_id":"226","complex_id":"609","division":"IND","line":"6th Av - Culver","stop_name":"42 St-Bryant Pk","borough":"M","cbd":"true","daytime_routes":"B D F M","structure":"Subway","gtfs_latitude":"40.754222","gtfs_longitude":"-73.984569","north_direction_label":"Uptown","south_direction_label":"Downtown","ada":"0","ada_northbound":"0","ada_southbound":"0","ada_notes":null,":@computed_region_yamh_8v7k":"749",":@computed_region_wbg7_3whc":"795",":@computed_region_kjdx_g34t":"2095"}},
{"type":"Feature","geometry":{"type":"Point","coordinates":[-73.987823,40.749719]},"properties":{":id":"row-v6nq~53w6~eih6",":version":"rv-vwcx-8afh.jim5",":created_at":"2025-10-29T04:25:11.860Z",":updated_at":"2025-10-29T04:25:15.104Z","gtfs_stop_id":"D17","station_id":"227","complex_id":"607","division":"IND","line":"6th Av - Culver","stop_name":"34 St-Herald Sq","borough":"M","cbd":"true","daytime_routes":"B D F M","structure":"Subway","gtfs_latitude":"40.749719","gtfs_longitude":"-73.987823","north_direction_label":"Uptown","south_direction_label":"Downtown","ada":"1","ada_northbound":"1","ada_southbound":"1","ada_notes":null,":@computed_region_yamh_8v7k":"749",":@computed_region_wbg7_3whc":"717",":@computed_region_kjdx_g34t":"2095"}},
{"type":"Feature","geometry":{"type":"Point","coordinates":[-73.992821,40.742878]},"properties":{":id":"row-dyvv-2wk9_vc6u",":version":"rv-m3j8~qyvu.xr7v",":created_at":"2025-10-29T04:25:11.860Z",":updated_at":"2025-10-29T04:25:15.104Z","gtfs_stop_id":"D18","station_id":"228","complex_id":"228","division":"IND","line":"6th Av - Culver","stop_name":"23 St","borough":"M","cbd":"true","daytime_routes":"F M","structure":"Subway","gtfs_latitude":"40.742878","gtfs_longitude":"-73.992821","north_direction_label":"Uptown","south_direction_label":"Downtown","ada":"0","ada_northbound":"0","ada_southbound":"0","ada_notes":null,":@computed_region_yamh_8v7k":"749",":@computed_region_wbg7_3whc":"734",":@computed_region_kjdx_g34t":"2095"}},
{"type":"Feature","geometry":{"type":"Point","coordinates":[-73.996209,40.738228]},"properties":{":id":"row-2kjr.v7my_xdvc",":version":"rv-rbbq.5ci8~5ize",":created_at":"2025-10-29T04:25:11.860Z",":updated_at":"2025-10-29T04:25:15.104Z","gtfs_stop_id":"D19","station_id":"229","complex_id":"601","division":"IND","line":"6th Av - Culver","stop_name":"14 St","borough":"M","cbd":"true","daytime_routes":"F M","structure":"Subway","gtfs_latitude":"40.738228","gtfs_longitude":"-73.996209","north_direction_label":"Uptown","south_direction_label":"Downtown","ada":"1","ada_northbound":"1","ada_southbound":"1","ada_notes":null,":@computed_region_yamh_8v7k":"749",":@computed_region_wbg7_3whc":"735",":@computed_region_kjdx_g34t":"2095"}},
{"type":"Feature","geometry":{"type":"Point","coordinates":[-73.996204,40.725297]},"properties":{":id":"row-mijs-zcgk~te7g",":version":"rv-qwyp~9jd6_vym6",":created_at":"2025-10-29T04:25:11.860Z",":updated_at":"2025-10-29T04:25:15.104Z","gtfs_stop_id":"D21","station_id":"230","complex_id":"619","division":"IND","line":"6th Av - Culver","stop_name":"Broadway-Lafayette St","borough":"M","cbd":"true","daytime_routes":"B D F M","structure":"Subway","gtfs_latitude":"40.725297","gtfs_longitude":"-73.996204","north_direction_label":"Uptown","south_direction_label":"Downtown","ada":"1","ada_northbound":"1","ada_southbound":"1","ada_notes":null,":@computed_region_yamh_8v7k":"749",":@computed_region_wbg7_3whc":"736",":@computed_region_kjdx_g34t":"2095"}},
{"type":"Feature","geometry":{"type":"Point","coordinates":[-73.993753,40.718267]},"properties":{":id":"row-ivji~3b5i_ban2",":version":"rv-n5j6-hdxv.x5nd",":created_at":"2025-10-29T04:25:11.860Z",":updated_at":"2025-10-29T04:25:15.104Z","gtfs_stop_id":"D22","station_id":"231","complex_id":"231","division":"IND","line":"6th Av - Culver","stop_name":"Grand St","borough":"M","cbd":"true","daytime_routes":"B D","structure":"Subway","gtfs_latitude":"40.718267","gtfs_longitude":"-73.993753","north_direction_label":"Uptown","south_direction_label":"Brooklyn","ada":"0","ada_northbound":"0","ada_southbound":"0","ada_notes":null,":@computed_region_yamh_8v7k":"749",":@computed_region_wbg7_3whc":"718",":@computed_region_kjdx_g34t":"2095"}},
{"type":"Feature","geometry":{"type":"Point","coordinates":[-73.989938,40.723402]},"properties":{":id":"row-9gjp_rkkr-mmfh",":version":"rv-x9y2_kgdq_5afs",":created_at":"2025-10-29T04:25:11.860Z",":updated_at":"2025-10-29T04:25:15.104Z","gtfs_stop_id":"F14","station_id":"232","complex_id":"232","division":"IND","line":"6th Av - Culver","stop_name":"2 Av","borough":"M","cbd":"true","daytime_routes":"F","structure":"Subway","gtfs_latitude":"40.723402","gtfs_longitude":"-73.989938","north_direction_label":"Uptown","south_direction_label":"Downtown","ada":"0","ada_northbound":"0","ada_southbound":"0","ada_notes":null,":@computed_region_yamh_8v7k":"749",":@computed_region_wbg7_3whc":"719",":@computed_region_kjdx_g34t":"2095"}},
{"type":"Feature","geometry":{"type":"Point","coordinates":[-73.988114,40.718611]},"properties":{":id":"row-nfvp.g8kb_sf74",":version":"rv-s8v5.um6x-2jce",":created_at":"2025-10-29T04:25:11.860Z",":updated_at":"2025-10-29T04:25:15.104Z","gtfs_stop_id":"F15","station_id":"233","complex_id":"625","division":"IND","line":"6th Av - Culver","stop_name":"Delancey St-Essex St","borough":"M","cbd":"true","daytime_routes":"F","structure":"Subway","gtfs_latitude":"40.718611","gtfs_longitude":"-73.988114","north_direction_label":"Uptown","south_direction_label":"Brooklyn","ada":"0","ada_northbound":"0","ada_southbound":"0","ada_notes":null,":@computed_region_yamh_8v7k":"749",":@computed_region_wbg7_3whc":"718",":@computed_region_kjdx_g34t":"2095"}},
{"type":"Feature","geometry":{"type":"Point","coordinates":[-73.990173,40.713715]},"properties":{":id":"row-vnh9_jqjp.tg2j",":version":"rv-5rgb.h4c9_9z9r",":created_at":"2025-10-29T04:25:11.860Z",":updated_at":"2025-10-29T04:25:15.104Z","gtfs_stop_id":"F16","station_id":"234","complex_id":"234","division":"IND","line":"6th Av - Culver","stop_name":"East Broadway","borough":"M","cbd":"true","daytime_routes":"F","structure":"Subway","gtfs_latitude":"40.713715","gtfs_longitude":"-73.990173","north_direction_label":"Uptown","south_direction_label":"Brooklyn","ada":"0","ada_northbound":"0","ada_southbound":"0","ada_notes":null,":@computed_region_yamh_8v7k":"749",":@computed_region_wbg7_3whc":"718",":@computed_region_kjdx_g34t":"2095"}},
{"type":"Feature","geometry":{"type":"Point","coordinates":[-73.986751,40.701397]},"properties":{":id":"row-6w7s.7crf.zf8h",":version":"rv-djrg.3nrn-uxi2",":created_at":"2025-10-29T04:25:11.860Z",":updated_at":"2025-10-29T04:25:15.104Z","gtfs_stop_id":"F18","station_id":"235","complex_id":"235","division":"IND","line":"6th Av - Culver","stop_name":"York St","borough":"Bk","cbd":"false","daytime_routes":"F","structure":"Subway","gtfs_latitude":"40.701397","gtfs_longitude":"-73.986751","north_direction_label":"Manhattan","south_direction_label":"Southbound","ada":"0","ada_northbound":"0","ada_southbound":"0","ada_notes":null,":@computed_region_yamh_8v7k":"894",":@computed_region_wbg7_3whc":"880",":@computed_region_kjdx_g34t":"2095"}},
{"type":"Feature","geometry":{"type":"Point","coordinates":[-73.990862,40.686145]},"properties":{":id":"row-eqgz-xd8q.2u4v",":version":"rv-5xua.r3me-d75u",":created_at":"2025-10-29T04:25:11.860Z",":updated_at":"2025-10-29T04:25:15.104Z","gtfs_stop_id":"F20","station_id":"236","complex_id":"236","division":"IND","line":"6th Av - Culver","stop_name":"Bergen St","borough":"Bk","cbd":"false","daytime_routes":"F G","structure":"Subway","gtfs_latitude":"40.686145","gtfs_longitude":"-73.990862","north_direction_label":"Northbound","south_direction_label":"Southbound","ada":"0","ada_northbound":"0","ada_southbound":"0","ada_notes":null,":@computed_region_yamh_8v7k":"894",":@computed_region_wbg7_3whc":"880",":@computed_region_kjdx_g34t":"2090"}},
{"type":"Feature","geometry":{"type":"Point","coordinates":[-73.995048,40.680303]},"properties":{":id":"row-hvxm-ymzu_m8wy",":version":"rv-jaxc_gepa-ktev",":created_at":"2025-10-29T04:25:11.860Z",":updated_at":"2025-10-29T04:25:15.104Z","gtfs_stop_id":"F21","station_id":"237","complex_id":"237","division":"IND","line":"6th Av - Culver","stop_name":"Carroll St","borough":"Bk","cbd":"false","daytime_routes":"F G","structure":"Subway","gtfs_latitude":"40.680303","gtfs_longitude":"-73.995048","north_direction_label":"Northbound","south_direction_label":"Southbound","ada":"0","ada_northbound":"0","ada_southbound":"0","ada_notes":null,":@computed_region_yamh_8v7k":"894",":@computed_region_wbg7_3whc":"814",":@computed_region_kjdx_g34t":"2090"}},
{"type":"Feature","geometry":{"type":"Point","coordinates":[-73.995959,40.67358]},"properties":{":id":"row-fukc~z6af~epm4",":version":"rv-zkkq-q2hc~s4sg",":created_at":"2025-10-29T04:25:11.860Z",":updated_at":"2025-10-29T04:25:15.104Z","gtfs_stop_id":"F22","station_id":"238","complex_id":"238","division":"IND","line":"6th Av - Culver","stop_name":"Smith-9 Sts","borough":"Bk","cbd":"false","daytime_routes":"F G","structure":"Viaduct","gtfs_latitude":"40.67358","gtfs_longitude":"-73.995959","north_direction_label":"Northbound","south_direction_label":"Southbound","ada":"0","ada_northbound":"0","ada_southbound":"0","ada_notes":null,":@computed_region_yamh_8v7k":"894",":@computed_region_wbg7_3whc":"893",":@computed_region_kjdx_g34t":"2090"}},
{"type":"Feature","geometry":{"type":"Point","coordinates":[-73.989779,40.670272]},"properties":{":id":"row-njna.czwr_37yn",":version":"rv-mupi.gwie-kfix",":created_at":"2025-10-29T04:25:11.860Z",":updated_at":"2025-10-29T04:25:15.104Z","gtfs_stop_id":"F23","station_id":"239","complex_id":"608","division":"IND","line":"6th Av - Culver","stop_name":"4 Av-9 St","borough":"Bk","cbd":"false","daytime_routes":"F G","structure":"Viaduct","gtfs_latitude":"40.670272","gtfs_longitude":"-73.989779","north_direction_label":"Northbound","south_direction_label":"Southbound","ada":"0","ada_northbound":"0","ada_southbound":"0","ada_notes":null,":@computed_region_yamh_8v7k":"894",":@computed_region_wbg7_3whc":"893",":@computed_region_kjdx_g34t":"2090"}},
{"type":"Feature","geometry":{"type":"Point","coordinates":[-73.980305,40.666271]},"properties":{":id":"row-ahnr.eze7_ha4b",":version":"rv-nx2y_r6sh-6miw",":created_at":"2025-10-29T04:25:11.860Z",":updated_at":"2025-10-29T04:25:15.104Z","gtfs_stop_id":"F24","station_id":"240","complex_id":"240","division":"IND","line":"6th Av - Culver","stop_name":"7 Av","borough":"Bk","cbd":"false","daytime_routes":"F G","structure":"Subway","gtfs_latitude":"40.666271","gtfs_longitude":"-73.980305","north_direction_label":"Northbound","south_direction_label":"Southbound","ada":"1","ada_northbound":"1","ada_southbound":"1","ada_notes":null,":@computed_region_yamh_8v7k":"894",":@computed_region_wbg7_3whc":"893",":@computed_region_kjdx_g34t":"2090"}},
{"type":"Feature","geometry":{"type":"Point","coordinates":[-73.979493,40.660365]},"properties":{":id":"row-kwtv-rgpk_qd4v",":version":"rv-w4bf.kzwa-kywr",":created_at":"2025-10-29T04:25:11.860Z",":updated_at":"2025-10-29T04:25:15.104Z","gtfs_stop_id":"F25","station_id":"241","complex_id":"241","division":"IND","line":"6th Av - Culver","stop_name":"15 St-Prospect Park","borough":"Bk","cbd":"false","daytime_routes":"F G","structure":"Subway","gtfs_latitude":"40.660365","gtfs_longitude":"-73.979493","north_direction_label":"Northbound","south_direction_label":"Southbound","ada":"0","ada_northbound":"0","ada_southbound":"0","ada_notes":null,":@computed_region_yamh_8v7k":"894",":@computed_region_wbg7_3whc":"893",":@computed_region_kjdx_g34t":"2090"}},
{"type":"Feature","geometry":{"type":"Point","coordinates":[-73.975776,40.650782]},"properties":{":id":"row-b65m~r6mz_aasv",":version":"rv-a2x8~mb8n_wypi",":created_at":"2025-10-29T04:25:11.860Z",":updated_at":"2025-10-29T04:25:15.104Z","gtfs_stop_id":"F26","station_id":"242","complex_id":"242","division":"IND","line":"6th Av - Culver","stop_name":"Fort Hamilton Pkwy","borough":"Bk","cbd":"false","daytime_routes":"F G","structure":"Subway","gtfs_latitude":"40.650782","gtfs_longitude":"-73.975776","north_direction_label":"Northbound","south_direction_label":"Southbound","ada":"0","ada_northbound":"0","ada_southbound":"0","ada_notes":null,":@computed_region_yamh_8v7k":"894",":@computed_region_wbg7_3whc":"896",":@computed_region_kjdx_g34t":"2090"}},
{"type":"Feature","geometry":{"type":"Point","coordinates":[-73.979678,40.644041]},"properties":{":id":"row-r44f~r362~mjjq",":version":"rv-k9yn.8pk5-pwzs",":created_at":"2025-10-29T04:25:11.860Z",":updated_at":"2025-10-29T04:25:15.104Z","gtfs_stop_id":"F27","station_id":"243","complex_id":"243","division":"IND","line":"6th Av - Culver","stop_name":"Church Av","borough":"Bk","cbd":"false","daytime_routes":"F G","structure":"Subway","gtfs_latitude":"40.644041","gtfs_longitude":"-73.979678","north_direction_label":"Northbound","south_direction_label":"Southbound","ada":"1","ada_northbound":"1","ada_southbound":"1","ada_notes":null,":@computed_region_yamh_8v7k":"894",":@computed_region_wbg7_3whc":"896",":@computed_region_kjdx_g34t":"2090"}},
{"type":"Feature","geometry":{"type":"Point","coordinates":[-73.978172,40.636119]},"properties":{":id":"row-354i-sb4g-3nrh",":version":"rv-hnws~zrt3~bgre",":created_at":"2025-10-29T04:25:11.860Z",":updated_at":"2025-10-29T04:25:15.104Z","gtfs_stop_id":"F29","station_id":"244","complex_id":"244","division":"IND","line":"6th Av - Culver","stop_name":"Ditmas Av","borough":"Bk","cbd":"false","daytime_routes":"F","structure":"Elevated","gtfs_latitude":"40.636119","gtfs_longitude":"-73.978172","north_direction_label":"Manhattan","south_direction_label":"Southbound","ada":"0","ada_northbound":"0","ada_southbound":"0","ada_notes":null,":@computed_region_yamh_8v7k":"894",":@computed_region_wbg7_3whc":"896",":@computed_region_kjdx_g34t":"2090"}},
{"type":"Feature","geometry":{"type":"Point","coordinates":[-73.976971,40.629755]},"properties":{":id":"row-unvh~38uk-yez5",":version":"rv-7r26-v8x6~g93v",":created_at":"2025-10-29T04:25:11.860Z",":updated_at":"2025-10-29T04:25:15.104Z","gtfs_stop_id":"F30","station_id":"245","complex_id":"245","division":"IND","line":"6th Av - Culver","stop_name":"18 Av","borough":"Bk","cbd":"false","daytime_routes":"F","structure":"Elevated","gtfs_latitude":"40.629755","gtfs_longitude":"-73.976971","north_direction_label":"Manhattan","south_direction_label":"Southbound","ada":"0","ada_northbound":"0","ada_southbound":"0","ada_notes":null,":@computed_region_yamh_8v7k":"894",":@computed_region_wbg7_3whc":"813",":@computed_region_kjdx_g34t":"2090"}},
{"type":"Feature","geometry":{"type":"Point","coordinates":[-73.976127,40.625322]},"properties":{":id":"row-u557-ru6b-5sty",":version":"rv-rbd6-zszk~s3zs",":created_at":"2025-10-29T04:25:11.860Z",":updated_at":"2025-10-29T04:25:15.104Z","gtfs_stop_id":"F31","station_id":"246","complex_id":"246","division":"IND","line":"6th Av - Culver","stop_name":"Avenue I","borough":"Bk","cbd":"false","daytime_routes":"F","structure":"Elevated","gtfs_latitude":"40.625322","gtfs_longitude":"-73.976127","north_direction_label":"Manhattan","south_direction_label":"Southbound","ada":"0","ada_northbound":"0","ada_southbound":"0","ada_notes":null,":@computed_region_yamh_8v7k":"894",":@computed_region_wbg7_3whc":"813",":@computed_region_kjdx_g34t":"2090"}},
{"type":"Feature","geometry":{"type":"Point","coordinates":[-73.975264,40.620769]},"properties":{":id":"row-e9dr.8rhp.cx4g",":version":"rv-m8bu-76kt_b8k5",":created_at":"2025-10-29T04:25:11.860Z",":updated_at":"2025-10-29T04:25:15.104Z","gtfs_stop_id":"F32","station_id":"247","complex_id":"247","division":"IND","line":"6th Av - Culver","stop_name":"Bay Pkwy","borough":"Bk","cbd":"false","daytime_routes":"F","structure":"Elevated","gtfs_latitude":"40.620769","gtfs_longitude":"-73.975264","north_direction_label":"Manhattan","south_direction_label":"Southbound","ada":"0","ada_northbound":"0","ada_southbound":"0","ada_notes":null,":@computed_region_yamh_8v7k":"894",":@computed_region_wbg7_3whc":"813",":@computed_region_kjdx_g34t":"2090"}},
{"type":"Feature","geometry":{"type":"Point","coordinates":[-73.974197,40.61514]},"properties":{":id":"row-hf98-bd8j~khe5",":version":"rv-jjt5-wgs3_zp69",":created_at":"2025-10-29T04:25:11.860Z",":updated_at":"2025-10-29T04:25:15.104Z","gtfs_stop_id":"F33","station_id":"248","complex_id":"248","division":"IND","line":"6th Av - Culver","stop_name":"Avenue N","borough":"Bk","cbd":"false","daytime_routes":"F","structure":"Elevated","gtfs_latitude":"40.61514","gtfs_longitude":"-73.974197","north_direction_label":"Manhattan","south_direction_label":"Southbound","ada":"0","ada_northbound":"0","ada_southbound":"0","ada_notes":null,":@computed_region_yamh_8v7k":"894",":@computed_region_wbg7_3whc":"813",":@computed_region_kjdx_g34t":"2090"}},
{"type":"Feature","geometry":{"type":"Point","coordinates":[-73.973022,40.608944]},"properties":{":id":"row-k9n6.99kw_ej2c",":version":"rv-m77c~xztq~86f3",":created_at":"2025-10-29T04:25:11.860Z",":updated_at":"2025-10-29T04:25:15.104Z","gtfs_stop_id":"F34","station_id":"249","complex_id":"249","division":"IND","line":"6th Av - Culver","stop_name":"Avenue P","borough":"Bk","cbd":"false","daytime_routes":"F","structure":"Elevated","gtfs_latitude":"40.608944","gtfs_longitude":"-73.973022","north_direction_label":"Manhattan","south_direction_label":"Southbound","ada":"0","ada_northbound":"0","ada_southbound":"0","ada_notes":null,":@computed_region_yamh_8v7k":"894",":@computed_region_wbg7_3whc":"882",":@computed_region_kjdx_g34t":"2090"}},
{"type":"Feature","geometry":{"type":"Point","coordinates":[-73.972361,40.603217]},"properties":{":id":"row-4b67~9jur.v5tz",":version":"rv-ff3n_59ra.7wpp",":created_at":"2025-10-29T04:25:11.860Z",":updated_at":"2025-10-29T04:25:15.104Z","gtfs_stop_id":"F35","station_id":"250","complex_id":"250","division":"IND","line":"6th Av - Culver","stop_name":"Kings Hwy","borough":"Bk","cbd":"false","daytime_routes":"F","structure":"Elevated","gtfs_latitude":"40.603217","gtfs_longitude":"-73.972361","north_direction_label":"Manhattan","south_direction_label":"Southbound","ada":"0","ada_northbound":"0","ada_southbound":"0","ada_notes":null,":@computed_region_yamh_8v7k":"894",":@computed_region_wbg7_3whc":"902",":@computed_region_kjdx_g34t":"2090"}},
{"type":"Feature","geometry":{"type":"Point","coordinates":[-73.973357,40.596063]},"properties":{":id":"row-dgq3-x8mn.3kwg",":version":"rv-ai5i~8uif-y9dw",":created_at":"2025-10-29T04:25:11.860Z",":updated_at":"2025-10-29T04:25:15.104Z","gtfs_stop_id":"F36","station_id":"251","complex_id":"251","division":"IND","line":"6th Av - Culver","stop_name":"Avenue U","borough":"Bk","cbd":"false","daytime_routes":"F","structure":"Elevated","gtfs_latitude":"40.596063","gtfs_longitude":"-73.973357","north_direction_label":"Manhattan","south_direction_label":"Coney Island","ada":"0","ada_northbound":"0","ada_southbound":"0","ada_notes":null,":@computed_region_yamh_8v7k":"894",":@computed_region_wbg7_3whc":"902",":@computed_region_kjdx_g34t":"2090"}},
{"type":"Feature","geometry":{"type":"Point","coordinates":[-73.97425,40.58962]},"properties":{":id":"row-7yb5.cwfu~jzd4",":version":"rv-5z4x-rrun-iewv",":created_at":"2025-10-29T04:25:11.860Z",":updated_at":"2025-10-29T04:25:15.104Z","gtfs_stop_id":"F38","station_id":"252","complex_id":"252","division":"IND","line":"6th Av - Culver","stop_name":"Avenue X","borough":"Bk","cbd":"false","daytime_routes":"F","structure":"Elevated","gtfs_latitude":"40.58962","gtfs_longitude":"-73.97425","north_direction_label":"Manhattan","south_direction_label":"Coney Island","ada":"0","ada_northbound":"0","ada_southbound":"0","ada_notes":null,":@computed_region_yamh_8v7k":"894",":@computed_region_wbg7_3whc":"902",":@computed_region_kjdx_g34t":"2090"}},
{"type":"Feature","geometry":{"type":"Point","coordinates":[-73.974574,40.581011]},"properties":{":id":"row-dntz.9zkn_zeew",":version":"rv-rvw5_c76v_49tu",":created_at":"2025-10-29T04:25:11.860Z",":updated_at":"2025-10-29T04:25:15.104Z","gtfs_stop_id":"F39","station_id":"253","complex_id":"253","division":"IND","line":"6th Av - Culver","stop_name":"Neptune Av","borough":"Bk","cbd":"false","daytime_routes":"F","structure":"Elevated","gtfs_latitude":"40.581011","gtfs_longitude":"-73.974574","north_direction_label":"Manhattan","south_direction_label":"Coney Island","ada":"0","ada_northbound":"0","ada_southbound":"0","ada_notes":null,":@computed_region_yamh_8v7k":"894",":@computed_region_wbg7_3whc":"903",":@computed_region_kjdx_g34t":"2090"}},
{"type":"Feature","geometry":{"type":"Point","coordinates":[-73.783817,40.712646]},"properties":{":id":"row-ckbr~n7a6-2jx8",":version":"rv-ajm5.cvb3.7eqs",":created_at":"2025-10-29T04:25:11.860Z",":updated_at":"2025-10-29T04:25:15.104Z","gtfs_stop_id":"F01","station_id":"254","complex_id":"254","division":"IND","line":"Queens Blvd","stop_name":"Jamaica-179 St","borough":"Q","cbd":"false","daytime_routes":"F","structure":"Subway","gtfs_latitude":"40.712646","gtfs_longitude":"-73.783817","north_direction_label":"Last Stop","south_direction_label":"Manhattan","ada":"1","ada_northbound":"1","ada_southbound":"1","ada_notes":null,":@computed_region_yamh_8v7k":"196",":@computed_region_wbg7_3whc":"1216",":@computed_region_kjdx_g34t":"2137"}},
{"type":"Feature","geometry":{"type":"Point","coordinates":[-73.793604,40.71047]},"properties":{":id":"row-raji~tey2.7dyq",":version":"rv-aghg_rred~72rr",":created_at":"2025-10-29T04:25:11.860Z",":updated_at":"2025-10-29T04:25:15.104Z","gtfs_stop_id":"F02","station_id":"255","complex_id":"255","division":"IND","line":"Queens Blvd","stop_name":"169 St","borough":"Q","cbd":"false","daytime_routes":"F","structure":"Subway","gtfs_latitude":"40.71047","gtfs_longitude":"-73.793604","north_direction_label":"Jamaica","south_direction_label":"Manhattan","ada":"0","ada_northbound":"0","ada_southbound":"0","ada_notes":null,":@computed_region_yamh_8v7k":"196",":@computed_region_wbg7_3whc":"1216",":@computed_region_kjdx_g34t":"2137"}},
{"type":"Feature","geometry":{"type":"Point","coordinates":[-73.803326,40.707564]},"properties":{":id":"row-363c-qy6i.jkis",":version":"rv-k9wc_47ay~5bbc",":created_at":"2025-10-29T04:25:11.860Z",":updated_at":"2025-10-29T04:25:15.104Z","gtfs_stop_id":"F03","station_id":"256","complex_id":"256","division":"IND","line":"Queens Blvd","stop_name":"Parsons Blvd","borough":"Q","cbd":"false","daytime_routes":"F","structure":"Subway","gtfs_latitude":"40.707564","gtfs_longitude":"-73.803326","north_direction_label":"Jamaica","south_direction_label":"Manhattan","ada":"0","ada_northbound":"0","ada_southbound":"0","ada_notes":null,":@computed_region_yamh_8v7k":"196",":@computed_region_wbg7_3whc":"1216",":@computed_region_kjdx_g34t":"2137"}},
{"type":"Feature","geometry":{"type":"Point","coordinates":[-73.810708,40.70546]},"properties":{":id":"row-54ie-pme8~9j8n",":version":"rv-b28z-smnr~ssfs",":created_at":"2025-10-29T04:25:11.860Z",":updated_at":"2025-10-29T04:25:15.104Z","gtfs_stop_id":"F04","station_id":"257","complex_id":"257","division":"IND","line":"Queens Blvd","stop_name":"Sutphin Blvd","borough":"Q","cbd":"false","daytime_routes":"F","structure":"Subway","gtfs_latitude":"40.70546","gtfs_longitude":"-73.810708","north_direction_label":"Jamaica","south_direction_label":"Manhattan","ada":"0","ada_northbound":"0","ada_southbound":"0","ada_notes":null,":@computed_region_yamh_8v7k":"196",":@computed_region_wbg7_3whc":"1262",":@computed_region_kjdx_g34t":"2137"}},
{"type":"Feature","geometry":{"type":"Point","coordinates":[-73.820574,40.709179]},"properties":{":id":"row-8rbe~xbtc-vpn6",":version":"rv-vz6m-qi6s_fnkp",":created_at":"2025-10-29T04:25:11.860Z",":updated_at":"2025-10-29T04:25:15.104Z","gtfs_stop_id":"F05","station_id":"258","complex_id":"258","division":"IND","line":"Queens Blvd","stop_name":"Briarwood","borough":"Q","cbd":"false","daytime_routes":"E F","structure":"Subway","gtfs_latitude":"40.709179","gtfs_longitude":"-73.820574","north_direction_label":"Jamaica","south_direction_label":"Manhattan","ada":"0","ada_northbound":"0","ada_southbound":"0","ada_notes":null,":@computed_region_yamh_8v7k":"196",":@computed_region_wbg7_3whc":"1162",":@computed_region_kjdx_g34t":"2137"}},
{"type":"Feature","geometry":{"type":"Point","coordinates":[-73.831008,40.714441]},"properties":{":id":"row-srr4~i8ai-7hgi",":version":"rv-rnbs.i7zx_tb4k",":created_at":"2025-10-29T04:25:11.860Z",":updated_at":"2025-10-29T04:25:15.104Z","gtfs_stop_id":"F06","station_id":"259","complex_id":"259","division":"IND","line":"Queens Blvd","stop_name":"Kew Gardens-Union Tpke","borough":"Q","cbd":"false","daytime_routes":"E F","structure":"Subway","gtfs_latitude":"40.714441","gtfs_longitude":"-73.831008","north_direction_label":"Jamaica","south_direction_label":"Manhattan","ada":"1","ada_northbound":"1","ada_southbound":"1","ada_notes":null,":@computed_region_yamh_8v7k":"196",":@computed_region_wbg7_3whc":"845",":@computed_region_kjdx_g34t":"2137"}},
{"type":"Feature","geometry":{"type":"Point","coordinates":[-73.837324,40.718331]},"properties":{":id":"row-rj5f-bqpj_rzbx",":version":"rv-vpkx~39s8-ywu6",":created_at":"2025-10-29T04:25:11.860Z",":updated_at":"2025-10-29T04:25:15.104Z","gtfs_stop_id":"F07","station_id":"260","complex_id":"260","division":"IND","line":"Queens Blvd","stop_name":"75 Av","borough":"Q","cbd":"false","daytime_routes":"E F","structure":"Subway","gtfs_latitude":"40.718331","gtfs_longitude":"-73.837324","north_direction_label":"Jamaica","south_direction_label":"Manhattan","ada":"0","ada_northbound":"0","ada_southbound":"0","ada_notes":null,":@computed_region_yamh_8v7k":"196",":@computed_region_wbg7_3whc":"845",":@computed_region_kjdx_g34t":"2137"}},
{"type":"Feature","geometry":{"type":"Point","coordinates":[-73.844521,40.721691]},"properties":{":id":"row-2x3p.dsj9-gp6j",":version":"rv-m4bb-xqa5-s3s9",":created_at":"2025-10-29T04:25:11.860Z",":updated_at":"2025-10-29T04:25:15.104Z","gtfs_stop_id":"G08","station_id":"261","complex_id":"261","division":"IND","line":"Queens Blvd","stop_name":"Forest Hills-71 Av","borough":"Q","cbd":"false","daytime_routes":"E F M R","structure":"Subway","gtfs_latitude":"40.721691","gtfs_longitude":"-73.844521","north_direction_label":"Outbound","south_direction_label":"Manhattan","ada":"1","ada_northbound":"1","ada_southbound":"1","ada_notes":null,":@computed_region_yamh_8v7k":"196",":@computed_region_wbg7_3whc":"845",":@computed_region_kjdx_g34t":"2137"}},
{"type":"Feature","geometry":{"type":"Point","coordinates":[-73.852719,40.726523]},"properties":{":id":"row-kpjv-6hct_7kaj",":version":"rv-k8nr.xb9w-ghyv",":created_at":"2025-10-29T04:25:11.860Z",":updated_at":"2025-10-29T04:25:15.104Z","gtfs_stop_id":"G09","station_id":"262","complex_id":"262","division":"IND","line":"Queens Blvd","stop_name":"67 Av","borough":"Q","cbd":"false","daytime_routes":"M R","structure":"Subway","gtfs_latitude":"40.726523","gtfs_longitude":"-73.852719","north_direction_label":"Outbound","south_direction_label":"Manhattan","ada":"0","ada_northbound":"0","ada_southbound":"0","ada_notes":null,":@computed_region_yamh_8v7k":"196",":@computed_region_wbg7_3whc":"845",":@computed_region_kjdx_g34t":"2137"}},
{"type":"Feature","geometry":{"type":"Point","coordinates":[-73.861604,40.729846]},"properties":{":id":"row-akw4-vugj_cuuy",":version":"rv-2bxs_s4zw.vx2d",":created_at":"2025-10-29T04:25:11.860Z",":updated_at":"2025-10-29T04:25:15.104Z","gtfs_stop_id":"G10","station_id":"263","complex_id":"263","division":"IND","line":"Queens Blvd","stop_name":"63 Dr-Rego Park","borough":"Q","cbd":"false","daytime_routes":"M R","structure":"Subway","gtfs_latitude":"40.729846","gtfs_longitude":"-73.861604","north_direction_label":"Outbound","south_direction_label":"Manhattan","ada":"0","ada_northbound":"0","ada_southbound":"0","ada_notes":null,":@computed_region_yamh_8v7k":"196",":@computed_region_wbg7_3whc":"844",":@computed_region_kjdx_g34t":"2137"}},
{"type":"Feature","geometry":{"type":"Point","coordinates":[-73.869229,40.733106]},"properties":{":id":"row-zjcb_v94m_7vy3",":version":"rv-2nv9-4uaq.hasm",":created_at":"2025-10-29T04:25:11.860Z",":updated_at":"2025-10-29T04:25:15.104Z","gtfs_stop_id":"G11","station_id":"264","complex_id":"264","division":"IND","line":"Queens Blvd","stop_name":"Woodhaven Blvd","borough":"Q","cbd":"false","daytime_routes":"M R","structure":"Subway","gtfs_latitude":"40.733106","gtfs_longitude":"-73.869229","north_direction_label":"Outbound","south_direction_label":"Manhattan","ada":"0","ada_northbound":"0","ada_southbound":"0","ada_notes":null,":@computed_region_yamh_8v7k":"196",":@computed_region_wbg7_3whc":"843",":@computed_region_kjdx_g34t":"2137"}},
{"type":"Feature","geometry":{"type":"Point","coordinates":[-73.877223,40.737015]},"properties":{":id":"row-t297-fqg4~rnug",":version":"rv-xeew~y7hi-fkhn",":created_at":"2025-10-29T04:25:11.860Z",":updated_at":"2025-10-29T04:25:15.104Z","gtfs_stop_id":"G12","station_id":"265","complex_id":"265","division":"IND","line":"Queens Blvd","stop_name":"Grand Av-Newtown","borough":"Q","cbd":"false","daytime_routes":"M R","structure":"Subway","gtfs_latitude":"40.737015","gtfs_longitude":"-73.877223","north_direction_label":"Outbound","south_direction_label":"Manhattan","ada":"0","ada_northbound":"0","ada_southbound":"0","ada_notes":null,":@computed_region_yamh_8v7k":"196",":@computed_region_wbg7_3whc":"843",":@computed_region_kjdx_g34t":"2137"}},
{"type":"Feature","geometry":{"type":"Point","coordinates":[-73.882017,40.742454]},"properties":{":id":"row-r9uy.n8je-pp7a",":version":"rv-uy39~2wwc-z4te",":created_at":"2025-10-29T04:25:11.860Z",":updated_at":"2025-10-29T04:25:15.104Z","gtfs_stop_id":"G13","station_id":"266","complex_id":"266","division":"IND","line":"Queens Blvd","stop_name":"Elmhurst Av","borough":"Q","cbd":"false","daytime_routes":"M R","structure":"Subway","gtfs_latitude":"40.742454","gtfs_longitude":"-73.882017","north_direction_label":"Outbound","south_direction_label":"Manhattan","ada":"0","ada_northbound":"0","ada_southbound":"0","ada_notes":null,":@computed_region_yamh_8v7k":"196",":@computed_region_wbg7_3whc":"843",":@computed_region_kjdx_g34t":"2137"}},
{"type":"Feature","geometry":{"type":"Point","coordinates":[-73.891338,40.746644]},"properties":{":id":"row-z22j-cb7b~8nep",":version":"rv-2j6c.sn83.ubfh",":created_at":"2025-10-29T04:25:11.860Z",":updated_at":"2025-10-29T04:25:15.104Z","gtfs_stop_id":"G14","station_id":"267","complex_id":"616","division":"IND","line":"Queens Blvd","stop_name":"Jackson Hts-Roosevelt Av","borough":"Q","cbd":"false","daytime_routes":"E F M R","structure":"Subway","gtfs_latitude":"40.746644","gtfs_longitude":"-73.891338","north_direction_label":"Outbound","south_direction_label":"Manhattan","ada":"1","ada_northbound":"1","ada_southbound":"1","ada_notes":null,":@computed_region_yamh_8v7k":"196",":@computed_region_wbg7_3whc":"843",":@computed_region_kjdx_g34t":"2137"}},
{"type":"Feature","geometry":{"type":"Point","coordinates":[-73.898453,40.749669]},"properties":{":id":"row-45m2-ihjf_ffa8",":version":"rv-c5ce_jsag_seew",":created_at":"2025-10-29T04:25:11.860Z",":updated_at":"2025-10-29T04:25:15.104Z","gtfs_stop_id":"G15","station_id":"268","complex_id":"268","division":"IND","line":"Queens Blvd","stop_name":"65 St","borough":"Q","cbd":"false","daytime_routes":"M R","structure":"Subway","gtfs_latitude":"40.749669","gtfs_longitude":"-73.898453","north_direction_label":"Outbound","south_direction_label":"Manhattan","ada":"0","ada_northbound":"0","ada_southbound":"0","ada_notes":null,":@computed_region_yamh_8v7k":"196",":@computed_region_wbg7_3whc":"846",":@computed_region_kjdx_g34t":"2137"}},
{"type":"Feature","geometry":{"type":"Point","coordinates":[-73.906006,40.752885]},"properties":{":id":"row-phw4_mxi2.9xhv",":version":"rv-4kcu-zbm8.aa77",":created_at":"2025-10-29T04:25:11.860Z",":updated_at":"2025-10-29T04:25:15.104Z","gtfs_stop_id":"G16","station_id":"269","complex_id":"269","division":"IND","line":"Queens Blvd","stop_name":"Northern Blvd","borough":"Q","cbd":"false","daytime_routes":"M R","structure":"Subway","gtfs_latitude":"40.752885","gtfs_longitude":"-73.906006","north_direction_label":"Outbound","south_direction_label":"Manhattan","ada":"1","ada_northbound":"1","ada_southbound":"1","ada_notes":null,":@computed_region_yamh_8v7k":"196",":@computed_region_wbg7_3whc":"846",":@computed_region_kjdx_g34t":"2137"}},
{"type":"Feature","geometry":{"type":"Point","coordinates":[-73.913333,40.756312]},"properties":{":id":"row-dp6q~3ug4-sgvw",":version":"rv-r5wb~99ci.rfm4",":created_at":"2025-10-29T04:25:11.860Z",":updated_at":"2025-10-29T04:25:15.104Z","gtfs_stop_id":"G18","station_id":"270","complex_id":"270","division":"IND","line":"Queens Blvd","stop_name":"46 St","borough":"Q","cbd":"false","daytime_routes":"M R","structure":"Subway","gtfs_latitude":"40.756312","gtfs_longitude":"-73.913333","north_direction_label":"Outbound","south_direction_label":"Manhattan","ada":"0","ada_northbound":"0","ada_southbound":"0","ada_notes":null,":@computed_region_yamh_8v7k":"196",":@computed_region_wbg7_3whc":"875",":@computed_region_kjdx_g34t":"2137"}},
{"type":"Feature","geometry":{"type":"Point","coordinates":[-73.92074,40.756879]},"properties":{":id":"row-tgxs_6vm9~guvr",":version":"rv-qy5d~y3qg-64bq",":created_at":"2025-10-29T04:25:11.860Z",":updated_at":"2025-10-29T04:25:15.104Z","gtfs_stop_id":"G19","station_id":"271","complex_id":"271","division":"IND","line":"Queens Blvd","stop_name":"Steinway St","borough":"Q","cbd":"false","daytime_routes":"M R","structure":"Subway","gtfs_latitude":"40.756879","gtfs_longitude":"-73.92074","north_direction_label":"Outbound","south_direction_label":"Manhattan","ada":"0","ada_northbound":"0","ada_southbound":"0","ada_notes":null,":@computed_region_yamh_8v7k":"196",":@computed_region_wbg7_3whc":"875",":@computed_region_kjdx_g34t":"2137"}},
{"type":"Feature","geometry":{"type":"Point","coordinates":[-73.928781,40.752039]},"properties":{":id":"row-f5at~7c7u-ncn7",":version":"rv-inwa.cqnm~amau",":created_at":"2025-10-29T04:25:11.860Z",":updated_at":"2025-10-29T04:25:15.104Z","gtfs_stop_id":"G20","station_id":"272","complex_id":"272","division":"IND","line":"Queens Blvd","stop_name":"36 St","borough":"Q","cbd":"false","daytime_routes":"M R","structure":"Subway","gtfs_latitude":"40.752039","gtfs_longitude":"-73.928781","north_direction_label":"Outbound","south_direction_label":"Manhattan","ada":"0","ada_northbound":"0","ada_southbound":"0","ada_notes":null,":@computed_region_yamh_8v7k":"196",":@computed_region_wbg7_3whc":"873",":@computed_region_kjdx_g34t":"2137"}},
{"type":"Feature","geometry":{"type":"Point","coordinates":[-73.937243,40.748973]},"properties":{":id":"row-2yzj-rcgk-neyy",":version":"rv-xhbq.uhyb-k8kr",":created_at":"2025-10-29T04:25:11.860Z",":updated_at":"2025-10-29T04:25:15.104Z","gtfs_stop_id":"G21","station_id":"273","complex_id":"273","division":"IND","line":"Queens Blvd","stop_name":"Queens Plaza","borough":"Q","cbd":"false","daytime_routes":"E M R","structure":"Subway","gtfs_latitude":"40.748973","gtfs_longitude":"-73.937243","north_direction_label":"Outbound","south_direction_label":"Manhattan","ada":"1","ada_northbound":"1","ada_southbound":"1","ada_notes":null,":@computed_region_yamh_8v7k":"196",":@computed_region_wbg7_3whc":"873",":@computed_region_kjdx_g34t":"2137"}},
{"type":"Feature","geometry":{"type":"Point","coordinates":[-73.946,40.747846]},"properties":{":id":"row-prmi_fnwh.sefb",":version":"rv-mjg5.h345-mcdn",":created_at":"2025-10-29T04:25:11.860Z",":updated_at":"2025-10-29T04:25:15.104Z","gtfs_stop_id":"F09","station_id":"274","complex_id":"606","division":"IND","line":"Queens Blvd","stop_name":"Court Sq-23 St","borough":"Q","cbd":"false","daytime_routes":"E M","structure":"Subway","gtfs_latitude":"40.747846","gtfs_longitude":"-73.946","north_direction_label":"Outbound","south_direction_label":"Manhattan","ada":"2","ada_northbound":"0","ada_southbound":"1","ada_notes":"Manhattan-bound only",":@computed_region_yamh_8v7k":"196",":@computed_region_wbg7_3whc":"873",":@computed_region_kjdx_g34t":"2137"}},
{"type":"Feature","geometry":{"type":"Point","coordinates":[-73.969055,40.757552]},"properties":{":id":"row-fxxg~ke2u.2n3c",":version":"rv-8bi7_vvta~5v5r",":created_at":"2025-10-29T04:25:11.860Z",":updated_at":"2025-10-29T04:25:15.104Z","gtfs_stop_id":"F11","station_id":"275","complex_id":"612","division":"IND","line":"Queens Blvd","stop_name":"Lexington Av/53 St","borough":"M","cbd":"true","daytime_routes":"E M","structure":"Subway","gtfs_latitude":"40.757552","gtfs_longitude":"-73.969055","north_direction_label":"Queens","south_direction_label":"Downtown","ada":"1","ada_northbound":"1","ada_southbound":"1","ada_notes":null,":@computed_region_yamh_8v7k":"749",":@computed_region_wbg7_3whc":"749",":@computed_region_kjdx_g34t":"2095"}},
{"type":"Feature","geometry":{"type":"Point","coordinates":[-73.975224,40.760167]},"properties":{":id":"row-9p6b.guf4_fej8",":version":"rv-g584.3z2b.xqtu",":created_at":"2025-10-29T04:25:11.860Z",":updated_at":"2025-10-29T04:25:15.104Z","gtfs_stop_id":"F12","station_id":"276","complex_id":"276","division":"IND","line":"Queens Blvd","stop_name":"5 Av/53 St","borough":"M","cbd":"true","daytime_routes":"E M","structure":"Subway","gtfs_latitude":"40.760167","gtfs_longitude":"-73.975224","north_direction_label":"Queens","south_direction_label":"Downtown","ada":"0","ada_northbound":"0","ada_southbound":"0","ada_notes":null,":@computed_region_yamh_8v7k":"749",":@computed_region_wbg7_3whc":"749",":@computed_region_kjdx_g34t":"2095"}},
{"type":"Feature","geometry":{"type":"Point","coordinates":[-73.981637,40.762862]},"properties":{":id":"row-h8nr_md2i.mcg6",":version":"rv-wbp9_tgtd.zqen",":created_at":"2025-10-29T04:25:11.860Z",":updated_at":"2025-10-29T04:25:15.104Z","gtfs_stop_id":"D14","station_id":"277","complex_id":"277","division":"IND","line":"Queens Blvd","stop_name":"7 Av","borough":"M","cbd":"true","daytime_routes":"E B D","structure":"Subway","gtfs_latitude":"40.762862","gtfs_longitude":"-73.981637","north_direction_label":"Outbound","south_direction_label":"Downtown","ada":"0","ada_northbound":"0","ada_southbound":"0","ada_notes":null,":@computed_region_yamh_8v7k":"749",":@computed_region_wbg7_3whc":"742",":@computed_region_kjdx_g34t":"2095"}},
{"type":"Feature","geometry":{"type":"Point","coordinates":[-73.801109,40.702147]},"properties":{":id":"row-ujhw.dgbt-uyyk",":version":"rv-6hiv-9cjj.sj6e",":created_at":"2025-10-29T04:25:11.860Z",":updated_at":"2025-10-29T04:25:15.104Z","gtfs_stop_id":"G05","station_id":"278","complex_id":"278","division":"IND","line":"Queens - Archer","stop_name":"Jamaica Center-Parsons/Archer","borough":"Q","cbd":"false","daytime_routes":"E J Z","structure":"Subway","gtfs_latitude":"40.702147","gtfs_longitude":"-73.801109","north_direction_label":"Last Stop","south_direction_label":"Manhattan","ada":"1","ada_northbound":"1","ada_southbound":"1","ada_notes":null,":@computed_region_yamh_8v7k":"196",":@computed_region_wbg7_3whc":"1216",":@computed_region_kjdx_g34t":"2137"}},
{"type":"Feature","geometry":{"type":"Point","coordinates":[-73.807969,40.700486]},"properties":{":id":"row-4nxg~ag2f-m2j6",":version":"rv-wxrj-6jbs.5qjq",":created_at":"2025-10-29T04:25:11.860Z",":updated_at":"2025-10-29T04:25:15.104Z","gtfs_stop_id":"G06","station_id":"279","complex_id":"279","division":"IND","line":"Queens - Archer","stop_name":"Sutphin Blvd-Archer Av-JFK Airport","borough":"Q","cbd":"false","daytime_routes":"E J Z","structure":"Subway","gtfs_latitude":"40.700486","gtfs_longitude":"-73.807969","north_direction_label":"Jamaica","south_direction_label":"Manhattan","ada":"1","ada_northbound":"1","ada_southbound":"1","ada_notes":null,":@computed_region_yamh_8v7k":"196",":@computed_region_wbg7_3whc":"1262",":@computed_region_kjdx_g34t":"2137"}},
{"type":"Feature","geometry":{"type":"Point","coordinates":[-73.816859,40.702566]},"properties":{":id":"row-6ypc~mtsy.5uh7",":version":"rv-2zv9-uyhn.f29j",":created_at":"2025-10-29T04:25:11.860Z",":updated_at":"2025-10-29T04:25:15.104Z","gtfs_stop_id":"G07","station_id":"280","complex_id":"280","division":"IND","line":"Queens - Archer","stop_name":"Jamaica-Van Wyck","borough":"Q","cbd":"false","daytime_routes":"E","structure":"Subway","gtfs_latitude":"40.702566","gtfs_longitude":"-73.816859","north_direction_label":"Jamaica","south_direction_label":"Manhattan","ada":"1","ada_northbound":"1","ada_southbound":"1","ada_notes":null,":@computed_region_yamh_8v7k":"196",":@computed_region_wbg7_3whc":"1165",":@computed_region_kjdx_g34t":"2137"}},
{"type":"Feature","geometry":{"type":"Point","coordinates":[-73.943832,40.746554]},"properties":{":id":"row-knat~h4ep~djaz",":version":"rv-ijgn.vsch.rjq4",":created_at":"2025-10-29T04:25:11.860Z",":updated_at":"2025-10-29T04:25:15.104Z","gtfs_stop_id":"G22","station_id":"281","complex_id":"606","division":"IND","line":"Crosstown","stop_name":"Court Sq","borough":"Q","cbd":"false","daytime_routes":"G","structure":"Subway","gtfs_latitude":"40.746554","gtfs_longitude":"-73.943832","north_direction_label":"Last Stop","south_direction_label":"Brooklyn","ada":"1","ada_northbound":"1","ada_southbound":"1","ada_notes":null,":@computed_region_yamh_8v7k":"196",":@computed_region_wbg7_3whc":"873",":@computed_region_kjdx_g34t":"2137"}},
{"type":"Feature","geometry":{"type":"Point","coordinates":[-73.949724,40.744065]},"properties":{":id":"row-rqta-83ih-56jy",":version":"rv-57df_jbch-2gam",":created_at":"2025-10-29T04:25:11.860Z",":updated_at":"2025-10-29T04:25:15.104Z","gtfs_stop_id":"G24","station_id":"282","complex_id":"282","division":"IND","line":"Crosstown","stop_name":"21 St","borough":"Q","cbd":"false","daytime_routes":"G","structure":"Subway","gtfs_latitude":"40.744065","gtfs_longitude":"-73.949724","north_direction_label":"Court Square","south_direction_label":"Brooklyn","ada":"0","ada_northbound":"0","ada_southbound":"0","ada_notes":null,":@computed_region_yamh_8v7k":"196",":@computed_region_wbg7_3whc":"873",":@computed_region_kjdx_g34t":"2137"}},
{"type":"Feature","geometry":{"type":"Point","coordinates":[-73.954449,40.731352]},"properties":{":id":"row-vzui.yq5r-rz4i",":version":"rv-ycc8~b9x5-tnzw",":created_at":"2025-10-29T04:25:11.860Z",":updated_at":"2025-10-29T04:25:15.104Z","gtfs_stop_id":"G26","station_id":"283","complex_id":"283","division":"IND","line":"Crosstown","stop_name":"Greenpoint Av","borough":"Bk","cbd":"false","daytime_routes":"G","structure":"Subway","gtfs_latitude":"40.731352","gtfs_longitude":"-73.954449","north_direction_label":"Queens","south_direction_label":"Southbound","ada":"1","ada_northbound":"1","ada_southbound":"1","ada_notes":null,":@computed_region_yamh_8v7k":"894",":@computed_region_wbg7_3whc":"901",":@computed_region_kjdx_g34t":"2090"}},
{"type":"Feature","geometry":{"type":"Point","coordinates":[-73.951277,40.724635]},"properties":{":id":"row-uxn7_9phv-ts6y",":version":"rv-p3f5_uerz-yjfm",":created_at":"2025-10-29T04:25:11.860Z",":updated_at":"2025-10-29T04:25:15.104Z","gtfs_stop_id":"G28","station_id":"284","complex_id":"284","division":"IND","line":"Crosstown","stop_name":"Nassau Av","borough":"Bk","cbd":"false","daytime_routes":"G","structure":"Subway","gtfs_latitude":"40.724635","gtfs_longitude":"-73.951277","north_direction_label":"Queens","south_direction_label":"Southbound","ada":"0","ada_northbound":"0","ada_southbound":"0","ada_notes":null,":@computed_region_yamh_8v7k":"894",":@computed_region_wbg7_3whc":"901",":@computed_region_kjdx_g34t":"2090"}},
{"type":"Feature","geometry":{"type":"Point","coordinates":[-73.951418,40.712792]},"properties":{":id":"row-zwip~xfhm-hnki",":version":"rv-hbj3.2tsb-qtew",":created_at":"2025-10-29T04:25:11.860Z",":updated_at":"2025-10-29T04:25:15.104Z","gtfs_stop_id":"G29","station_id":"285","complex_id":"629","division":"IND","line":"Crosstown","stop_name":"Metropolitan Av","borough":"Bk","cbd":"false","daytime_routes":"G","structure":"Subway","gtfs_latitude":"40.712792","gtfs_longitude":"-73.951418","north_direction_label":"Queens","south_direction_label":"Southbound","ada":"1","ada_northbound":"1","ada_southbound":"1","ada_notes":null,":@computed_region_yamh_8v7k":"894",":@computed_region_wbg7_3whc":"889",":@computed_region_kjdx_g34t":"2090"}},
{"type":"Feature","geometry":{"type":"Point","coordinates":[-73.950308,40.706092]},"properties":{":id":"row-v2x3.x896.e6v5",":version":"rv-2ivt~28kg_5f4b",":created_at":"2025-10-29T04:25:11.860Z",":updated_at":"2025-10-29T04:25:15.104Z","gtfs_stop_id":"G30","station_id":"286","complex_id":"286","division":"IND","line":"Crosstown","stop_name":"Broadway","borough":"Bk","cbd":"false","daytime_routes":"G","structure":"Subway","gtfs_latitude":"40.706092","gtfs_longitude":"-73.950308","north_direction_label":"Queens","south_direction_label":"Southbound","ada":"0","ada_northbound":"0","ada_southbound":"0","ada_notes":null,":@computed_region_yamh_8v7k":"894",":@computed_region_wbg7_3whc":"884",":@computed_region_kjdx_g34t":"2090"}},
{"type":"Feature","geometry":{"type":"Point","coordinates":[-73.950234,40.700377]},"properties":{":id":"row-6e8e-rwnj~3zmg",":version":"rv-ec65~xcec.imiv",":created_at":"2025-10-29T04:25:11.860Z",":updated_at":"2025-10-29T04:25:15.104Z","gtfs_stop_id":"G31","station_id":"287","complex_id":"287","division":"IND","line":"Crosstown","stop_name":"Flushing Av","borough":"Bk","cbd":"false","daytime_routes":"G","structure":"Subway","gtfs_latitude":"40.700377","gtfs_longitude":"-73.950234","north_direction_label":"Queens","south_direction_label":"Southbound","ada":"0","ada_northbound":"0","ada_southbound":"0","ada_notes":null,":@computed_region_yamh_8v7k":"894",":@computed_region_wbg7_3whc":"884",":@computed_region_kjdx_g34t":"2090"}},
{"type":"Feature","geometry":{"type":"Point","coordinates":[-73.949046,40.694568]},"properties":{":id":"row-juc4~67t4-rrx5",":version":"rv-bu8e~vpni.kbvr",":created_at":"2025-10-29T04:25:11.860Z",":updated_at":"2025-10-29T04:25:15.104Z","gtfs_stop_id":"G32","station_id":"288","complex_id":"288","division":"IND","line":"Crosstown","stop_name":"Myrtle-Willoughby Avs","borough":"Bk","cbd":"false","daytime_routes":"G","structure":"Subway","gtfs_latitude":"40.694568","gtfs_longitude":"-73.949046","north_direction_label":"Queens","south_direction_label":"Southbound","ada":"0","ada_northbound":"0","ada_southbound":"0","ada_notes":null,":@computed_region_yamh_8v7k":"894",":@computed_region_wbg7_3whc":"884",":@computed_region_kjdx_g34t":"2090"}},
{"type":"Feature","geometry":{"type":"Point","coordinates":[-73.953522,40.689627]},"properties":{":id":"row-4mck_9e8y~9k5c",":version":"rv-rp63_qn67~k52e",":created_at":"2025-10-29T04:25:11.860Z",":updated_at":"2025-10-29T04:25:15.104Z","gtfs_stop_id":"G33","station_id":"289","complex_id":"289","division":"IND","line":"Crosstown","stop_name":"Bedford-Nostrand Avs","borough":"Bk","cbd":"false","daytime_routes":"G","structure":"Subway","gtfs_latitude":"40.689627","gtfs_longitude":"-73.953522","north_direction_label":"Queens","south_direction_label":"Southbound","ada":"0","ada_northbound":"0","ada_southbound":"0","ada_notes":null,":@computed_region_yamh_8v7k":"894",":@computed_region_wbg7_3whc":"883",":@computed_region_kjdx_g34t":"2090"}},
{"type":"Feature","geometry":{"type":"Point","coordinates":[-73.96007,40.688873]},"properties":{":id":"row-4bku.q9kp.ygge",":version":"rv-ucrq~dusb.wsh6",":created_at":"2025-10-29T04:25:11.860Z",":updated_at":"2025-10-29T04:25:15.104Z","gtfs_stop_id":"G34","station_id":"290","complex_id":"290","division":"IND","line":"Crosstown","stop_name":"Classon Av","borough":"Bk","cbd":"false","daytime_routes":"G","structure":"Subway","gtfs_latitude":"40.688873","gtfs_longitude":"-73.96007","north_direction_label":"Queens","south_direction_label":"Southbound","ada":"0","ada_northbound":"0","ada_southbound":"0","ada_notes":null,":@computed_region_yamh_8v7k":"894",":@computed_region_wbg7_3whc":"821",":@computed_region_kjdx_g34t":"2090"}},
{"type":"Feature","geometry":{"type":"Point","coordinates":[-73.966839,40.688089]},"properties":{":id":"row-q89s_q5nj.my55",":version":"rv-qkjy.52bm~gt57",":created_at":"2025-10-29T04:25:11.860Z",":updated_at":"2025-10-29T04:25:15.104Z","gtfs_stop_id":"G35","station_id":"291","complex_id":"291","division":"IND","line":"Crosstown","stop_name":"Clinton-Washington Avs","borough":"Bk","cbd":"false","daytime_routes":"G","structure":"Subway","gtfs_latitude":"40.688089","gtfs_longitude":"-73.966839","north_direction_label":"Queens","south_direction_label":"Southbound","ada":"0","ada_northbound":"0","ada_southbound":"0","ada_notes":null,":@computed_region_yamh_8v7k":"894",":@computed_region_wbg7_3whc":"821",":@computed_region_kjdx_g34t":"2090"}},
{"type":"Feature","geometry":{"type":"Point","coordinates":[-73.975375,40.687119]},"properties":{":id":"row-ae2h.eaaw-jtwz",":version":"rv-6w5f_ni47-n3cf",":created_at":"2025-10-29T04:25:11.860Z",":updated_at":"2025-10-29T04:25:15.104Z","gtfs_stop_id":"G36","station_id":"292","complex_id":"292","division":"IND","line":"Crosstown","stop_name":"Fulton St","borough":"Bk","cbd":"false","daytime_routes":"G","structure":"Subway","gtfs_latitude":"40.687119","gtfs_longitude":"-73.975375","north_direction_label":"Queens","south_direction_label":"Southbound","ada":"0","ada_northbound":"0","ada_southbound":"0","ada_notes":null,":@computed_region_yamh_8v7k":"894",":@computed_region_wbg7_3whc":"895",":@computed_region_kjdx_g34t":"2090"}},
{"type":"Feature","geometry":{"type":"Point","coordinates":[-73.898583,40.889248]},"properties":{":id":"row-mwwi.n85j~u9jj",":version":"rv-34yr.vb6w~s9my",":created_at":"2025-10-29T04:25:11.860Z",":updated_at":"2025-10-29T04:25:15.104Z","gtfs_stop_id":"101","station_id":"293","complex_id":"293","division":"IRT","line":"Broadway - 7Av","stop_name":"Van Cortlandt Park-242 St","borough":"Bx","cbd":"false","daytime_routes":"1","structure":"Elevated","gtfs_latitude":"40.889248","gtfs_longitude":"-73.898583","north_direction_label":"Last Stop","south_direction_label":"Manhattan","ada":"0","ada_northbound":"0","ada_southbound":"0","ada_notes":null,":@computed_region_yamh_8v7k":"307",":@computed_region_wbg7_3whc":"708",":@computed_region_kjdx_g34t":"2032"}},
{"type":"Feature","geometry":{"type":"Point","coordinates":[-73.90087,40.884667]},"properties":{":id":"row-8yt2-j3x8~zu39",":version":"rv-gu45.mkkj~gn55",":created_at":"2025-10-29T04:25:11.860Z",":updated_at":"2025-10-29T04:25:15.104Z","gtfs_stop_id":"103","station_id":"294","complex_id":"294","division":"IRT","line":"Broadway - 7Av","stop_name":"238 St","borough":"Bx","cbd":"false","daytime_routes":"1","structure":"Elevated","gtfs_latitude":"40.884667","gtfs_longitude":"-73.90087","north_direction_label":"Van Cortlandt","south_direction_label":"Manhattan","ada":"0","ada_northbound":"0","ada_southbound":"0","ada_notes":null,":@computed_region_yamh_8v7k":"307",":@computed_region_wbg7_3whc":"676",":@computed_region_kjdx_g34t":"2032"}},
{"type":"Feature","geometry":{"type":"Point","coordinates":[-73.904834,40.878856]},"properties":{":id":"row-st6b_uyub_7y45",":version":"rv-4hjq_2nq9-nq6e",":created_at":"2025-10-29T04:25:11.860Z",":updated_at":"2025-10-29T04:25:15.104Z","gtfs_stop_id":"104","station_id":"295","complex_id":"295","division":"IRT","line":"Broadway - 7Av","stop_name":"231 St","borough":"Bx","cbd":"false","daytime_routes":"1","structure":"Elevated","gtfs_latitude":"40.878856","gtfs_longitude":"-73.904834","north_direction_label":"Van Cortlandt","south_direction_label":"Manhattan","ada":"1","ada_northbound":"1","ada_southbound":"1","ada_notes":null,":@computed_region_yamh_8v7k":"307",":@computed_region_wbg7_3whc":"676",":@computed_region_kjdx_g34t":"2032"}},
{"type":"Feature","geometry":{"type":"Point","coordinates":[-73.909831,40.874561]},"properties":{":id":"row-wt6s~gkcb~dhmc",":version":"rv-cg74_yva9_x9q8",":created_at":"2025-10-29T04:25:11.860Z",":updated_at":"2025-10-29T04:25:15.104Z","gtfs_stop_id":"106","station_id":"296","complex_id":"296","division":"IRT","line":"Broadway - 7Av","stop_name":"Marble Hill-225 St","borough":"M","cbd":"false","daytime_routes":"1","structure":"Elevated","gtfs_latitude":"40.874561","gtfs_longitude":"-73.909831","north_direction_label":"The Bronx","south_direction_label":"Downtown","ada":"0","ada_northbound":"0","ada_southbound":"0","ada_notes":null,":@computed_region_yamh_8v7k":"749",":@computed_region_wbg7_3whc":"676",":@computed_region_kjdx_g34t":"2032"}},
{"type":"Feature","geometry":{"type":"Point","coordinates":[-73.915279,40.869444]},"properties":{":id":"row-bwfr-8v7g.tkj7",":version":"rv-uevz~qhv5.vkbw",":created_at":"2025-10-29T04:25:11.860Z",":updated_at":"2025-10-29T04:25:15.104Z","gtfs_stop_id":"107","station_id":"297","complex_id":"297","division":"IRT","line":"Broadway - 7Av","stop_name":"215 St","borough":"M","cbd":"false","daytime_routes":"1","structure":"Elevated","gtfs_latitude":"40.869444","gtfs_longitude":"-73.915279","north_direction_label":"The Bronx","south_direction_label":"Downtown","ada":"0","ada_northbound":"0","ada_southbound":"0","ada_notes":null,":@computed_region_yamh_8v7k":"749",":@computed_region_wbg7_3whc":"793",":@computed_region_kjdx_g34t":"2095"}},
{"type":"Feature","geometry":{"type":"Point","coordinates":[-73.918822,40.864621]},"properties":{":id":"row-t6um_zfnf_e3d5",":version":"rv-2c9h.iikh_edys",":created_at":"2025-10-29T04:25:11.860Z",":updated_at":"2025-10-29T04:25:15.104Z","gtfs_stop_id":"108","station_id":"298","complex_id":"298","division":"IRT","line":"Broadway - 7Av","stop_name":"207 St","borough":"M","cbd":"false","daytime_routes":"1","structure":"Elevated","gtfs_latitude":"40.864621","gtfs_longitude":"-73.918822","north_direction_label":"The Bronx","south_direction_label":"Downtown","ada":"0","ada_northbound":"0","ada_southbound":"0","ada_notes":null,":@computed_region_yamh_8v7k":"749",":@computed_region_wbg7_3whc":"793",":@computed_region_kjdx_g34t":"2095"}},
{"type":"Feature","geometry":{"type":"Point","coordinates":[-73.925536,40.860531]},"properties":{":id":"row-429k_gc79~r6zg",":version":"rv-f5ts-2y3g~dhex",":created_at":"2025-10-29T04:25:11.860Z",":updated_at":"2025-10-29T04:25:15.104Z","gtfs_stop_id":"109","station_id":"299","complex_id":"299","division":"IRT","line":"Broadway - 7Av","stop_name":"Dyckman St","borough":"M","cbd":"false","daytime_routes":"1","structure":"Elevated","gtfs_latitude":"40.860531","gtfs_longitude":"-73.925536","north_direction_label":"The Bronx","south_direction_label":"Downtown","ada":"1","ada_northbound":"1","ada_southbound":"1","ada_notes":null,":@computed_region_yamh_8v7k":"749",":@computed_region_wbg7_3whc":"799",":@computed_region_kjdx_g34t":"2095"}},
{"type":"Feature","geometry":{"type":"Point","coordinates":[-73.929412,40.855225]},"properties":{":id":"row-nu8j.ht3k~7un7",":version":"rv-qkzj_24yu.xan9",":created_at":"2025-10-29T04:25:11.860Z",":updated_at":"2025-10-29T04:25:15.104Z","gtfs_stop_id":"110","station_id":"300","complex_id":"300","division":"IRT","line":"Broadway - 7Av","stop_name":"191 St","borough":"M","cbd":"false","daytime_routes":"1","structure":"Subway","gtfs_latitude":"40.855225","gtfs_longitude":"-73.929412","north_direction_label":"The Bronx","south_direction_label":"Downtown","ada":"0","ada_northbound":"0","ada_southbound":"0","ada_notes":null,":@computed_region_yamh_8v7k":"749",":@computed_region_wbg7_3whc":"799",":@computed_region_kjdx_g34t":"2095"}},
{"type":"Feature","geometry":{"type":"Point","coordinates":[-73.933596,40.849505]},"properties":{":id":"row-tv6f~m5ny.uk6k",":version":"rv-c6gy~7irt~c4d9",":created_at":"2025-10-29T04:25:11.860Z",":updated_at":"2025-10-29T04:25:15.104Z","gtfs_stop_id":"111","station_id":"301","complex_id":"301","division":"IRT","line":"Broadway - 7Av","stop_name":"181 St","borough":"M","cbd":"false","daytime_routes":"1","structure":"Subway","gtfs_latitude":"40.849505","gtfs_longitude":"-73.933596","north_direction_label":"The Bronx","south_direction_label":"Downtown","ada":"0","ada_northbound":"0","ada_southbound":"0","ada_notes":null,":@computed_region_yamh_8v7k":"749",":@computed_region_wbg7_3whc":"792",":@computed_region_kjdx_g34t":"2095"}},
{"type":"Feature","geometry":{"type":"Point","coordinates":[-73.940133,40.840556]},"properties":{":id":"row-tss5_iz9q.m555",":version":"rv-ifek~r2ip~k9uu",":created_at":"2025-10-29T04:25:11.860Z",":updated_at":"2025-10-29T04:25:15.104Z","gtfs_stop_id":"112","station_id":"302","complex_id":"605","division":"IRT","line":"Broadway - 7Av","stop_name":"168 St-Washington Hts","borough":"M","cbd":"false","daytime_routes":"1","structure":"Subway","gtfs_latitude":"40.840556","gtfs_longitude":"-73.940133","north_direction_label":"Uptown","south_direction_label":"Downtown","ada":"0","ada_northbound":"0","ada_southbound":"0","ada_notes":null,":@computed_region_yamh_8v7k":"749",":@computed_region_wbg7_3whc":"791",":@computed_region_kjdx_g34t":"2095"}},
{"type":"Feature","geometry":{"type":"Point","coordinates":[-73.94489,40.834041]},"properties":{":id":"row-hrvb-3jrq.ijjp",":version":"rv-su99_w6xd~bj3y",":created_at":"2025-10-29T04:25:11.860Z",":updated_at":"2025-10-29T04:25:15.104Z","gtfs_stop_id":"113","station_id":"303","complex_id":"303","division":"IRT","line":"Broadway - 7Av","stop_name":"157 St","borough":"M","cbd":"false","daytime_routes":"1","structure":"Subway","gtfs_latitude":"40.834041","gtfs_longitude":"-73.94489","north_direction_label":"Uptown","south_direction_label":"Downtown","ada":"0","ada_northbound":"0","ada_southbound":"0","ada_notes":null,":@computed_region_yamh_8v7k":"749",":@computed_region_wbg7_3whc":"791",":@computed_region_kjdx_g34t":"2095"}},
{"type":"Feature","geometry":{"type":"Point","coordinates":[-73.95036,40.826551]},"properties":{":id":"row-wmxd~k6xz_5ir3",":version":"rv-9yfg-sip5~f2gv",":created_at":"2025-10-29T04:25:11.860Z",":updated_at":"2025-10-29T04:25:15.104Z","gtfs_stop_id":"114","station_id":"304","complex_id":"304","division":"IRT","line":"Broadway - 7Av","stop_name":"145 St","borough":"M","cbd":"false","daytime_routes":"1","structure":"Subway","gtfs_latitude":"40.826551","gtfs_longitude":"-73.95036","north_direction_label":"Uptown","south_direction_label":"Downtown","ada":"0","ada_northbound":"0","ada_southbound":"0","ada_notes":null,":@computed_region_yamh_8v7k":"749",":@computed_region_wbg7_3whc":"758",":@computed_region_kjdx_g34t":"2095"}},
{"type":"Feature","geometry":{"type":"Point","coordinates":[-73.953676,40.822008]},"properties":{":id":"row-bg8h_gdm6.sdue",":version":"rv-jt2h~awpk~iquh",":created_at":"2025-10-29T04:25:11.860Z",":updated_at":"2025-10-29T04:25:15.104Z","gtfs_stop_id":"115","station_id":"305","complex_id":"305","division":"IRT","line":"Broadway - 7Av","stop_name":"137 St-City College","borough":"M","cbd":"false","daytime_routes":"1","structure":"Subway","gtfs_latitude":"40.822008","gtfs_longitude":"-73.953676","north_direction_label":"Uptown","south_direction_label":"Downtown","ada":"0","ada_northbound":"0","ada_southbound":"0","ada_notes":null,":@computed_region_yamh_8v7k":"749",":@computed_region_wbg7_3whc":"758",":@computed_region_kjdx_g34t":"2095"}},
{"type":"Feature","geometry":{"type":"Point","coordinates":[-73.958372,40.815581]},"properties":{":id":"row-y6eq.4z3n_7r23",":version":"rv-kjfq~92s5-dnpf",":created_at":"2025-10-29T04:25:11.860Z",":updated_at":"2025-10-29T04:25:15.104Z","gtfs_stop_id":"116","station_id":"306","complex_id":"306","division":"IRT","line":"Broadway - 7Av","stop_name":"125 St","borough":"M","cbd":"false","daytime_routes":"1","structure":"Elevated","gtfs_latitude":"40.815581","gtfs_longitude":"-73.958372","north_direction_label":"Uptown","south_direction_label":"Downtown","ada":"0","ada_northbound":"0","ada_southbound":"0","ada_notes":null,":@computed_region_yamh_8v7k":"749",":@computed_region_wbg7_3whc":"754",":@computed_region_kjdx_g34t":"2095"}},
{"type":"Feature","geometry":{"type":"Point","coordinates":[-73.96411,40.807722]},"properties":{":id":"row-6n48~9upp-uk4y",":version":"rv-zkce-gfki_6fty",":created_at":"2025-10-29T04:25:11.860Z",":updated_at":"2025-10-29T04:25:15.104Z","gtfs_stop_id":"117","station_id":"307","complex_id":"307","division":"IRT","line":"Broadway - 7Av","stop_name":"116 St-Columbia University","borough":"M","cbd":"false","daytime_routes":"1","structure":"Subway","gtfs_latitude":"40.807722","gtfs_longitude":"-73.96411","north_direction_label":"Uptown","south_direction_label":"Downtown","ada":"0","ada_northbound":"0","ada_southbound":"0","ada_notes":null,":@computed_region_yamh_8v7k":"749",":@computed_region_wbg7_3whc":"754",":@computed_region_kjdx_g34t":"2095"}},
{"type":"Feature","geometry":{"type":"Point","coordinates":[-73.966847,40.803967]},"properties":{":id":"row-enrz.nr3u~9hk4",":version":"rv-ar5u-qprz_ar6d",":created_at":"2025-10-29T04:25:11.860Z",":updated_at":"2025-10-29T04:25:15.104Z","gtfs_stop_id":"118","station_id":"308","complex_id":"308","division":"IRT","line":"Broadway - 7Av","stop_name":"Cathedral Pkwy (110 St)","borough":"M","cbd":"false","daytime_routes":"1","structure":"Subway","gtfs_latitude":"40.803967","gtfs_longitude":"-73.966847","north_direction_label":"Uptown","south_direction_label":"Downtown","ada":"0","ada_northbound":"0","ada_southbound":"0","ada_notes":null,":@computed_region_yamh_8v7k":"749",":@computed_region_wbg7_3whc":"752",":@computed_region_kjdx_g34t":"2095"}},
{"type":"Feature","geometry":{"type":"Point","coordinates":[-73.968379,40.799446]},"properties":{":id":"row-4thg~r37g.v6pr",":version":"rv-qayc~a49b-3vgn",":created_at":"2025-10-29T04:25:11.860Z",":updated_at":"2025-10-29T04:25:15.104Z","gtfs_stop_id":"119","station_id":"309","complex_id":"309","division":"IRT","line":"Broadway - 7Av","stop_name":"103 St","borough":"M","cbd":"false","daytime_routes":"1","structure":"Subway","gtfs_latitude":"40.799446","gtfs_longitude":"-73.968379","north_direction_label":"Uptown","south_direction_label":"Downtown","ada":"0","ada_northbound":"0","ada_southbound":"0","ada_notes":null,":@computed_region_yamh_8v7k":"749",":@computed_region_wbg7_3whc":"752",":@computed_region_kjdx_g34t":"2095"}},
{"type":"Feature","geometry":{"type":"Point","coordinates":[-73.972323,40.793919]},"properties":{":id":"row-uuq2_cq87.cfqi",":version":"rv-rrh3-jkvd_s4au",":created_at":"2025-10-29T04:25:11.860Z",":updated_at":"2025-10-29T04:25:15.104Z","gtfs_stop_id":"120","station_id":"310","complex_id":"310","division":"IRT","line":"Broadway - 7Av","stop_name":"96 St","borough":"M","cbd":"false","daytime_routes":"1 2 3","structure":"Subway","gtfs_latitude":"40.793919","gtfs_longitude":"-73.972323","north_direction_label":"Uptown","south_direction_label":"Downtown","ada":"1","ada_northbound":"1","ada_southbound":"1","ada_notes":null,":@computed_region_yamh_8v7k":"749",":@computed_region_wbg7_3whc":"752",":@computed_region_kjdx_g34t":"2095"}},
{"type":"Feature","geometry":{"type":"Point","coordinates":[-73.976218,40.788644]},"properties":{":id":"row-jbr3_vw79.ae45",":version":"rv-zu29.aa5n~a8sr",":created_at":"2025-10-29T04:25:11.860Z",":updated_at":"2025-10-29T04:25:15.104Z","gtfs_stop_id":"121","station_id":"311","complex_id":"311","division":"IRT","line":"Broadway - 7Av","stop_name":"86 St","borough":"M","cbd":"false","daytime_routes":"1","structure":"Subway","gtfs_latitude":"40.788644","gtfs_longitude":"-73.976218","north_direction_label":"Uptown","south_direction_label":"Downtown","ada":"0","ada_northbound":"0","ada_southbound":"0","ada_notes":null,":@computed_region_yamh_8v7k":"749",":@computed_region_wbg7_3whc":"751",":@computed_region_kjdx_g34t":"2095"}},
{"type":"Feature","geometry":{"type":"Point","coordinates":[-73.979917,40.783934]},"properties":{":id":"row-ju7i-pgug.m48h",":version":"rv-7ncd~acav.zvtz",":created_at":"2025-10-29T04:25:11.860Z",":updated_at":"2025-10-29T04:25:15.104Z","gtfs_stop_id":"122","station_id":"312","complex_id":"312","division":"IRT","line":"Broadway - 7Av","stop_name":"79 St","borough":"M","cbd":"false","daytime_routes":"1","structure":"Subway","gtfs_latitude":"40.783934","gtfs_longitude":"-73.979917","north_direction_label":"Uptown","south_direction_label":"Downtown","ada":"0","ada_northbound":"0","ada_southbound":"0","ada_notes":null,":@computed_region_yamh_8v7k":"749",":@computed_region_wbg7_3whc":"751",":@computed_region_kjdx_g34t":"2095"}},
{"type":"Feature","geometry":{"type":"Point","coordinates":[-73.98197,40.778453]},"properties":{":id":"row-8e9d-xghc_taj9",":version":"rv-jfwa~ivw9_af7e",":created_at":"2025-10-29T04:25:11.860Z",":updated_at":"2025-10-29T04:25:15.104Z","gtfs_stop_id":"123","station_id":"313","complex_id":"313","division":"IRT","line":"Broadway - 7Av","stop_name":"72 St","borough":"M","cbd":"false","daytime_routes":"1 2 3","structure":"Subway","gtfs_latitude":"40.778453","gtfs_longitude":"-73.98197","north_direction_label":"Uptown","south_direction_label":"Downtown","ada":"1","ada_northbound":"1","ada_southbound":"1","ada_notes":null,":@computed_region_yamh_8v7k":"749",":@computed_region_wbg7_3whc":"750",":@computed_region_kjdx_g34t":"2095"}},
{"type":"Feature","geometry":{"type":"Point","coordinates":[-73.982209,40.77344]},"properties":{":id":"row-3uff-6wb7~n5q2",":version":"rv-dzry~r8dp-bgrt",":created_at":"2025-10-29T04:25:11.860Z",":updated_at":"2025-10-29T04:25:15.104Z","gtfs_stop_id":"124","station_id":"314","complex_id":"314","division":"IRT","line":"Broadway - 7Av","stop_name":"66 St-Lincoln Center","borough":"M","cbd":"false","daytime_routes":"1","structure":"Subway","gtfs_latitude":"40.77344","gtfs_longitude":"-73.982209","north_direction_label":"Uptown","south_direction_label":"Downtown","ada":"1","ada_northbound":"1","ada_southbound":"1","ada_notes":null,":@computed_region_yamh_8v7k":"749",":@computed_region_wbg7_3whc":"750",":@computed_region_kjdx_g34t":"2095"}},
{"type":"Feature","geometry":{"type":"Point","coordinates":[-73.981929,40.768247]},"properties":{":id":"row-hx7g.kvrj.jwn9",":version":"rv-es98~ssy4_zqnu",":created_at":"2025-10-29T04:25:11.860Z",":updated_at":"2025-10-29T04:25:15.104Z","gtfs_stop_id":"125","station_id":"315","complex_id":"614","division":"IRT","line":"Broadway - 7Av","stop_name":"59 St-Columbus Circle","borough":"M","cbd":"true","daytime_routes":"1","structure":"Subway","gtfs_latitude":"40.768247","gtfs_longitude":"-73.981929","north_direction_label":"Uptown","south_direction_label":"Downtown","ada":"1","ada_northbound":"1","ada_southbound":"1","ada_notes":null,":@computed_region_yamh_8v7k":"749",":@computed_region_wbg7_3whc":"742",":@computed_region_kjdx_g34t":"2095"}},
{"type":"Feature","geometry":{"type":"Point","coordinates":[-73.983849,40.761728]},"properties":{":id":"row-34m2-2dzu~5w7d",":version":"rv-qkbc_v7tm_h96p",":created_at":"2025-10-29T04:25:11.860Z",":updated_at":"2025-10-29T04:25:15.104Z","gtfs_stop_id":"126","station_id":"316","complex_id":"316","division":"IRT","line":"Broadway - 7Av","stop_name":"50 St","borough":"M","cbd":"true","daytime_routes":"1","structure":"Subway","gtfs_latitude":"40.761728","gtfs_longitude":"-73.983849","north_direction_label":"Uptown","south_direction_label":"Downtown","ada":"0","ada_northbound":"0","ada_southbound":"0","ada_notes":null,":@computed_region_yamh_8v7k":"749",":@computed_region_wbg7_3whc":"742",":@computed_region_kjdx_g34t":"2095"}},
{"type":"Feature","geometry":{"type":"Point","coordinates":[-73.987495,40.75529]},"properties":{":id":"row-awv9.hfuc_rp4h",":version":"rv-pq9k~rgtb_vddn",":created_at":"2025-10-29T04:25:11.860Z",":updated_at":"2025-10-29T04:25:15.104Z","gtfs_stop_id":"127","station_id":"317","complex_id":"611","division":"IRT","line":"Broadway - 7Av","stop_name":"Times Sq-42 St","borough":"M","cbd":"true","daytime_routes":"1 2 3","structure":"Subway","gtfs_latitude":"40.75529","gtfs_longitude":"-73.987495","north_direction_label":"Uptown","south_direction_label":"Downtown","ada":"1","ada_northbound":"1","ada_southbound":"1","ada_notes":null,":@computed_region_yamh_8v7k":"749",":@computed_region_wbg7_3whc":"741",":@computed_region_kjdx_g34t":"2095"}},
{"type":"Feature","geometry":{"type":"Point","coordinates":[-73.991057,40.750373]},"properties":{":id":"row-53en_e6ej~gufx",":version":"rv-2x3m_knhq-89m4",":created_at":"2025-10-29T04:25:11.860Z",":updated_at":"2025-10-29T04:25:15.104Z","gtfs_stop_id":"128","station_id":"318","complex_id":"318","division":"IRT","line":"Broadway - 7Av","stop_name":"34 St-Penn Station","borough":"M","cbd":"true","daytime_routes":"1 2 3","structure":"Subway","gtfs_latitude":"40.750373","gtfs_longitude":"-73.991057","north_direction_label":"Uptown","south_direction_label":"Downtown","ada":"1","ada_northbound":"1","ada_southbound":"1","ada_notes":null,":@computed_region_yamh_8v7k":"749",":@computed_region_wbg7_3whc":"717",":@computed_region_kjdx_g34t":"2095"}},
{"type":"Feature","geometry":{"type":"Point","coordinates":[-73.993365,40.747215]},"properties":{":id":"row-t7c3-iy2y.wjhm",":version":"rv-88jz_zbis-2qaf",":created_at":"2025-10-29T04:25:11.860Z",":updated_at":"2025-10-29T04:25:15.104Z","gtfs_stop_id":"129","station_id":"319","complex_id":"319","division":"IRT","line":"Broadway - 7Av","stop_name":"28 St","borough":"M","cbd":"true","daytime_routes":"1","structure":"Subway","gtfs_latitude":"40.747215","gtfs_longitude":"-73.993365","north_direction_label":"Uptown","south_direction_label":"Downtown","ada":"0","ada_northbound":"0","ada_southbound":"0","ada_notes":null,":@computed_region_yamh_8v7k":"749",":@computed_region_wbg7_3whc":"717",":@computed_region_kjdx_g34t":"2095"}},
{"type":"Feature","geometry":{"type":"Point","coordinates":[-73.995657,40.744081]},"properties":{":id":"row-zne5-vuij_iypj",":version":"rv-fexy.dtu9_sr2v",":created_at":"2025-10-29T04:25:11.860Z",":updated_at":"2025-10-29T04:25:15.104Z","gtfs_stop_id":"130","station_id":"320","complex_id":"320","division":"IRT","line":"Broadway - 7Av","stop_name":"23 St","borough":"M","cbd":"true","daytime_routes":"1","structure":"Subway","gtfs_latitude":"40.744081","gtfs_longitude":"-73.995657","north_direction_label":"Uptown","south_direction_label":"Downtown","ada":"0","ada_northbound":"0","ada_southbound":"0","ada_notes":null,":@computed_region_yamh_8v7k":"749",":@computed_region_wbg7_3whc":"735",":@computed_region_kjdx_g34t":"2095"}},
{"type":"Feature","geometry":{"type":"Point","coordinates":[-73.997871,40.74104]},"properties":{":id":"row-jhrv~mkeg_rvj7",":version":"rv-r2nj-pj2h_jdr6",":created_at":"2025-10-29T04:25:11.860Z",":updated_at":"2025-10-29T04:25:15.104Z","gtfs_stop_id":"131","station_id":"321","complex_id":"321","division":"IRT","line":"Broadway - 7Av","stop_name":"18 St","borough":"M","cbd":"true","daytime_routes":"1","structure":"Subway","gtfs_latitude":"40.74104","gtfs_longitude":"-73.997871","north_direction_label":"Uptown","south_direction_label":"Downtown","ada":"0","ada_northbound":"0","ada_southbound":"0","ada_notes":null,":@computed_region_yamh_8v7k":"749",":@computed_region_wbg7_3whc":"735",":@computed_region_kjdx_g34t":"2095"}},
{"type":"Feature","geometry":{"type":"Point","coordinates":[-74.000201,40.737826]},"properties":{":id":"row-bfzx_9zts_sdyq",":version":"rv-f4vx_5uma_yisx",":created_at":"2025-10-29T04:25:11.860Z",":updated_at":"2025-10-29T04:25:15.104Z","gtfs_stop_id":"132","station_id":"322","complex_id":"601","division":"IRT","line":"Broadway - 7Av","stop_name":"14 St","borough":"M","cbd":"true","daytime_routes":"1 2 3","structure":"Subway","gtfs_latitude":"40.737826","gtfs_longitude":"-74.000201","north_direction_label":"Uptown","south_direction_label":"Downtown","ada":"1","ada_northbound":"1","ada_southbound":"1","ada_notes":null,":@computed_region_yamh_8v7k":"749",":@computed_region_wbg7_3whc":"735",":@computed_region_kjdx_g34t":"2095"}},
{"type":"Feature","geometry":{"type":"Point","coordinates":[-74.002906,40.733422]},"properties":{":id":"row-5mks~cnju-hjei",":version":"rv-8kxe.radx-zqq7",":created_at":"2025-10-29T04:25:11.860Z",":updated_at":"2025-10-29T04:25:15.104Z","gtfs_stop_id":"133","station_id":"323","complex_id":"323","division":"IRT","line":"Broadway - 7Av","stop_name":"Christopher St-Stonewall","borough":"M","cbd":"true","daytime_routes":"1","structure":"Subway","gtfs_latitude":"40.733422","gtfs_longitude":"-74.002906","north_direction_label":"Uptown","south_direction_label":"Downtown","ada":"0","ada_northbound":"0","ada_southbound":"0","ada_notes":null,":@computed_region_yamh_8v7k":"749",":@computed_region_wbg7_3whc":"738",":@computed_region_kjdx_g34t":"2095"}},
{"type":"Feature","geometry":{"type":"Point","coordinates":[-74.005367,40.728251]},"properties":{":id":"row-kaeh.5ai9~zd7h",":version":"rv-3r6e_xsp6-bqyj",":created_at":"2025-10-29T04:25:11.860Z",":updated_at":"2025-10-29T04:25:15.104Z","gtfs_stop_id":"134","station_id":"324","complex_id":"324","division":"IRT","line":"Broadway - 7Av","stop_name":"Houston St","borough":"M","cbd":"true","daytime_routes":"1","structure":"Subway","gtfs_latitude":"40.728251","gtfs_longitude":"-74.005367","north_direction_label":"Uptown","south_direction_label":"Downtown","ada":"0","ada_northbound":"0","ada_southbound":"0","ada_notes":null,":@computed_region_yamh_8v7k":"749",":@computed_region_wbg7_3whc":"738",":@computed_region_kjdx_g34t":"2095"}},
{"type":"Feature","geometry":{"type":"Point","coordinates":[-74.006277,40.722854]},"properties":{":id":"row-cq2y~8n8e.9m7s",":version":"rv-4u7p.9s8d_y6vs",":created_at":"2025-10-29T04:25:11.860Z",":updated_at":"2025-10-29T04:25:15.104Z","gtfs_stop_id":"135","station_id":"325","complex_id":"325","division":"IRT","line":"Broadway - 7Av","stop_name":"Canal St","borough":"M","cbd":"true","daytime_routes":"1","structure":"Subway","gtfs_latitude":"40.722854","gtfs_longitude":"-74.006277","north_direction_label":"Uptown","south_direction_label":"Downtown","ada":"0","ada_northbound":"0","ada_southbound":"0","ada_notes":null,":@computed_region_yamh_8v7k":"749",":@computed_region_wbg7_3whc":"737",":@computed_region_kjdx_g34t":"2095"}},
{"type":"Feature","geometry":{"type":"Point","coordinates":[-74.006886,40.719318]},"properties":{":id":"row-nti6_q7qj_9g82",":version":"rv-y7ia-tv9s-grdk",":created_at":"2025-10-29T04:25:11.860Z",":updated_at":"2025-10-29T04:25:15.104Z","gtfs_stop_id":"136","station_id":"326","complex_id":"326","division":"IRT","line":"Broadway - 7Av","stop_name":"Franklin St","borough":"M","cbd":"true","daytime_routes":"1","structure":"Subway","gtfs_latitude":"40.719318","gtfs_longitude":"-74.006886","north_direction_label":"Uptown","south_direction_label":"Downtown","ada":"0","ada_northbound":"0","ada_southbound":"0","ada_notes":null,":@computed_region_yamh_8v7k":"749",":@computed_region_wbg7_3whc":"737",":@computed_region_kjdx_g34t":"2095"}},
{"type":"Feature","geometry":{"type":"Point","coordinates":[-74.009266,40.715478]},"properties":{":id":"row-eywg.d49v-wxxs",":version":"rv-cfa8.sguz-vhjq",":created_at":"2025-10-29T04:25:11.860Z",":updated_at":"2025-10-29T04:25:15.104Z","gtfs_stop_id":"137","station_id":"327","complex_id":"327","division":"IRT","line":"Broadway - 7Av","stop_name":"Chambers St","borough":"M","cbd":"true","daytime_routes":"1 2 3","structure":"Subway","gtfs_latitude":"40.715478","gtfs_longitude":"-74.009266","north_direction_label":"Uptown","south_direction_label":"Downtown","ada":"1","ada_northbound":"1","ada_southbound":"1","ada_notes":null,":@computed_region_yamh_8v7k":"749",":@computed_region_wbg7_3whc":"723",":@computed_region_kjdx_g34t":"2095"}},
{"type":"Feature","geometry":{"type":"Point","coordinates":[-74.012188,40.711835]},"properties":{":id":"row-578v_pg6a.p8fk",":version":"rv-w5kx-6qkn~8f52",":created_at":"2025-10-29T04:25:11.860Z",":updated_at":"2025-10-29T04:25:15.104Z","gtfs_stop_id":"138","station_id":"328","complex_id":"328","division":"IRT","line":"Broadway - 7Av","stop_name":"WTC Cortlandt","borough":"M","cbd":"true","daytime_routes":"1","structure":"Subway","gtfs_latitude":"40.711835","gtfs_longitude":"-74.012188","north_direction_label":"Uptown","south_direction_label":"Downtown","ada":"1","ada_northbound":"1","ada_southbound":"1","ada_notes":null,":@computed_region_yamh_8v7k":"749",":@computed_region_wbg7_3whc":"722",":@computed_region_kjdx_g34t":"2095"}},
{"type":"Feature","geometry":{"type":"Point","coordinates":[-74.013783,40.707513]},"properties":{":id":"row-wszu.gk7t-gtk4",":version":"rv-r7h8~n4zx~n4dx",":created_at":"2025-10-29T04:25:11.860Z",":updated_at":"2025-10-29T04:25:15.104Z","gtfs_stop_id":"139","station_id":"329","complex_id":"329","division":"IRT","line":"Broadway - 7Av","stop_name":"Rector St","borough":"M","cbd":"true","daytime_routes":"1","structure":"Subway","gtfs_latitude":"40.707513","gtfs_longitude":"-74.013783","north_direction_label":"Uptown","south_direction_label":"Downtown","ada":"0","ada_northbound":"0","ada_southbound":"0","ada_notes":null,":@computed_region_yamh_8v7k":"749",":@computed_region_wbg7_3whc":"722",":@computed_region_kjdx_g34t":"2095"}},
{"type":"Feature","geometry":{"type":"Point","coordinates":[-74.013664,40.702068]},"properties":{":id":"row-iic5_b5c5~dyp8",":version":"rv-54fi-p2jv~jkff",":created_at":"2025-10-29T04:25:11.860Z",":updated_at":"2025-10-29T04:25:15.104Z","gtfs_stop_id":"142","station_id":"330","complex_id":"635","division":"IRT","line":"Broadway - 7Av","stop_name":"South Ferry","borough":"M","cbd":"true","daytime_routes":"1","structure":"Subway","gtfs_latitude":"40.702068","gtfs_longitude":"-74.013664","north_direction_label":"Uptown","south_direction_label":"Last Stop","ada":"1","ada_northbound":"1","ada_southbound":"1","ada_notes":null,":@computed_region_yamh_8v7k":"749",":@computed_region_wbg7_3whc":"720",":@computed_region_kjdx_g34t":"2095"}},
{"type":"Feature","geometry":{"type":"Point","coordinates":[-74.008811,40.713051]},"properties":{":id":"row-hip6_ny3y.pmn6",":version":"rv-5mtw.rfxx.iuff",":created_at":"2025-10-29T04:25:11.860Z",":updated_at":"2025-10-29T04:25:15.104Z","gtfs_stop_id":"228","station_id":"331","complex_id":"624","division":"IRT","line":"Clark St","stop_name":"Park Place","borough":"M","cbd":"true","daytime_routes":"2 3","structure":"Subway","gtfs_latitude":"40.713051","gtfs_longitude":"-74.008811","north_direction_label":"Uptown","south_direction_label":"Brooklyn","ada":"0","ada_northbound":"0","ada_southbound":"0","ada_notes":null,":@computed_region_yamh_8v7k":"749",":@computed_region_wbg7_3whc":"601",":@computed_region_kjdx_g34t":"2095"}},
{"type":"Feature","geometry":{"type":"Point","coordinates":[-74.006571,40.709416]},"properties":{":id":"row-p3jm~4a7m-pkiq",":version":"rv-3htk_zsfi~g5au",":created_at":"2025-10-29T04:25:11.860Z",":updated_at":"2025-10-29T04:25:15.104Z","gtfs_stop_id":"229","station_id":"332","complex_id":"628","division":"IRT","line":"Clark St","stop_name":"Fulton St","borough":"M","cbd":"true","daytime_routes":"2 3","structure":"Subway","gtfs_latitude":"40.709416","gtfs_longitude":"-74.006571","north_direction_label":"Uptown","south_direction_label":"Brooklyn","ada":"1","ada_northbound":"1","ada_southbound":"1","ada_notes":null,":@computed_region_yamh_8v7k":"749",":@computed_region_wbg7_3whc":"797",":@computed_region_kjdx_g34t":"2095"}},
{"type":"Feature","geometry":{"type":"Point","coordinates":[-74.0091,40.706821]},"properties":{":id":"row-nz8d_48vh-6w5g",":version":"rv-bxhp~p5fu.8m8a",":created_at":"2025-10-29T04:25:11.860Z",":updated_at":"2025-10-29T04:25:15.104Z","gtfs_stop_id":"230","station_id":"333","complex_id":"333","division":"IRT","line":"Clark St","stop_name":"Wall St","borough":"M","cbd":"true","daytime_routes":"2 3","structure":"Subway","gtfs_latitude":"40.706821","gtfs_longitude":"-74.0091","north_direction_label":"Uptown","south_direction_label":"Brooklyn","ada":"0","ada_northbound":"0","ada_southbound":"0","ada_notes":null,":@computed_region_yamh_8v7k":"749",":@computed_region_wbg7_3whc":"721",":@computed_region_kjdx_g34t":"2095"}},
{"type":"Feature","geometry":{"type":"Point","coordinates":[-73.993086,40.697466]},"properties":{":id":"row-hchz-nsdf_7wbe",":version":"rv-s3kz_kfyu~zky8",":created_at":"2025-10-29T04:25:11.860Z",":updated_at":"2025-10-29T04:25:15.104Z","gtfs_stop_id":"231","station_id":"334","complex_id":"334","division":"IRT","line":"Clark St","stop_name":"Clark St","borough":"Bk","cbd":"false","daytime_routes":"2 3","structure":"Subway","gtfs_latitude":"40.697466","gtfs_longitude":"-73.993086","north_direction_label":"Manhattan","south_direction_label":"Outbound","ada":"0","ada_northbound":"0","ada_southbound":"0","ada_notes":null,":@computed_region_yamh_8v7k":"894",":@computed_region_wbg7_3whc":"880",":@computed_region_kjdx_g34t":"2095"}},
{"type":"Feature","geometry":{"type":"Point","coordinates":[-73.989998,40.693219]},"properties":{":id":"row-7jum.t79w.s3ff",":version":"rv-dgfi~6d95~jcrv",":created_at":"2025-10-29T04:25:11.860Z",":updated_at":"2025-10-29T04:25:15.104Z","gtfs_stop_id":"232","station_id":"335","complex_id":"620","division":"IRT","line":"Clark St","stop_name":"Borough Hall","borough":"Bk","cbd":"false","daytime_routes":"2 3","structure":"Subway","gtfs_latitude":"40.693219","gtfs_longitude":"-73.989998","north_direction_label":"Manhattan","south_direction_label":"Outbound","ada":"1","ada_northbound":"1","ada_southbound":"1","ada_notes":null,":@computed_region_yamh_8v7k":"894",":@computed_region_wbg7_3whc":"880",":@computed_region_kjdx_g34t":"2090"}},
{"type":"Feature","geometry":{"type":"Point","coordinates":[-73.985065,40.690545]},"properties":{":id":"row-j3xv_rrc6-2sry",":version":"rv-qgz3~p7dv~ijj7",":created_at":"2025-10-29T04:25:11.860Z",":updated_at":"2025-10-29T04:25:15.104Z","gtfs_stop_id":"233","station_id":"336","complex_id":"336","division":"IRT","line":"Eastern Pky","stop_name":"Hoyt St","borough":"Bk","cbd":"false","daytime_routes":"2 3","structure":"Subway","gtfs_latitude":"40.690545","gtfs_longitude":"-73.985065","north_direction_label":"Manhattan","south_direction_label":"Outbound","ada":"2","ada_northbound":"0","ada_southbound":"1","ada_notes":"Outbound only",":@computed_region_yamh_8v7k":"894",":@computed_region_wbg7_3whc":"880",":@computed_region_kjdx_g34t":"2090"}},
{"type":"Feature","geometry":{"type":"Point","coordinates":[-73.980492,40.688246]},"properties":{":id":"row-2kk5-5cje~ptew",":version":"rv-zcmy-rfmf-925y",":created_at":"2025-10-29T04:25:11.860Z",":updated_at":"2025-10-29T04:25:15.104Z","gtfs_stop_id":"234","station_id":"337","complex_id":"337","division":"IRT","line":"Eastern Pky","stop_name":"Nevins St","borough":"Bk","cbd":"false","daytime_routes":"2 3 4 5","structure":"Subway","gtfs_latitude":"40.688246","gtfs_longitude":"-73.980492","north_direction_label":"Manhattan","south_direction_label":"Outbound","ada":"0","ada_northbound":"0","ada_southbound":"0","ada_notes":null,":@computed_region_yamh_8v7k":"894",":@computed_region_wbg7_3whc":"895",":@computed_region_kjdx_g34t":"2090"}},
{"type":"Feature","geometry":{"type":"Point","coordinates":[-73.977666,40.684359]},"properties":{":id":"row-czau~fs6q-w8vr",":version":"rv-9hjt-cse4-rn8z",":created_at":"2025-10-29T04:25:11.860Z",":updated_at":"2025-10-29T04:25:15.104Z","gtfs_stop_id":"235","station_id":"338","complex_id":"617","division":"IRT","line":"Eastern Pky","stop_name":"Atlantic Av-Barclays Ctr","borough":"Bk","cbd":"false","daytime_routes":"2 3 4 5","structure":"Subway","gtfs_latitude":"40.684359","gtfs_longitude":"-73.977666","north_direction_label":"Manhattan","south_direction_label":"Outbound","ada":"1","ada_northbound":"1","ada_southbound":"1","ada_notes":null,":@computed_region_yamh_8v7k":"894",":@computed_region_wbg7_3whc":"895",":@computed_region_kjdx_g34t":"2090"}},
{"type":"Feature","geometry":{"type":"Point","coordinates":[-73.975098,40.680829]},"properties":{":id":"row-ab7j-mkqd-a7ku",":version":"rv-6a6d_7kbu_h67t",":created_at":"2025-10-29T04:25:11.860Z",":updated_at":"2025-10-29T04:25:15.104Z","gtfs_stop_id":"236","station_id":"339","complex_id":"339","division":"IRT","line":"Eastern Pky","stop_name":"Bergen St","borough":"Bk","cbd":"false","daytime_routes":"2 3","structure":"Subway","gtfs_latitude":"40.680829","gtfs_longitude":"-73.975098","north_direction_label":"Manhattan","south_direction_label":"Outbound","ada":"0","ada_northbound":"0","ada_southbound":"0","ada_notes":null,":@computed_region_yamh_8v7k":"894",":@computed_region_wbg7_3whc":"895",":@computed_region_kjdx_g34t":"2090"}},
{"type":"Feature","geometry":{"type":"Point","coordinates":[-73.971046,40.675235]},"properties":{":id":"row-z5hi_ni8r_fyys",":version":"rv-meq5-wqb7-cjmn",":created_at":"2025-10-29T04:25:11.860Z",":updated_at":"2025-10-29T04:25:15.104Z","gtfs_stop_id":"237","station_id":"340","complex_id":"340","division":"IRT","line":"Eastern Pky","stop_name":"Grand Army Plaza","borough":"Bk","cbd":"false","daytime_routes":"2 3","structure":"Subway","gtfs_latitude":"40.675235","gtfs_longitude":"-73.971046","north_direction_label":"Manhattan","south_direction_label":"Outbound","ada":"0","ada_northbound":"0","ada_southbound":"0","ada_notes":null,":@computed_region_yamh_8v7k":"894",":@computed_region_wbg7_3whc":"821",":@computed_region_kjdx_g34t":"2090"}},
{"type":"Feature","geometry":{"type":"Point","coordinates":[-73.964375,40.671987]},"properties":{":id":"row-fcj8~q6rq_rfvu",":version":"rv-8e3s~66px.dfcz",":created_at":"2025-10-29T04:25:11.860Z",":updated_at":"2025-10-29T04:25:15.104Z","gtfs_stop_id":"238","station_id":"341","complex_id":"341","division":"IRT","line":"Eastern Pky","stop_name":"Eastern Pkwy-Brooklyn Museum","borough":"Bk","cbd":"false","daytime_routes":"2 3","structure":"Subway","gtfs_latitude":"40.671987","gtfs_longitude":"-73.964375","north_direction_label":"Manhattan","south_direction_label":"Outbound","ada":"1","ada_northbound":"1","ada_southbound":"1","ada_notes":null,":@computed_region_yamh_8v7k":"894",":@computed_region_wbg7_3whc":"821",":@computed_region_kjdx_g34t":"2090"}},
{"type":"Feature","geometry":{"type":"Point","coordinates":[-73.958131,40.670682]},"properties":{":id":"row-i6pa-ec3n.vtgw",":version":"rv-fkec-jhqd_3iwz",":created_at":"2025-10-29T04:25:11.860Z",":updated_at":"2025-10-29T04:25:15.104Z","gtfs_stop_id":"239","station_id":"342","complex_id":"626","division":"IRT","line":"Eastern Pky","stop_name":"Franklin Av-Medgar Evers College","borough":"Bk","cbd":"false","daytime_routes":"2 3 4 5","structure":"Subway","gtfs_latitude":"40.670682","gtfs_longitude":"-73.958131","north_direction_label":"Manhattan","south_direction_label":"Outbound","ada":"0","ada_northbound":"0","ada_southbound":"0","ada_notes":null,":@computed_region_yamh_8v7k":"894",":@computed_region_wbg7_3whc":"809",":@computed_region_kjdx_g34t":"2090"}},
{"type":"Feature","geometry":{"type":"Point","coordinates":[-73.950466,40.669847]},"properties":{":id":"row-3iry_px95~npny",":version":"rv-mpmw~26br.qe4e",":created_at":"2025-10-29T04:25:11.860Z",":updated_at":"2025-10-29T04:25:15.104Z","gtfs_stop_id":"248","station_id":"343","complex_id":"343","division":"IRT","line":"Eastern Pky","stop_name":"Nostrand Av","borough":"Bk","cbd":"false","daytime_routes":"3","structure":"Subway","gtfs_latitude":"40.669847","gtfs_longitude":"-73.950466","north_direction_label":"Manhattan","south_direction_label":"Outbound","ada":"0","ada_northbound":"0","ada_southbound":"0","ada_notes":null,":@computed_region_yamh_8v7k":"894",":@computed_region_wbg7_3whc":"809",":@computed_region_kjdx_g34t":"2090"}},
{"type":"Feature","geometry":{"type":"Point","coordinates":[-73.942161,40.669399]},"properties":{":id":"row-47ag_957n~6inh",":version":"rv-fis2~yg2r_umzi",":created_at":"2025-10-29T04:25:11.860Z",":updated_at":"2025-10-29T04:25:15.104Z","gtfs_stop_id":"249","station_id":"344","complex_id":"344","division":"IRT","line":"Eastern Pky","stop_name":"Kingston Av","borough":"Bk","cbd":"false","daytime_routes":"3","structure":"Subway","gtfs_latitude":"40.669399","gtfs_longitude":"-73.942161","north_direction_label":"Manhattan","south_direction_label":"Outbound","ada":"0","ada_northbound":"0","ada_southbound":"0","ada_notes":null,":@computed_region_yamh_8v7k":"894",":@computed_region_wbg7_3whc":"891",":@computed_region_kjdx_g34t":"2090"}},
{"type":"Feature","geometry":{"type":"Point","coordinates":[-73.932942,40.668897]},"properties":{":id":"row-p94x_rs57-w5s6",":version":"rv-4xfb-3723_a2vd",":created_at":"2025-10-29T04:25:11.860Z",":updated_at":"2025-10-29T04:25:15.104Z","gtfs_stop_id":"250","station_id":"345","complex_id":"345","division":"IRT","line":"Eastern Pky","stop_name":"Crown Hts-Utica Av","borough":"Bk","cbd":"false","daytime_routes":"3 4","structure":"Subway","gtfs_latitude":"40.668897","gtfs_longitude":"-73.932942","north_direction_label":"Manhattan","south_direction_label":"Outbound","ada":"1","ada_northbound":"1","ada_southbound":"1","ada_notes":null,":@computed_region_yamh_8v7k":"894",":@computed_region_wbg7_3whc":"891",":@computed_region_kjdx_g34t":"2090"}},
{"type":"Feature","geometry":{"type":"Point","coordinates":[-73.92261,40.664717]},"properties":{":id":"row-pgiq.4s5c.kkfh",":version":"rv-q7hq-33i6-yshx",":created_at":"2025-10-29T04:25:11.860Z",":updated_at":"2025-10-29T04:25:15.104Z","gtfs_stop_id":"251","station_id":"346","complex_id":"346","division":"IRT","line":"Eastern Pky","stop_name":"Sutter Av-Rutland Rd","borough":"Bk","cbd":"false","daytime_routes":"3","structure":"Elevated","gtfs_latitude":"40.664717","gtfs_longitude":"-73.92261","north_direction_label":"Manhattan","south_direction_label":"New Lots","ada":"0","ada_northbound":"0","ada_southbound":"0","ada_notes":null,":@computed_region_yamh_8v7k":"894",":@computed_region_wbg7_3whc":"890",":@computed_region_kjdx_g34t":"2090"}},
{"type":"Feature","geometry":{"type":"Point","coordinates":[-73.916327,40.661453]},"properties":{":id":"row-rncr_a9h2-6xep",":version":"rv-9mbi.b3fq.yxhx",":created_at":"2025-10-29T04:25:11.860Z",":updated_at":"2025-10-29T04:25:15.104Z","gtfs_stop_id":"252","station_id":"347","complex_id":"347","division":"IRT","line":"Eastern Pky","stop_name":"Saratoga Av","borough":"Bk","cbd":"false","daytime_routes":"3","structure":"Elevated","gtfs_latitude":"40.661453","gtfs_longitude":"-73.916327","north_direction_label":"Manhattan","south_direction_label":"New Lots","ada":"0","ada_northbound":"0","ada_southbound":"0","ada_notes":null,":@computed_region_yamh_8v7k":"894",":@computed_region_wbg7_3whc":"890",":@computed_region_kjdx_g34t":"2090"}},
{"type":"Feature","geometry":{"type":"Point","coordinates":[-73.908946,40.662549]},"properties":{":id":"row-8rrx.88ht-3yif",":version":"rv-8mkk_mgjb~yy4k",":created_at":"2025-10-29T04:25:11.860Z",":updated_at":"2025-10-29T04:25:15.104Z","gtfs_stop_id":"253","station_id":"348","complex_id":"348","division":"IRT","line":"Eastern Pky","stop_name":"Rockaway Av","borough":"Bk","cbd":"false","daytime_routes":"3","structure":"Elevated","gtfs_latitude":"40.662549","gtfs_longitude":"-73.908946","north_direction_label":"Manhattan","south_direction_label":"New Lots","ada":"0","ada_northbound":"0","ada_southbound":"0","ada_notes":null,":@computed_region_yamh_8v7k":"894",":@computed_region_wbg7_3whc":"890",":@computed_region_kjdx_g34t":"2090"}},
{"type":"Feature","geometry":{"type":"Point","coordinates":[-73.902447,40.663515]},"properties":{":id":"row-jp4u_4nuz-m92a",":version":"rv-wbtp_2jcc~4pyb",":created_at":"2025-10-29T04:25:11.860Z",":updated_at":"2025-10-29T04:25:15.104Z","gtfs_stop_id":"254","station_id":"349","complex_id":"349","division":"IRT","line":"Eastern Pky","stop_name":"Junius St","borough":"Bk","cbd":"false","daytime_routes":"3","structure":"Elevated","gtfs_latitude":"40.663515","gtfs_longitude":"-73.902447","north_direction_label":"Manhattan","south_direction_label":"New Lots","ada":"0","ada_northbound":"0","ada_southbound":"0","ada_notes":null,":@computed_region_yamh_8v7k":"894",":@computed_region_wbg7_3whc":"890",":@computed_region_kjdx_g34t":"2090"}},
{"type":"Feature","geometry":{"type":"Point","coordinates":[-73.894895,40.664635]},"properties":{":id":"row-pgya.3dyq~25vg",":version":"rv-hxpe-q735-bfi2",":created_at":"2025-10-29T04:25:11.860Z",":updated_at":"2025-10-29T04:25:15.104Z","gtfs_stop_id":"255","station_id":"350","complex_id":"350","division":"IRT","line":"Eastern Pky","stop_name":"Pennsylvania Av","borough":"Bk","cbd":"false","daytime_routes":"3","structure":"Elevated","gtfs_latitude":"40.664635","gtfs_longitude":"-73.894895","north_direction_label":"Manhattan","south_direction_label":"New Lots","ada":"0","ada_northbound":"0","ada_southbound":"0","ada_notes":null,":@computed_region_yamh_8v7k":"894",":@computed_region_wbg7_3whc":"885",":@computed_region_kjdx_g34t":"2090"}},
{"type":"Feature","geometry":{"type":"Point","coordinates":[-73.889395,40.665449]},"properties":{":id":"row-gzc9_whj8_use7",":version":"rv-hd8t_mgxv_w2ai",":created_at":"2025-10-29T04:25:11.860Z",":updated_at":"2025-10-29T04:25:15.104Z","gtfs_stop_id":"256","station_id":"351","complex_id":"351","division":"IRT","line":"Eastern Pky","stop_name":"Van Siclen Av","borough":"Bk","cbd":"false","daytime_routes":"3","structure":"Elevated","gtfs_latitude":"40.665449","gtfs_longitude":"-73.889395","north_direction_label":"Manhattan","south_direction_label":"New Lots","ada":"0","ada_northbound":"0","ada_southbound":"0","ada_notes":null,":@computed_region_yamh_8v7k":"894",":@computed_region_wbg7_3whc":"885",":@computed_region_kjdx_g34t":"2090"}},
{"type":"Feature","geometry":{"type":"Point","coordinates":[-73.884079,40.666235]},"properties":{":id":"row-2v9t.8dnb.93ty",":version":"rv-s6ff~hx7f~9ns7",":created_at":"2025-10-29T04:25:11.860Z",":updated_at":"2025-10-29T04:25:15.104Z","gtfs_stop_id":"257","station_id":"352","complex_id":"352","division":"IRT","line":"Eastern Pky","stop_name":"New Lots Av","borough":"Bk","cbd":"false","daytime_routes":"3","structure":"Elevated","gtfs_latitude":"40.666235","gtfs_longitude":"-73.884079","north_direction_label":"Manhattan","south_direction_label":"Last Stop","ada":"0","ada_northbound":"0","ada_southbound":"0","ada_notes":null,":@computed_region_yamh_8v7k":"894",":@computed_region_wbg7_3whc":"885",":@computed_region_kjdx_g34t":"2090"}},
{"type":"Feature","geometry":{"type":"Point","coordinates":[-73.950683,40.667883]},"properties":{":id":"row-dkur-twru-dipg",":version":"rv-qk9i-cw6n~3y4e",":created_at":"2025-10-29T04:25:11.860Z",":updated_at":"2025-10-29T04:25:15.104Z","gtfs_stop_id":"241","station_id":"353","complex_id":"353","division":"IRT","line":"Nostrand","stop_name":"President St-Medgar Evers College","borough":"Bk","cbd":"false","daytime_routes":"2 5","structure":"Subway","gtfs_latitude":"40.667883","gtfs_longitude":"-73.950683","north_direction_label":"Manhattan","south_direction_label":"Flatbush","ada":"0","ada_northbound":"0","ada_southbound":"0","ada_notes":null,":@computed_region_yamh_8v7k":"894",":@computed_region_wbg7_3whc":"809",":@computed_region_kjdx_g34t":"2090"}},
{"type":"Feature","geometry":{"type":"Point","coordinates":[-73.95085,40.662742]},"properties":{":id":"row-6aks-9bmx_rtpn",":version":"rv-cnws~5kd3~855a",":created_at":"2025-10-29T04:25:11.860Z",":updated_at":"2025-10-29T04:25:15.104Z","gtfs_stop_id":"242","station_id":"354","complex_id":"354","division":"IRT","line":"Nostrand","stop_name":"Sterling St","borough":"Bk","cbd":"false","daytime_routes":"2 5","structure":"Subway","gtfs_latitude":"40.662742","gtfs_longitude":"-73.95085","north_direction_label":"Manhattan","south_direction_label":"Flatbush","ada":"0","ada_northbound":"0","ada_southbound":"0","ada_notes":null,":@computed_region_yamh_8v7k":"894",":@computed_region_wbg7_3whc":"809",":@computed_region_kjdx_g34t":"2090"}},
{"type":"Feature","geometry":{"type":"Point","coordinates":[-73.9502,40.656652]},"properties":{":id":"row-3b8g~a8gj-6zqe",":version":"rv-vqnh.hftn-gpay",":created_at":"2025-10-29T04:25:11.860Z",":updated_at":"2025-10-29T04:25:15.104Z","gtfs_stop_id":"243","station_id":"355","complex_id":"355","division":"IRT","line":"Nostrand","stop_name":"Winthrop St","borough":"Bk","cbd":"false","daytime_routes":"2 5","structure":"Subway","gtfs_latitude":"40.656652","gtfs_longitude":"-73.9502","north_direction_label":"Manhattan","south_direction_label":"Flatbush","ada":"0","ada_northbound":"0","ada_southbound":"0","ada_notes":null,":@computed_region_yamh_8v7k":"894",":@computed_region_wbg7_3whc":"809",":@computed_region_kjdx_g34t":"2090"}},
{"type":"Feature","geometry":{"type":"Point","coordinates":[-73.949575,40.650843]},"properties":{":id":"row-x9ht_55xf~fuxq",":version":"rv-a9y6~cuhw_a89b",":created_at":"2025-10-29T04:25:11.860Z",":updated_at":"2025-10-29T04:25:15.104Z","gtfs_stop_id":"244","station_id":"356","complex_id":"356","division":"IRT","line":"Nostrand","stop_name":"Church Av","borough":"Bk","cbd":"false","daytime_routes":"2 5","structure":"Subway","gtfs_latitude":"40.650843","gtfs_longitude":"-73.949575","north_direction_label":"Manhattan","south_direction_label":"Flatbush","ada":"1","ada_northbound":"1","ada_southbound":"1","ada_notes":null,":@computed_region_yamh_8v7k":"894",":@computed_region_wbg7_3whc":"810",":@computed_region_kjdx_g34t":"2090"}},
{"type":"Feature","geometry":{"type":"Point","coordinates":[-73.948959,40.645098]},"properties":{":id":"row-s266~inqu-4yic",":version":"rv-axzu_fii3-gizj",":created_at":"2025-10-29T04:25:11.860Z",":updated_at":"2025-10-29T04:25:15.104Z","gtfs_stop_id":"245","station_id":"357","complex_id":"357","division":"IRT","line":"Nostrand","stop_name":"Beverly Rd","borough":"Bk","cbd":"false","daytime_routes":"2 5","structure":"Subway","gtfs_latitude":"40.645098","gtfs_longitude":"-73.948959","north_direction_label":"Manhattan","south_direction_label":"Flatbush","ada":"0","ada_northbound":"0","ada_southbound":"0","ada_notes":null,":@computed_region_yamh_8v7k":"894",":@computed_region_wbg7_3whc":"810",":@computed_region_kjdx_g34t":"2090"}},
{"type":"Feature","geometry":{"type":"Point","coordinates":[-73.948411,40.639967]},"properties":{":id":"row-fnjs.yzci~ww45",":version":"rv-8azt_pqna-mnye",":created_at":"2025-10-29T04:25:11.860Z",":updated_at":"2025-10-29T04:25:15.104Z","gtfs_stop_id":"246","station_id":"358","complex_id":"358","division":"IRT","line":"Nostrand","stop_name":"Newkirk Av-Little Haiti","borough":"Bk","cbd":"false","daytime_routes":"2 5","structure":"Subway","gtfs_latitude":"40.639967","gtfs_longitude":"-73.948411","north_direction_label":"Manhattan","south_direction_label":"Flatbush","ada":"0","ada_northbound":"0","ada_southbound":"0","ada_notes":null,":@computed_region_yamh_8v7k":"894",":@computed_region_wbg7_3whc":"888",":@computed_region_kjdx_g34t":"2090"}},
{"type":"Feature","geometry":{"type":"Point","coordinates":[-73.947642,40.632836]},"properties":{":id":"row-jpcb_wrrg_xfqm",":version":"rv-78yc.j46f.ns4u",":created_at":"2025-10-29T04:25:11.860Z",":updated_at":"2025-10-29T04:25:15.104Z","gtfs_stop_id":"247","station_id":"359","complex_id":"359","division":"IRT","line":"Nostrand","stop_name":"Flatbush Av-Brooklyn College","borough":"Bk","cbd":"false","daytime_routes":"2 5","structure":"Subway","gtfs_latitude":"40.632836","gtfs_longitude":"-73.947642","north_direction_label":"Manhattan","south_direction_label":"Last Stop","ada":"1","ada_northbound":"1","ada_southbound":"1","ada_notes":null,":@computed_region_yamh_8v7k":"894",":@computed_region_wbg7_3whc":"888",":@computed_region_kjdx_g34t":"2090"}},
{"type":"Feature","geometry":{"type":"Point","coordinates":[-73.828121,40.852462]},"properties":{":id":"row-vmx5_jjxy.n34s",":version":"rv-mefy_3yte-n36n",":created_at":"2025-10-29T04:25:11.860Z",":updated_at":"2025-10-29T04:25:15.104Z","gtfs_stop_id":"601","station_id":"360","complex_id":"360","division":"IRT","line":"Pelham","stop_name":"Pelham Bay Park","borough":"Bx","cbd":"false","daytime_routes":"6","structure":"Elevated","gtfs_latitude":"40.852462","gtfs_longitude":"-73.828121","north_direction_label":"Last Stop","south_direction_label":"Manhattan","ada":"1","ada_northbound":"1","ada_southbound":"1","ada_notes":null,":@computed_region_yamh_8v7k":"307",":@computed_region_wbg7_3whc":"674",":@computed_region_kjdx_g34t":"2032"}},
{"type":"Feature","geometry":{"type":"Point","coordinates":[-73.832569,40.84681]},"properties":{":id":"row-jwsi_qqy6~dnss",":version":"rv-rrj4_ww3s_89hu",":created_at":"2025-10-29T04:25:11.860Z",":updated_at":"2025-10-29T04:25:15.104Z","gtfs_stop_id":"602","station_id":"361","complex_id":"361","division":"IRT","line":"Pelham","stop_name":"Buhre Av","borough":"Bx","cbd":"false","daytime_routes":"6","structure":"Elevated","gtfs_latitude":"40.84681","gtfs_longitude":"-73.832569","north_direction_label":"Pelham Bay","south_direction_label":"Manhattan","ada":"0","ada_northbound":"0","ada_southbound":"0","ada_notes":null,":@computed_region_yamh_8v7k":"307",":@computed_region_wbg7_3whc":"674",":@computed_region_kjdx_g34t":"2032"}},
{"type":"Feature","geometry":{"type":"Point","coordinates":[-73.836322,40.843863]},"properties":{":id":"row-at8e-krke-sk6t",":version":"rv-ncvw-x568.fdmu",":created_at":"2025-10-29T04:25:11.860Z",":updated_at":"2025-10-29T04:25:15.104Z","gtfs_stop_id":"603","station_id":"362","complex_id":"362","division":"IRT","line":"Pelham","stop_name":"Middletown Rd","borough":"Bx","cbd":"false","daytime_routes":"6","structure":"Elevated","gtfs_latitude":"40.843863","gtfs_longitude":"-73.836322","north_direction_label":"Pelham Bay","south_direction_label":"Manhattan","ada":"0","ada_northbound":"0","ada_southbound":"0","ada_notes":null,":@computed_region_yamh_8v7k":"307",":@computed_region_wbg7_3whc":"674",":@computed_region_kjdx_g34t":"2032"}},
{"type":"Feature","geometry":{"type":"Point","coordinates":[-73.842952,40.839892]},"properties":{":id":"row-wbwj~usym-jwtm",":version":"rv-u66h.d7wi.awde",":created_at":"2025-10-29T04:25:11.860Z",":updated_at":"2025-10-29T04:25:15.104Z","gtfs_stop_id":"604","station_id":"363","complex_id":"363","division":"IRT","line":"Pelham","stop_name":"Westchester Sq-E Tremont Av","borough":"Bx","cbd":"false","daytime_routes":"6","structure":"Elevated","gtfs_latitude":"40.839892","gtfs_longitude":"-73.842952","north_direction_label":"Pelham Bay","south_direction_label":"Manhattan","ada":"1","ada_northbound":"1","ada_southbound":"1","ada_notes":null,":@computed_region_yamh_8v7k":"307",":@computed_region_wbg7_3whc":"674",":@computed_region_kjdx_g34t":"2032"}},
{"type":"Feature","geometry":{"type":"Point","coordinates":[-73.847036,40.836488]},"properties":{":id":"row-gsuq-zn3j.9ca2",":version":"rv-eibn_ez6u.q5i5",":created_at":"2025-10-29T04:25:11.860Z",":updated_at":"2025-10-29T04:25:15.104Z","gtfs_stop_id":"606","station_id":"364","complex_id":"364","division":"IRT","line":"Pelham","stop_name":"Zerega Av","borough":"Bx","cbd":"false","daytime_routes":"6","structure":"Elevated","gtfs_latitude":"40.836488","gtfs_longitude":"-73.847036","north_direction_label":"Pelham Bay","south_direction_label":"Manhattan","ada":"0","ada_northbound":"0","ada_southbound":"0","ada_notes":null,":@computed_region_yamh_8v7k":"307",":@computed_region_wbg7_3whc":"675",":@computed_region_kjdx_g34t":"2032"}},
{"type":"Feature","geometry":{"type":"Point","coordinates":[-73.851222,40.834255]},"properties":{":id":"row-abkg_9vuz_e3q8",":version":"rv-6e8a~rt5y_ugex",":created_at":"2025-10-29T04:25:11.860Z",":updated_at":"2025-10-29T04:25:15.104Z","gtfs_stop_id":"607","station_id":"365","complex_id":"365","division":"IRT","line":"Pelham","stop_name":"Castle Hill Av","borough":"Bx","cbd":"false","daytime_routes":"6","structure":"Elevated","gtfs_latitude":"40.834255","gtfs_longitude":"-73.851222","north_direction_label":"Pelham Bay","south_direction_label":"Manhattan","ada":"0","ada_northbound":"0","ada_southbound":"0","ada_notes":null,":@computed_region_yamh_8v7k":"307",":@computed_region_wbg7_3whc":"675",":@computed_region_kjdx_g34t":"2032"}},
{"type":"Feature","geometry":{"type":"Point","coordinates":[-73.860816,40.833226]},"properties":{":id":"row-7p5y~gyg4~3nsp",":version":"rv-94hv_t3nt~c6yx",":created_at":"2025-10-29T04:25:11.860Z",":updated_at":"2025-10-29T04:25:15.104Z","gtfs_stop_id":"608","station_id":"366","complex_id":"366","division":"IRT","line":"Pelham","stop_name":"Parkchester","borough":"Bx","cbd":"false","daytime_routes":"6","structure":"Elevated","gtfs_latitude":"40.833226","gtfs_longitude":"-73.860816","north_direction_label":"Northbound","south_direction_label":"Manhattan","ada":"0","ada_northbound":"0","ada_southbound":"0","ada_notes":null,":@computed_region_yamh_8v7k":"307",":@computed_region_wbg7_3whc":"709",":@computed_region_kjdx_g34t":"2032"}},
{"type":"Feature","geometry":{"type":"Point","coordinates":[-73.867618,40.831509]},"properties":{":id":"row-r7qw_33qn.qgiv",":version":"rv-ktys~v75e~bfgr",":created_at":"2025-10-29T04:25:11.860Z",":updated_at":"2025-10-29T04:25:15.104Z","gtfs_stop_id":"609","station_id":"367","complex_id":"367","division":"IRT","line":"Pelham","stop_name":"St Lawrence Av","borough":"Bx","cbd":"false","daytime_routes":"6","structure":"Elevated","gtfs_latitude":"40.831509","gtfs_longitude":"-73.867618","north_direction_label":"Northbound","south_direction_label":"Manhattan","ada":"0","ada_northbound":"0","ada_southbound":"0","ada_notes":null,":@computed_region_yamh_8v7k":"307",":@computed_region_wbg7_3whc":"709",":@computed_region_kjdx_g34t":"2032"}},
{"type":"Feature","geometry":{"type":"Point","coordinates":[-73.874516,40.829521]},"properties":{":id":"row-vudb~94sa~z99z",":version":"rv-7tfr_jqpe-t5c6",":created_at":"2025-10-29T04:25:11.860Z",":updated_at":"2025-10-29T04:25:15.104Z","gtfs_stop_id":"610","station_id":"368","complex_id":"368","division":"IRT","line":"Pelham","stop_name":"Morrison Av-Soundview","borough":"Bx","cbd":"false","daytime_routes":"6","structure":"Elevated","gtfs_latitude":"40.829521","gtfs_longitude":"-73.874516","north_direction_label":"Northbound","south_direction_label":"Manhattan","ada":"0","ada_northbound":"0","ada_southbound":"0","ada_notes":null,":@computed_region_yamh_8v7k":"307",":@computed_region_wbg7_3whc":"709",":@computed_region_kjdx_g34t":"2032"}},
{"type":"Feature","geometry":{"type":"Point","coordinates":[-73.879159,40.828584]},"properties":{":id":"row-3ydc.mmsa~6t9d",":version":"rv-5hrf_4n42.7htw",":created_at":"2025-10-29T04:25:11.860Z",":updated_at":"2025-10-29T04:25:15.104Z","gtfs_stop_id":"611","station_id":"369","complex_id":"369","division":"IRT","line":"Pelham","stop_name":"Elder Av","borough":"Bx","cbd":"false","daytime_routes":"6","structure":"Elevated","gtfs_latitude":"40.828584","gtfs_longitude":"-73.879159","north_direction_label":"Northbound","south_direction_label":"Manhattan","ada":"0","ada_northbound":"0","ada_southbound":"0","ada_notes":null,":@computed_region_yamh_8v7k":"307",":@computed_region_wbg7_3whc":"709",":@computed_region_kjdx_g34t":"2032"}},
{"type":"Feature","geometry":{"type":"Point","coordinates":[-73.886283,40.826525]},"properties":{":id":"row-yn3y.6gxb_isrp",":version":"rv-awf6~hbvw.t79j",":created_at":"2025-10-29T04:25:11.860Z",":updated_at":"2025-10-29T04:25:15.104Z","gtfs_stop_id":"612","station_id":"370","complex_id":"370","division":"IRT","line":"Pelham","stop_name":"Whitlock Av","borough":"Bx","cbd":"false","daytime_routes":"6","structure":"Elevated","gtfs_latitude":"40.826525","gtfs_longitude":"-73.886283","north_direction_label":"Northbound","south_direction_label":"Manhattan","ada":"0","ada_northbound":"0","ada_southbound":"0","ada_notes":null,":@computed_region_yamh_8v7k":"307",":@computed_region_wbg7_3whc":"655",":@computed_region_kjdx_g34t":"2032"}},
{"type":"Feature","geometry":{"type":"Point","coordinates":[-73.890549,40.820948]},"properties":{":id":"row-j2qj-tnxj.9ymy",":version":"rv-twv4_akke_8xm9",":created_at":"2025-10-29T04:25:11.860Z",":updated_at":"2025-10-29T04:25:15.104Z","gtfs_stop_id":"613","station_id":"371","complex_id":"371","division":"IRT","line":"Pelham","stop_name":"Hunts Point Av","borough":"Bx","cbd":"false","daytime_routes":"6","structure":"Subway","gtfs_latitude":"40.820948","gtfs_longitude":"-73.890549","north_direction_label":"Northbound","south_direction_label":"Manhattan","ada":"1","ada_northbound":"1","ada_southbound":"1","ada_notes":null,":@computed_region_yamh_8v7k":"307",":@computed_region_wbg7_3whc":"655",":@computed_region_kjdx_g34t":"2032"}},
{"type":"Feature","geometry":{"type":"Point","coordinates":[-73.896435,40.816104]},"properties":{":id":"row-5r9x_6tdf.xq9b",":version":"rv-98hz.f84n.2ag6",":created_at":"2025-10-29T04:25:11.860Z",":updated_at":"2025-10-29T04:25:15.104Z","gtfs_stop_id":"614","station_id":"372","complex_id":"372","division":"IRT","line":"Pelham","stop_name":"Longwood Av","borough":"Bx","cbd":"false","daytime_routes":"6","structure":"Subway","gtfs_latitude":"40.816104","gtfs_longitude":"-73.896435","north_direction_label":"Northbound","south_direction_label":"Manhattan","ada":"0","ada_northbound":"0","ada_southbound":"0","ada_notes":null,":@computed_region_yamh_8v7k":"307",":@computed_region_wbg7_3whc":"651",":@computed_region_kjdx_g34t":"2032"}},
{"type":"Feature","geometry":{"type":"Point","coordinates":[-73.904098,40.812118]},"properties":{":id":"row-sygf~6gzj_3w2k",":version":"rv-24s7_k2fb-jx83",":created_at":"2025-10-29T04:25:11.860Z",":updated_at":"2025-10-29T04:25:15.104Z","gtfs_stop_id":"615","station_id":"373","complex_id":"373","division":"IRT","line":"Pelham","stop_name":"E 149 St","borough":"Bx","cbd":"false","daytime_routes":"6","structure":"Subway","gtfs_latitude":"40.812118","gtfs_longitude":"-73.904098","north_direction_label":"Northbound","south_direction_label":"Manhattan","ada":"1","ada_northbound":"1","ada_southbound":"1","ada_notes":null,":@computed_region_yamh_8v7k":"307",":@computed_region_wbg7_3whc":"651",":@computed_region_kjdx_g34t":"2032"}},
{"type":"Feature","geometry":{"type":"Point","coordinates":[-73.907657,40.808719]},"properties":{":id":"row-az8n.n92i~h7n3",":version":"rv-4zki-vcth_4dnp",":created_at":"2025-10-29T04:25:11.860Z",":updated_at":"2025-10-29T04:25:15.104Z","gtfs_stop_id":"616","station_id":"374","complex_id":"374","division":"IRT","line":"Pelham","stop_name":"E 143 St-St Mary's St","borough":"Bx","cbd":"false","daytime_routes":"6","structure":"Subway","gtfs_latitude":"40.808719","gtfs_longitude":"-73.907657","north_direction_label":"Northbound","south_direction_label":"Manhattan","ada":"0","ada_northbound":"0","ada_southbound":"0","ada_notes":null,":@computed_region_yamh_8v7k":"307",":@computed_region_wbg7_3whc":"650",":@computed_region_kjdx_g34t":"2032"}},
{"type":"Feature","geometry":{"type":"Point","coordinates":[-73.914042,40.805368]},"properties":{":id":"row-nhm4~rg24~5f8x",":version":"rv-vpxf-r52n.bb3h",":created_at":"2025-10-29T04:25:11.860Z",":updated_at":"2025-10-29T04:25:15.104Z","gtfs_stop_id":"617","station_id":"375","complex_id":"375","division":"IRT","line":"Pelham","stop_name":"Cypress Av","borough":"Bx","cbd":"false","daytime_routes":"6","structure":"Subway","gtfs_latitude":"40.805368","gtfs_longitude":"-73.914042","north_direction_label":"Northbound","south_direction_label":"Manhattan","ada":"0","ada_northbound":"0","ada_southbound":"0","ada_notes":null,":@computed_region_yamh_8v7k":"307",":@computed_region_wbg7_3whc":"650",":@computed_region_kjdx_g34t":"2032"}},
{"type":"Feature","geometry":{"type":"Point","coordinates":[-73.91924,40.807566]},"properties":{":id":"row-huck.8ymd_2pti",":version":"rv-kv92-juyf.8xdi",":created_at":"2025-10-29T04:25:11.860Z",":updated_at":"2025-10-29T04:25:15.104Z","gtfs_stop_id":"618","station_id":"376","complex_id":"376","division":"IRT","line":"Pelham","stop_name":"Brook Av","borough":"Bx","cbd":"false","daytime_routes":"6","structure":"Subway","gtfs_latitude":"40.807566","gtfs_longitude":"-73.91924","north_direction_label":"Northbound","south_direction_label":"Manhattan","ada":"0","ada_northbound":"0","ada_southbound":"0","ada_notes":null,":@computed_region_yamh_8v7k":"307",":@computed_region_wbg7_3whc":"650",":@computed_region_kjdx_g34t":"2095"}},
{"type":"Feature","geometry":{"type":"Point","coordinates":[-73.926138,40.810476]},"properties":{":id":"row-2f6x-qzxu.mnh5",":version":"rv-aekr_mxut-6me9",":created_at":"2025-10-29T04:25:11.860Z",":updated_at":"2025-10-29T04:25:15.104Z","gtfs_stop_id":"619","station_id":"377","complex_id":"377","division":"IRT","line":"Pelham","stop_name":"3 Av-138 St","borough":"Bx","cbd":"false","daytime_routes":"6","structure":"Subway","gtfs_latitude":"40.810476","gtfs_longitude":"-73.926138","north_direction_label":"Northbound","south_direction_label":"Manhattan","ada":"0","ada_northbound":"0","ada_southbound":"0","ada_notes":null,":@computed_region_yamh_8v7k":"307",":@computed_region_wbg7_3whc":"650",":@computed_region_kjdx_g34t":"2095"}},
{"type":"Feature","geometry":{"type":"Point","coordinates":[-73.878751,40.886037]},"properties":{":id":"row-ckys.n2b6-tg7j",":version":"rv-eqj3~pfjx_2qkx",":created_at":"2025-10-29T04:25:11.860Z",":updated_at":"2025-10-29T04:25:15.104Z","gtfs_stop_id":"401","station_id":"378","complex_id":"378","division":"IRT","line":"Jerome Av","stop_name":"Woodlawn","borough":"Bx","cbd":"false","daytime_routes":"4","structure":"Elevated","gtfs_latitude":"40.886037","gtfs_longitude":"-73.878751","north_direction_label":"Last Stop","south_direction_label":"Manhattan","ada":"0","ada_northbound":"0","ada_southbound":"0","ada_notes":null,":@computed_region_yamh_8v7k":"307",":@computed_region_wbg7_3whc":"704",":@computed_region_kjdx_g34t":"2032"}},
{"type":"Feature","geometry":{"type":"Point","coordinates":[-73.884655,40.87975]},"properties":{":id":"row-kt5a-vjwr_rhdm",":version":"rv-g269.rrak.bfvr",":created_at":"2025-10-29T04:25:11.860Z",":updated_at":"2025-10-29T04:25:15.104Z","gtfs_stop_id":"402","station_id":"379","complex_id":"379","division":"IRT","line":"Jerome Av","stop_name":"Mosholu Pkwy","borough":"Bx","cbd":"false","daytime_routes":"4","structure":"Elevated","gtfs_latitude":"40.87975","gtfs_longitude":"-73.884655","north_direction_label":"Woodlawn","south_direction_label":"Manhattan","ada":"1","ada_northbound":"1","ada_southbound":"1","ada_notes":null,":@computed_region_yamh_8v7k":"307",":@computed_region_wbg7_3whc":"704",":@computed_region_kjdx_g34t":"2032"}},
{"type":"Feature","geometry":{"type":"Point","coordinates":[-73.890064,40.873412]},"properties":{":id":"row-mir3-h485~mrdf",":version":"rv-wg8j-7wg2_tftc",":created_at":"2025-10-29T04:25:11.860Z",":updated_at":"2025-10-29T04:25:15.104Z","gtfs_stop_id":"405","station_id":"380","complex_id":"380","division":"IRT","line":"Jerome Av","stop_name":"Bedford Park Blvd-Lehman College","borough":"Bx","cbd":"false","daytime_routes":"4","structure":"Elevated","gtfs_latitude":"40.873412","gtfs_longitude":"-73.890064","north_direction_label":"Northbound","south_direction_label":"Manhattan","ada":"0","ada_northbound":"0","ada_southbound":"0","ada_notes":null,":@computed_region_yamh_8v7k":"307",":@computed_region_wbg7_3whc":"705",":@computed_region_kjdx_g34t":"2032"}},
{"type":"Feature","geometry":{"type":"Point","coordinates":[-73.897174,40.86776]},"properties":{":id":"row-gi99~e29v~74vy",":version":"rv-wkgb-5a3h-5h9c",":created_at":"2025-10-29T04:25:11.860Z",":updated_at":"2025-10-29T04:25:15.104Z","gtfs_stop_id":"406","station_id":"381","complex_id":"381","division":"IRT","line":"Jerome Av","stop_name":"Kingsbridge Rd","borough":"Bx","cbd":"false","daytime_routes":"4","structure":"Elevated","gtfs_latitude":"40.86776","gtfs_longitude":"-73.897174","north_direction_label":"Northbound","south_direction_label":"Manhattan","ada":"0","ada_northbound":"0","ada_southbound":"0","ada_notes":null,":@computed_region_yamh_8v7k":"307",":@computed_region_wbg7_3whc":"705",":@computed_region_kjdx_g34t":"2032"}},
{"type":"Feature","geometry":{"type":"Point","coordinates":[-73.901034,40.862803]},"properties":{":id":"row-k2hd.954y.gscg",":version":"rv-c6s8-6fbe-ukba",":created_at":"2025-10-29T04:25:11.860Z",":updated_at":"2025-10-29T04:25:15.104Z","gtfs_stop_id":"407","station_id":"382","complex_id":"382","division":"IRT","line":"Jerome Av","stop_name":"Fordham Rd","borough":"Bx","cbd":"false","daytime_routes":"4","structure":"Elevated","gtfs_latitude":"40.862803","gtfs_longitude":"-73.901034","north_direction_label":"Northbound","south_direction_label":"Manhattan","ada":"1","ada_northbound":"1","ada_southbound":"1","ada_notes":null,":@computed_region_yamh_8v7k":"307",":@computed_region_wbg7_3whc":"705",":@computed_region_kjdx_g34t":"2032"}},
{"type":"Feature","geometry":{"type":"Point","coordinates":[-73.903879,40.858407]},"properties":{":id":"row-stqq~9fck~wyw9",":version":"rv-898y-kpm7.ms9v",":created_at":"2025-10-29T04:25:11.860Z",":updated_at":"2025-10-29T04:25:15.104Z","gtfs_stop_id":"408","station_id":"383","complex_id":"383","division":"IRT","line":"Jerome Av","stop_name":"183 St","borough":"Bx","cbd":"false","daytime_routes":"4","structure":"Elevated","gtfs_latitude":"40.858407","gtfs_longitude":"-73.903879","north_direction_label":"Northbound","south_direction_label":"Manhattan","ada":"0","ada_northbound":"0","ada_southbound":"0","ada_notes":null,":@computed_region_yamh_8v7k":"307",":@computed_region_wbg7_3whc":"649",":@computed_region_kjdx_g34t":"2032"}},
{"type":"Feature","geometry":{"type":"Point","coordinates":[-73.907684,40.853453]},"properties":{":id":"row-33vn~dte3.wj2h",":version":"rv-hcty.f7ij_ihrk",":created_at":"2025-10-29T04:25:11.860Z",":updated_at":"2025-10-29T04:25:15.104Z","gtfs_stop_id":"409","station_id":"384","complex_id":"384","division":"IRT","line":"Jerome Av","stop_name":"Burnside Av","borough":"Bx","cbd":"false","daytime_routes":"4","structure":"Elevated","gtfs_latitude":"40.853453","gtfs_longitude":"-73.907684","north_direction_label":"Northbound","south_direction_label":"Manhattan","ada":"0","ada_northbound":"0","ada_southbound":"0","ada_notes":null,":@computed_region_yamh_8v7k":"307",":@computed_region_wbg7_3whc":"649",":@computed_region_kjdx_g34t":"2032"}},
{"type":"Feature","geometry":{"type":"Point","coordinates":[-73.911794,40.84848]},"properties":{":id":"row-r3cn.7d26~zp5c",":version":"rv-w6mj.5iai.t5z7",":created_at":"2025-10-29T04:25:11.860Z",":updated_at":"2025-10-29T04:25:15.104Z","gtfs_stop_id":"410","station_id":"385","complex_id":"385","division":"IRT","line":"Jerome Av","stop_name":"176 St","borough":"Bx","cbd":"false","daytime_routes":"4","structure":"Elevated","gtfs_latitude":"40.84848","gtfs_longitude":"-73.911794","north_direction_label":"Northbound","south_direction_label":"Manhattan","ada":"0","ada_northbound":"0","ada_southbound":"0","ada_notes":null,":@computed_region_yamh_8v7k":"307",":@computed_region_wbg7_3whc":"649",":@computed_region_kjdx_g34t":"2032"}},
{"type":"Feature","geometry":{"type":"Point","coordinates":[-73.914685,40.844434]},"properties":{":id":"row-5apw.g28u_nreu",":version":"rv-4t8j.gads_8w7c",":created_at":"2025-10-29T04:25:11.860Z",":updated_at":"2025-10-29T04:25:15.104Z","gtfs_stop_id":"411","station_id":"386","complex_id":"386","division":"IRT","line":"Jerome Av","stop_name":"Mt Eden Av","borough":"Bx","cbd":"false","daytime_routes":"4","structure":"Elevated","gtfs_latitude":"40.844434","gtfs_longitude":"-73.914685","north_direction_label":"Northbound","south_direction_label":"Manhattan","ada":"0","ada_northbound":"0","ada_southbound":"0","ada_notes":null,":@computed_region_yamh_8v7k":"307",":@computed_region_wbg7_3whc":"648",":@computed_region_kjdx_g34t":"2032"}},
{"type":"Feature","geometry":{"type":"Point","coordinates":[-73.917791,40.840075]},"properties":{":id":"row-782r.prks.meti",":version":"rv-c4sw.yiux.2m2q",":created_at":"2025-10-29T04:25:11.860Z",":updated_at":"2025-10-29T04:25:15.104Z","gtfs_stop_id":"412","station_id":"387","complex_id":"387","division":"IRT","line":"Jerome Av","stop_name":"170 St","borough":"Bx","cbd":"false","daytime_routes":"4","structure":"Elevated","gtfs_latitude":"40.840075","gtfs_longitude":"-73.917791","north_direction_label":"Northbound","south_direction_label":"Manhattan","ada":"1","ada_northbound":"1","ada_southbound":"1","ada_notes":null,":@computed_region_yamh_8v7k":"307",":@computed_region_wbg7_3whc":"648",":@computed_region_kjdx_g34t":"2032"}},
{"type":"Feature","geometry":{"type":"Point","coordinates":[-73.9214,40.835537]},"properties":{":id":"row-y4xe.m7jf.ujri",":version":"rv-sfuf-p8bj.qawc",":created_at":"2025-10-29T04:25:11.860Z",":updated_at":"2025-10-29T04:25:15.104Z","gtfs_stop_id":"413","station_id":"388","complex_id":"388","division":"IRT","line":"Jerome Av","stop_name":"167 St","borough":"Bx","cbd":"false","daytime_routes":"4","structure":"Elevated","gtfs_latitude":"40.835537","gtfs_longitude":"-73.9214","north_direction_label":"Northbound","south_direction_label":"Manhattan","ada":"0","ada_northbound":"0","ada_southbound":"0","ada_notes":null,":@computed_region_yamh_8v7k":"307",":@computed_region_wbg7_3whc":"648",":@computed_region_kjdx_g34t":"2032"}},
{"type":"Feature","geometry":{"type":"Point","coordinates":[-73.925831,40.827994]},"properties":{":id":"row-b3nv~cfiw.n77k",":version":"rv-eu27_6igu.wv43",":created_at":"2025-10-29T04:25:11.860Z",":updated_at":"2025-10-29T04:25:15.104Z","gtfs_stop_id":"414","station_id":"389","complex_id":"604","division":"IRT","line":"Jerome Av","stop_name":"161 St-Yankee Stadium","borough":"Bx","cbd":"false","daytime_routes":"4","structure":"Elevated","gtfs_latitude":"40.827994","gtfs_longitude":"-73.925831","north_direction_label":"Northbound","south_direction_label":"Manhattan","ada":"1","ada_northbound":"1","ada_southbound":"1","ada_notes":null,":@computed_region_yamh_8v7k":"307",":@computed_region_wbg7_3whc":"647",":@computed_region_kjdx_g34t":"2032"}},
{"type":"Feature","geometry":{"type":"Point","coordinates":[-73.927351,40.818375]},"properties":{":id":"row-9ttj_r2pw-2bwy",":version":"rv-xq8b.b3cs_uas2",":created_at":"2025-10-29T04:25:11.860Z",":updated_at":"2025-10-29T04:25:15.104Z","gtfs_stop_id":"415","station_id":"390","complex_id":"603","division":"IRT","line":"Jerome Av","stop_name":"149 St-Grand Concourse","borough":"Bx","cbd":"false","daytime_routes":"4","structure":"Subway","gtfs_latitude":"40.818375","gtfs_longitude":"-73.927351","north_direction_label":"Northbound","south_direction_label":"Manhattan","ada":"0","ada_northbound":"0","ada_southbound":"0","ada_notes":null,":@computed_region_yamh_8v7k":"307",":@computed_region_wbg7_3whc":"647",":@computed_region_kjdx_g34t":"2095"}},
{"type":"Feature","geometry":{"type":"Point","coordinates":[-73.929849,40.813224]},"properties":{":id":"row-4sgy.hsvd_rt7v",":version":"rv-i6y4_i33v_f9ya",":created_at":"2025-10-29T04:25:11.860Z",":updated_at":"2025-10-29T04:25:15.104Z","gtfs_stop_id":"416","station_id":"391","complex_id":"391","division":"IRT","line":"Jerome Av","stop_name":"138 St-Grand Concourse","borough":"Bx","cbd":"false","daytime_routes":"4 5","structure":"Subway","gtfs_latitude":"40.813224","gtfs_longitude":"-73.929849","north_direction_label":"Northbound","south_direction_label":"Manhattan","ada":"0","ada_northbound":"0","ada_southbound":"0","ada_notes":null,":@computed_region_yamh_8v7k":"307",":@computed_region_wbg7_3whc":"647",":@computed_region_kjdx_g34t":"2095"}},
{"type":"Feature","geometry":{"type":"Point","coordinates":[-73.937594,40.804138]},"properties":{":id":"row-qfmv.76j8~zzfe",":version":"rv-dkk8_pkt2_2aam",":created_at":"2025-10-29T04:25:11.860Z",":updated_at":"2025-10-29T04:25:15.104Z","gtfs_stop_id":"621","station_id":"392","complex_id":"392","division":"IRT","line":"Lexington Av","stop_name":"125 St","borough":"M","cbd":"false","daytime_routes":"4 5 6","structure":"Subway","gtfs_latitude":"40.804138","gtfs_longitude":"-73.937594","north_direction_label":"The Bronx","south_direction_label":"Downtown","ada":"1","ada_northbound":"1","ada_southbound":"1","ada_notes":null,":@computed_region_yamh_8v7k":"749",":@computed_region_wbg7_3whc":"794",":@computed_region_kjdx_g34t":"2095"}},
{"type":"Feature","geometry":{"type":"Point","coordinates":[-73.941617,40.798629]},"properties":{":id":"row-yfhd.rmxf.dy2g",":version":"rv-mysb_jjb3_kks9",":created_at":"2025-10-29T04:25:11.860Z",":updated_at":"2025-10-29T04:25:15.104Z","gtfs_stop_id":"622","station_id":"393","complex_id":"393","division":"IRT","line":"Lexington Av","stop_name":"116 St","borough":"M","cbd":"false","daytime_routes":"6","structure":"Subway","gtfs_latitude":"40.798629","gtfs_longitude":"-73.941617","north_direction_label":"The Bronx","south_direction_label":"Downtown","ada":"0","ada_northbound":"0","ada_southbound":"0","ada_notes":null,":@computed_region_yamh_8v7k":"749",":@computed_region_wbg7_3whc":"756",":@computed_region_kjdx_g34t":"2095"}},
{"type":"Feature","geometry":{"type":"Point","coordinates":[-73.94425,40.79502]},"properties":{":id":"row-nac5-yjru~bcgu",":version":"rv-mw9j~2unk~jdkb",":created_at":"2025-10-29T04:25:11.860Z",":updated_at":"2025-10-29T04:25:15.104Z","gtfs_stop_id":"623","station_id":"394","complex_id":"394","division":"IRT","line":"Lexington Av","stop_name":"110 St","borough":"M","cbd":"false","daytime_routes":"6","structure":"Subway","gtfs_latitude":"40.79502","gtfs_longitude":"-73.94425","north_direction_label":"The Bronx","south_direction_label":"Downtown","ada":"0","ada_northbound":"0","ada_southbound":"0","ada_notes":null,":@computed_region_yamh_8v7k":"749",":@computed_region_wbg7_3whc":"756",":@computed_region_kjdx_g34t":"2095"}},
{"type":"Feature","geometry":{"type":"Point","coordinates":[-73.947478,40.7906]},"properties":{":id":"row-5ne6-hw8k-e5x5",":version":"rv-vr6k~xfbw-ax8w",":created_at":"2025-10-29T04:25:11.860Z",":updated_at":"2025-10-29T04:25:15.104Z","gtfs_stop_id":"624","station_id":"395","complex_id":"395","division":"IRT","line":"Lexington Av","stop_name":"103 St","borough":"M","cbd":"false","daytime_routes":"6","structure":"Subway","gtfs_latitude":"40.7906","gtfs_longitude":"-73.947478","north_direction_label":"The Bronx","south_direction_label":"Downtown","ada":"0","ada_northbound":"0","ada_southbound":"0","ada_notes":null,":@computed_region_yamh_8v7k":"749",":@computed_region_wbg7_3whc":"756",":@computed_region_kjdx_g34t":"2095"}},
{"type":"Feature","geometry":{"type":"Point","coordinates":[-73.95107,40.785672]},"properties":{":id":"row-xcxp-qsq5_ehqg",":version":"rv-b6nx_3x7f~egsf",":created_at":"2025-10-29T04:25:11.860Z",":updated_at":"2025-10-29T04:25:15.104Z","gtfs_stop_id":"625","station_id":"396","complex_id":"396","division":"IRT","line":"Lexington Av","stop_name":"96 St","borough":"M","cbd":"false","daytime_routes":"6","structure":"Subway","gtfs_latitude":"40.785672","gtfs_longitude":"-73.95107","north_direction_label":"The Bronx","south_direction_label":"Downtown","ada":"0","ada_northbound":"0","ada_southbound":"0","ada_notes":null,":@computed_region_yamh_8v7k":"749",":@computed_region_wbg7_3whc":"583",":@computed_region_kjdx_g34t":"2095"}},
{"type":"Feature","geometry":{"type":"Point","coordinates":[-73.955589,40.779492]},"properties":{":id":"row-dxz6~pzt5~p25u",":version":"rv-jthb~sj56-wu95",":created_at":"2025-10-29T04:25:11.860Z",":updated_at":"2025-10-29T04:25:15.104Z","gtfs_stop_id":"626","station_id":"397","complex_id":"397","division":"IRT","line":"Lexington Av","stop_name":"86 St","borough":"M","cbd":"false","daytime_routes":"4 5 6","structure":"Subway","gtfs_latitude":"40.779492","gtfs_longitude":"-73.955589","north_direction_label":"Uptown","south_direction_label":"Downtown","ada":"2","ada_northbound":"1","ada_southbound":"0","ada_notes":"Uptown local only",":@computed_region_yamh_8v7k":"749",":@computed_region_wbg7_3whc":"755",":@computed_region_kjdx_g34t":"2095"}},
{"type":"Feature","geometry":{"type":"Point","coordinates":[-73.959874,40.77362]},"properties":{":id":"row-q34d~yghh-r9s2",":version":"rv-xdfr.9fqj~a7ax",":created_at":"2025-10-29T04:25:11.860Z",":updated_at":"2025-10-29T04:25:15.104Z","gtfs_stop_id":"627","station_id":"398","complex_id":"398","division":"IRT","line":"Lexington Av","stop_name":"77 St","borough":"M","cbd":"false","daytime_routes":"6","structure":"Subway","gtfs_latitude":"40.77362","gtfs_longitude":"-73.959874","north_direction_label":"Uptown","south_direction_label":"Downtown","ada":"0","ada_northbound":"0","ada_southbound":"0","ada_notes":null,":@computed_region_yamh_8v7k":"749",":@computed_region_wbg7_3whc":"744",":@computed_region_kjdx_g34t":"2095"}},
{"type":"Feature","geometry":{"type":"Point","coordinates":[-73.96387,40.768141]},"properties":{":id":"row-66af~jei2.dd5b",":version":"rv-gbvu.t3dn_f4zj",":created_at":"2025-10-29T04:25:11.860Z",":updated_at":"2025-10-29T04:25:15.104Z","gtfs_stop_id":"628","station_id":"399","complex_id":"399","division":"IRT","line":"Lexington Av","stop_name":"68 St-Hunter College","borough":"M","cbd":"false","daytime_routes":"6","structure":"Subway","gtfs_latitude":"40.768141","gtfs_longitude":"-73.96387","north_direction_label":"Uptown","south_direction_label":"Downtown","ada":"1","ada_northbound":"1","ada_southbound":"1","ada_notes":null,":@computed_region_yamh_8v7k":"749",":@computed_region_wbg7_3whc":null,":@computed_region_kjdx_g34t":"2095"}},
{"type":"Feature","geometry":{"type":"Point","coordinates":[-73.967967,40.762526]},"properties":{":id":"row-dkxh.cs2n-49pa",":version":"rv-b2xc.fdid.8xaq",":created_at":"2025-10-29T04:25:11.860Z",":updated_at":"2025-10-29T04:25:15.104Z","gtfs_stop_id":"629","station_id":"400","complex_id":"613","division":"IRT","line":"Lexington Av","stop_name":"59 St","borough":"M","cbd":"true","daytime_routes":"4 5 6","structure":"Subway","gtfs_latitude":"40.762526","gtfs_longitude":"-73.967967","north_direction_label":"Uptown","south_direction_label":"Downtown","ada":"0","ada_northbound":"0","ada_southbound":"0","ada_notes":null,":@computed_region_yamh_8v7k":"749",":@computed_region_wbg7_3whc":"749",":@computed_region_kjdx_g34t":"2095"}},
{"type":"Feature","geometry":{"type":"Point","coordinates":[-73.97192,40.757107]},"properties":{":id":"row-99dj_uj3m-bj7w",":version":"rv-se54_pque-nh85",":created_at":"2025-10-29T04:25:11.860Z",":updated_at":"2025-10-29T04:25:15.104Z","gtfs_stop_id":"630","station_id":"401","complex_id":"612","division":"IRT","line":"Lexington Av","stop_name":"51 St","borough":"M","cbd":"true","daytime_routes":"6","structure":"Subway","gtfs_latitude":"40.757107","gtfs_longitude":"-73.97192","north_direction_label":"Uptown","south_direction_label":"Downtown","ada":"1","ada_northbound":"1","ada_southbound":"1","ada_notes":null,":@computed_region_yamh_8v7k":"749",":@computed_region_wbg7_3whc":"749",":@computed_region_kjdx_g34t":"2095"}},
{"type":"Feature","geometry":{"type":"Point","coordinates":[-73.976848,40.751776]},"properties":{":id":"row-dnwi.84fd-txhi",":version":"rv-uwie_2j8h-6bz9",":created_at":"2025-10-29T04:25:11.860Z",":updated_at":"2025-10-29T04:25:15.104Z","gtfs_stop_id":"631","station_id":"402","complex_id":"610","division":"IRT","line":"Lexington Av","stop_name":"Grand Central-42 St","borough":"M","cbd":"true","daytime_routes":"4 5 6","structure":"Subway","gtfs_latitude":"40.751776","gtfs_longitude":"-73.976848","north_direction_label":"Uptown","south_direction_label":"Downtown","ada":"1","ada_northbound":"1","ada_southbound":"1","ada_notes":null,":@computed_region_yamh_8v7k":"749",":@computed_region_wbg7_3whc":"590",":@computed_region_kjdx_g34t":"2095"}},
{"type":"Feature","geometry":{"type":"Point","coordinates":[-73.982076,40.746081]},"properties":{":id":"row-ippa_n6z5_w6fq",":version":"rv-k96u~d6ek~x7wj",":created_at":"2025-10-29T04:25:11.860Z",":updated_at":"2025-10-29T04:25:15.104Z","gtfs_stop_id":"632","station_id":"403","complex_id":"403","division":"IRT","line":"Lexington Av","stop_name":"33 St","borough":"M","cbd":"true","daytime_routes":"6","structure":"Subway","gtfs_latitude":"40.746081","gtfs_longitude":"-73.982076","north_direction_label":"Uptown","south_direction_label":"Downtown","ada":"0","ada_northbound":"0","ada_southbound":"0","ada_notes":null,":@computed_region_yamh_8v7k":"749",":@computed_region_wbg7_3whc":"739",":@computed_region_kjdx_g34t":"2095"}},
{"type":"Feature","geometry":{"type":"Point","coordinates":[-73.984264,40.74307]},"properties":{":id":"row-598c.wpxq~62eq",":version":"rv-uwa6.bayy~kc4m",":created_at":"2025-10-29T04:25:11.860Z",":updated_at":"2025-10-29T04:25:15.104Z","gtfs_stop_id":"633","station_id":"404","complex_id":"404","division":"IRT","line":"Lexington Av","stop_name":"28 St","borough":"M","cbd":"true","daytime_routes":"6","structure":"Subway","gtfs_latitude":"40.74307","gtfs_longitude":"-73.984264","north_direction_label":"Uptown","south_direction_label":"Downtown","ada":"2","ada_northbound":"0","ada_southbound":"1","ada_notes":"Downtown only",":@computed_region_yamh_8v7k":"749",":@computed_region_wbg7_3whc":"739",":@computed_region_kjdx_g34t":"2095"}},
{"type":"Feature","geometry":{"type":"Point","coordinates":[-73.986599,40.739864]},"properties":{":id":"row-5f3u-rs4d~yupn",":version":"rv-tria.x3fn-23gg",":created_at":"2025-10-29T04:25:11.860Z",":updated_at":"2025-10-29T04:25:15.104Z","gtfs_stop_id":"634","station_id":"405","complex_id":"405","division":"IRT","line":"Lexington Av","stop_name":"23 St-Baruch College","borough":"M","cbd":"true","daytime_routes":"6","structure":"Subway","gtfs_latitude":"40.739864","gtfs_longitude":"-73.986599","north_direction_label":"Uptown","south_direction_label":"Downtown","ada":"1","ada_northbound":"1","ada_southbound":"1","ada_notes":null,":@computed_region_yamh_8v7k":"749",":@computed_region_wbg7_3whc":"734",":@computed_region_kjdx_g34t":"2095"}},
{"type":"Feature","geometry":{"type":"Point","coordinates":[-73.989951,40.734673]},"properties":{":id":"row-kwdg_vgy6.6ty8",":version":"rv-npcw_ti4p-x6fs",":created_at":"2025-10-29T04:25:11.860Z",":updated_at":"2025-10-29T04:25:15.104Z","gtfs_stop_id":"635","station_id":"406","complex_id":"602","division":"IRT","line":"Lexington Av","stop_name":"14 St-Union Sq","borough":"M","cbd":"true","daytime_routes":"4 5 6","structure":"Subway","gtfs_latitude":"40.734673","gtfs_longitude":"-73.989951","north_direction_label":"Uptown","south_direction_label":"Downtown","ada":"0","ada_northbound":"0","ada_southbound":"0","ada_notes":null,":@computed_region_yamh_8v7k":"749",":@computed_region_wbg7_3whc":"719",":@computed_region_kjdx_g34t":"2095"}},
{"type":"Feature","geometry":{"type":"Point","coordinates":[-73.99107,40.730054]},"properties":{":id":"row-qw7t-cdd4-ij34",":version":"rv-pewb-d7bu.6cpw",":created_at":"2025-10-29T04:25:11.860Z",":updated_at":"2025-10-29T04:25:15.104Z","gtfs_stop_id":"636","station_id":"407","complex_id":"407","division":"IRT","line":"Lexington Av","stop_name":"Astor Pl","borough":"M","cbd":"true","daytime_routes":"6","structure":"Subway","gtfs_latitude":"40.730054","gtfs_longitude":"-73.99107","north_direction_label":"Uptown","south_direction_label":"Downtown","ada":"0","ada_northbound":"0","ada_southbound":"0","ada_notes":null,":@computed_region_yamh_8v7k":"749",":@computed_region_wbg7_3whc":"719",":@computed_region_kjdx_g34t":"2095"}},
{"type":"Feature","geometry":{"type":"Point","coordinates":[-73.994659,40.725915]},"properties":{":id":"row-cem5_ahga~ycgf",":version":"rv-vaig-75tv~6dna",":created_at":"2025-10-29T04:25:11.860Z",":updated_at":"2025-10-29T04:25:15.104Z","gtfs_stop_id":"637","station_id":"408","complex_id":"619","division":"IRT","line":"Lexington Av","stop_name":"Bleecker St","borough":"M","cbd":"true","daytime_routes":"6","structure":"Subway","gtfs_latitude":"40.725915","gtfs_longitude":"-73.994659","north_direction_label":"Uptown","south_direction_label":"Downtown","ada":"1","ada_northbound":"1","ada_southbound":"1","ada_notes":null,":@computed_region_yamh_8v7k":"749",":@computed_region_wbg7_3whc":"736",":@computed_region_kjdx_g34t":"2095"}},
{"type":"Feature","geometry":{"type":"Point","coordinates":[-73.997141,40.722301]},"properties":{":id":"row-r6j3~fm4g-nvtk",":version":"rv-8b9s~52g9.kzt4",":created_at":"2025-10-29T04:25:11.860Z",":updated_at":"2025-10-29T04:25:15.104Z","gtfs_stop_id":"638","station_id":"409","complex_id":"409","division":"IRT","line":"Lexington Av","stop_name":"Spring St","borough":"M","cbd":"true","daytime_routes":"6","structure":"Subway","gtfs_latitude":"40.722301","gtfs_longitude":"-73.997141","north_direction_label":"Uptown","south_direction_label":"Downtown","ada":"0","ada_northbound":"0","ada_southbound":"0","ada_notes":null,":@computed_region_yamh_8v7k":"749",":@computed_region_wbg7_3whc":"736",":@computed_region_kjdx_g34t":"2095"}},
{"type":"Feature","geometry":{"type":"Point","coordinates":[-74.000193,40.718803]},"properties":{":id":"row-7njz_3de6_68ds",":version":"rv-apnb.aec8~iwr2",":created_at":"2025-10-29T04:25:11.860Z",":updated_at":"2025-10-29T04:25:15.104Z","gtfs_stop_id":"639","station_id":"410","complex_id":"623","division":"IRT","line":"Lexington Av","stop_name":"Canal St","borough":"M","cbd":"true","daytime_routes":"6","structure":"Subway","gtfs_latitude":"40.718803","gtfs_longitude":"-74.000193","north_direction_label":"Uptown","south_direction_label":"Downtown","ada":"1","ada_northbound":"1","ada_southbound":"1","ada_notes":null,":@computed_region_yamh_8v7k":"749",":@computed_region_wbg7_3whc":"737",":@computed_region_kjdx_g34t":"2095"}},
{"type":"Feature","geometry":{"type":"Point","coordinates":[-74.004131,40.713065]},"properties":{":id":"row-r8mq.3mi8~fzrx",":version":"rv-mnrf.dcid~ytk5",":created_at":"2025-10-29T04:25:11.860Z",":updated_at":"2025-10-29T04:25:15.104Z","gtfs_stop_id":"640","station_id":"411","complex_id":"622","division":"IRT","line":"Lexington Av","stop_name":"Brooklyn Bridge-City Hall","borough":"M","cbd":"true","daytime_routes":"4 5 6","structure":"Subway","gtfs_latitude":"40.713065","gtfs_longitude":"-74.004131","north_direction_label":"Uptown","south_direction_label":"Downtown","ada":"1","ada_northbound":"1","ada_southbound":"1","ada_notes":null,":@computed_region_yamh_8v7k":"749",":@computed_region_wbg7_3whc":"723",":@computed_region_kjdx_g34t":"2095"}},
{"type":"Feature","geometry":{"type":"Point","coordinates":[-74.009509,40.710368]},"properties":{":id":"row-m5mx~avjc_pefx",":version":"rv-5yqc_k638_jnz5",":created_at":"2025-10-29T04:25:11.860Z",":updated_at":"2025-10-29T04:25:15.104Z","gtfs_stop_id":"418","station_id":"412","complex_id":"628","division":"IRT","line":"Lexington Av","stop_name":"Fulton St","borough":"M","cbd":"true","daytime_routes":"4 5","structure":"Subway","gtfs_latitude":"40.710368","gtfs_longitude":"-74.009509","north_direction_label":"Uptown","south_direction_label":"Downtown","ada":"1","ada_northbound":"1","ada_southbound":"1","ada_notes":null,":@computed_region_yamh_8v7k":"749",":@computed_region_wbg7_3whc":"723",":@computed_region_kjdx_g34t":"2095"}},
{"type":"Feature","geometry":{"type":"Point","coordinates":[-74.011862,40.707557]},"properties":{":id":"row-9jbi_zcap.u9hh",":version":"rv-gw6y~ae7i.vwfb",":created_at":"2025-10-29T04:25:11.860Z",":updated_at":"2025-10-29T04:25:15.104Z","gtfs_stop_id":"419","station_id":"413","complex_id":"413","division":"IRT","line":"Lexington Av","stop_name":"Wall St","borough":"M","cbd":"true","daytime_routes":"4 5","structure":"Subway","gtfs_latitude":"40.707557","gtfs_longitude":"-74.011862","north_direction_label":"Uptown","south_direction_label":"Downtown","ada":"0","ada_northbound":"0","ada_southbound":"0","ada_notes":null,":@computed_region_yamh_8v7k":"749",":@computed_region_wbg7_3whc":"721",":@computed_region_kjdx_g34t":"2095"}},
{"type":"Feature","geometry":{"type":"Point","coordinates":[-74.014065,40.704817]},"properties":{":id":"row-485z-nagt.3tdz",":version":"rv-4khu.4wxt~br25",":created_at":"2025-10-29T04:25:11.860Z",":updated_at":"2025-10-29T04:25:15.104Z","gtfs_stop_id":"420","station_id":"414","complex_id":"414","division":"IRT","line":"Lexington Av","stop_name":"Bowling Green","borough":"M","cbd":"true","daytime_routes":"4 5","structure":"Subway","gtfs_latitude":"40.704817","gtfs_longitude":"-74.014065","north_direction_label":"Uptown","south_direction_label":"Downtown","ada":"1","ada_northbound":"1","ada_southbound":"1","ada_notes":null,":@computed_region_yamh_8v7k":"749",":@computed_region_wbg7_3whc":"720",":@computed_region_kjdx_g34t":"2095"}},
{"type":"Feature","geometry":{"type":"Point","coordinates":[-73.990151,40.692404]},"properties":{":id":"row-2jny_q2re~5ppt",":version":"rv-p8h5.yxhx~sfgy",":created_at":"2025-10-29T04:25:11.860Z",":updated_at":"2025-10-29T04:25:15.104Z","gtfs_stop_id":"423","station_id":"415","complex_id":"620","division":"IRT","line":"Eastern Pky","stop_name":"Borough Hall","borough":"Bk","cbd":"false","daytime_routes":"4 5","structure":"Subway","gtfs_latitude":"40.692404","gtfs_longitude":"-73.990151","north_direction_label":"Manhattan","south_direction_label":"Outbound","ada":"2","ada_northbound":"1","ada_southbound":"0","ada_notes":"Manhattan-bound only",":@computed_region_yamh_8v7k":"894",":@computed_region_wbg7_3whc":"880",":@computed_region_kjdx_g34t":"2090"}},
{"type":"Feature","geometry":{"type":"Point","coordinates":[-73.85062,40.903125]},"properties":{":id":"row-96su-5ij9~zrrv",":version":"rv-bvv3-qt48-xs57",":created_at":"2025-10-29T04:25:11.860Z",":updated_at":"2025-10-29T04:25:15.104Z","gtfs_stop_id":"201","station_id":"416","complex_id":"416","division":"IRT","line":"Lenox - White Plains Rd","stop_name":"Wakefield-241 St","borough":"Bx","cbd":"false","daytime_routes":"2","structure":"Elevated","gtfs_latitude":"40.903125","gtfs_longitude":"-73.85062","north_direction_label":"Last Stop","south_direction_label":"Manhattan","ada":"0","ada_northbound":"0","ada_southbound":"0","ada_notes":null,":@computed_region_yamh_8v7k":"307",":@computed_region_wbg7_3whc":"707",":@computed_region_kjdx_g34t":"2185"}},
{"type":"Feature","geometry":{"type":"Point","coordinates":[-73.854376,40.898379]},"properties":{":id":"row-nhwk.grn2~cemf",":version":"rv-tuvj_rw6f_2fwx",":created_at":"2025-10-29T04:25:11.860Z",":updated_at":"2025-10-29T04:25:15.104Z","gtfs_stop_id":"204","station_id":"417","complex_id":"417","division":"IRT","line":"Lenox - White Plains Rd","stop_name":"Nereid Av","borough":"Bx","cbd":"false","daytime_routes":"2 5","structure":"Elevated","gtfs_latitude":"40.898379","gtfs_longitude":"-73.854376","north_direction_label":"Northbound","south_direction_label":"Manhattan","ada":"0","ada_northbound":"0","ada_southbound":"0","ada_notes":null,":@computed_region_yamh_8v7k":"307",":@computed_region_wbg7_3whc":"679",":@computed_region_kjdx_g34t":"2032"}},
{"type":"Feature","geometry":{"type":"Point","coordinates":[-73.857473,40.893193]},"properties":{":id":"row-ajc5-h8pg-q6rh",":version":"rv-u7vd-cxhf-zup3",":created_at":"2025-10-29T04:25:11.860Z",":updated_at":"2025-10-29T04:25:15.104Z","gtfs_stop_id":"205","station_id":"418","complex_id":"418","division":"IRT","line":"Lenox - White Plains Rd","stop_name":"233 St","borough":"Bx","cbd":"false","daytime_routes":"2 5","structure":"Elevated","gtfs_latitude":"40.893193","gtfs_longitude":"-73.857473","north_direction_label":"Northbound","south_direction_label":"Manhattan","ada":"1","ada_northbound":"1","ada_southbound":"1","ada_notes":null,":@computed_region_yamh_8v7k":"307",":@computed_region_wbg7_3whc":"679",":@computed_region_kjdx_g34t":"2032"}},
{"type":"Feature","geometry":{"type":"Point","coordinates":[-73.860341,40.888022]},"properties":{":id":"row-wsku.hsvv~5zux",":version":"rv-ym9b.wkg6_5vc2",":created_at":"2025-10-29T04:25:11.860Z",":updated_at":"2025-10-29T04:25:15.104Z","gtfs_stop_id":"206","station_id":"419","complex_id":"419","division":"IRT","line":"Lenox - White Plains Rd","stop_name":"225 St","borough":"Bx","cbd":"false","daytime_routes":"2 5","structure":"Elevated","gtfs_latitude":"40.888022","gtfs_longitude":"-73.860341","north_direction_label":"Northbound","south_direction_label":"Manhattan","ada":"0","ada_northbound":"0","ada_southbound":"0","ada_notes":null,":@computed_region_yamh_8v7k":"307",":@computed_region_wbg7_3whc":"679",":@computed_region_kjdx_g34t":"2032"}},
{"type":"Feature","geometry":{"type":"Point","coordinates":[-73.862633,40.883895]},"properties":{":id":"row-672c~g5bh_s3q8",":version":"rv-7h2e.n3r7-r7zg",":created_at":"2025-10-29T04:25:11.860Z",":updated_at":"2025-10-29T04:25:15.104Z","gtfs_stop_id":"207","station_id":"420","complex_id":"420","division":"IRT","line":"Lenox - White Plains Rd","stop_name":"219 St","borough":"Bx","cbd":"false","daytime_routes":"2 5","structure":"Elevated","gtfs_latitude":"40.883895","gtfs_longitude":"-73.862633","north_direction_label":"Northbound","south_direction_label":"Manhattan","ada":"0","ada_northbound":"0","ada_southbound":"0","ada_notes":null,":@computed_region_yamh_8v7k":"307",":@computed_region_wbg7_3whc":"704",":@computed_region_kjdx_g34t":"2032"}},
{"type":"Feature","geometry":{"type":"Point","coordinates":[-73.866256,40.87785]},"properties":{":id":"row-anni.jtyu_tve2",":version":"rv-miwc-ei94_x3kn",":created_at":"2025-10-29T04:25:11.860Z",":updated_at":"2025-10-29T04:25:15.104Z","gtfs_stop_id":"208","station_id":"421","complex_id":"421","division":"IRT","line":"Lenox - White Plains Rd","stop_name":"Gun Hill Rd","borough":"Bx","cbd":"false","daytime_routes":"2 5","structure":"Elevated","gtfs_latitude":"40.87785","gtfs_longitude":"-73.866256","north_direction_label":"Northbound","south_direction_label":"Manhattan","ada":"1","ada_northbound":"1","ada_southbound":"1","ada_notes":null,":@computed_region_yamh_8v7k":"307",":@computed_region_wbg7_3whc":"704",":@computed_region_kjdx_g34t":"2032"}},
{"type":"Feature","geometry":{"type":"Point","coordinates":[-73.867164,40.871356]},"properties":{":id":"row-phct-4qtv.7j8a",":version":"rv-nw2b-85h5-ke6w",":created_at":"2025-10-29T04:25:11.860Z",":updated_at":"2025-10-29T04:25:15.104Z","gtfs_stop_id":"209","station_id":"422","complex_id":"422","division":"IRT","line":"Lenox - White Plains Rd","stop_name":"Burke Av","borough":"Bx","cbd":"false","daytime_routes":"2 5","structure":"Elevated","gtfs_latitude":"40.871356","gtfs_longitude":"-73.867164","north_direction_label":"Northbound","south_direction_label":"Manhattan","ada":"0","ada_northbound":"0","ada_southbound":"0","ada_notes":null,":@computed_region_yamh_8v7k":"307",":@computed_region_wbg7_3whc":"704",":@computed_region_kjdx_g34t":"2032"}},
{"type":"Feature","geometry":{"type":"Point","coordinates":[-73.867352,40.865462]},"properties":{":id":"row-szin-wy3q.bhae",":version":"rv-dcwn-7795.j6ar",":created_at":"2025-10-29T04:25:11.860Z",":updated_at":"2025-10-29T04:25:15.104Z","gtfs_stop_id":"210","station_id":"423","complex_id":"423","division":"IRT","line":"Lenox - White Plains Rd","stop_name":"Allerton Av","borough":"Bx","cbd":"false","daytime_routes":"2 5","structure":"Elevated","gtfs_latitude":"40.865462","gtfs_longitude":"-73.867352","north_direction_label":"Northbound","south_direction_label":"Manhattan","ada":"0","ada_northbound":"0","ada_southbound":"0","ada_notes":null,":@computed_region_yamh_8v7k":"307",":@computed_region_wbg7_3whc":"704",":@computed_region_kjdx_g34t":"2032"}},
{"type":"Feature","geometry":{"type":"Point","coordinates":[-73.867615,40.857192]},"properties":{":id":"row-p53m~psxt.g95z",":version":"rv-k5qr-chxq_zguh",":created_at":"2025-10-29T04:25:11.860Z",":updated_at":"2025-10-29T04:25:15.104Z","gtfs_stop_id":"211","station_id":"424","complex_id":"424","division":"IRT","line":"Lenox - White Plains Rd","stop_name":"Pelham Pkwy","borough":"Bx","cbd":"false","daytime_routes":"2 5","structure":"Elevated","gtfs_latitude":"40.857192","gtfs_longitude":"-73.867615","north_direction_label":"Northbound","south_direction_label":"Manhattan","ada":"1","ada_northbound":"1","ada_southbound":"1","ada_notes":null,":@computed_region_yamh_8v7k":"307",":@computed_region_wbg7_3whc":"675",":@computed_region_kjdx_g34t":"2032"}},
{"type":"Feature","geometry":{"type":"Point","coordinates":[-73.868457,40.848828]},"properties":{":id":"row-2mmr-3y4w.ku59",":version":"rv-di9b.5z86-tnr3",":created_at":"2025-10-29T04:25:11.860Z",":updated_at":"2025-10-29T04:25:15.104Z","gtfs_stop_id":"212","station_id":"425","complex_id":"425","division":"IRT","line":"Lenox - White Plains Rd","stop_name":"Bronx Park East","borough":"Bx","cbd":"false","daytime_routes":"2 5","structure":"Elevated","gtfs_latitude":"40.848828","gtfs_longitude":"-73.868457","north_direction_label":"Northbound","south_direction_label":"Manhattan","ada":"0","ada_northbound":"0","ada_southbound":"0","ada_notes":null,":@computed_region_yamh_8v7k":"307",":@computed_region_wbg7_3whc":"675",":@computed_region_kjdx_g34t":"2032"}},
{"type":"Feature","geometry":{"type":"Point","coordinates":[-73.873488,40.841894]},"properties":{":id":"row-4qys~4gjc-wq6m",":version":"rv-njmz~3rz6.nfjf",":created_at":"2025-10-29T04:25:11.860Z",":updated_at":"2025-10-29T04:25:15.104Z","gtfs_stop_id":"213","station_id":"426","complex_id":"426","division":"IRT","line":"Lenox - White Plains Rd","stop_name":"E 180 St","borough":"Bx","cbd":"false","daytime_routes":"2 5","structure":"Elevated","gtfs_latitude":"40.841894","gtfs_longitude":"-73.873488","north_direction_label":"Northbound","south_direction_label":"Manhattan","ada":"1","ada_northbound":"1","ada_southbound":"1","ada_notes":null,":@computed_region_yamh_8v7k":"307",":@computed_region_wbg7_3whc":"673",":@computed_region_kjdx_g34t":"2032"}},
{"type":"Feature","geometry":{"type":"Point","coordinates":[-73.880049,40.840295]},"properties":{":id":"row-tg7e_snwg-vdb9",":version":"rv-n7z4~x74w-2jcj",":created_at":"2025-10-29T04:25:11.860Z",":updated_at":"2025-10-29T04:25:15.104Z","gtfs_stop_id":"214","station_id":"427","complex_id":"427","division":"IRT","line":"Lenox - White Plains Rd","stop_name":"West Farms Sq-E Tremont Av","borough":"Bx","cbd":"false","daytime_routes":"2 5","structure":"Elevated","gtfs_latitude":"40.840295","gtfs_longitude":"-73.880049","north_direction_label":"Northbound","south_direction_label":"Manhattan","ada":"0","ada_northbound":"0","ada_southbound":"0","ada_notes":null,":@computed_region_yamh_8v7k":"307",":@computed_region_wbg7_3whc":"673",":@computed_region_kjdx_g34t":"2032"}},
{"type":"Feature","geometry":{"type":"Point","coordinates":[-73.887734,40.837288]},"properties":{":id":"row-vujh.ibgz-9zqb",":version":"rv-3az2.pp43_32v2",":created_at":"2025-10-29T04:25:11.860Z",":updated_at":"2025-10-29T04:25:15.104Z","gtfs_stop_id":"215","station_id":"428","complex_id":"428","division":"IRT","line":"Lenox - White Plains Rd","stop_name":"174 St","borough":"Bx","cbd":"false","daytime_routes":"2 5","structure":"Elevated","gtfs_latitude":"40.837288","gtfs_longitude":"-73.887734","north_direction_label":"Northbound","south_direction_label":"Manhattan","ada":"0","ada_northbound":"0","ada_southbound":"0","ada_notes":null,":@computed_region_yamh_8v7k":"307",":@computed_region_wbg7_3whc":"673",":@computed_region_kjdx_g34t":"2032"}},
{"type":"Feature","geometry":{"type":"Point","coordinates":[-73.891865,40.829993]},"properties":{":id":"row-h66d~bkbk_ymzi",":version":"rv-axr7.wi83~7s9q",":created_at":"2025-10-29T04:25:11.860Z",":updated_at":"2025-10-29T04:25:15.104Z","gtfs_stop_id":"216","station_id":"429","complex_id":"429","division":"IRT","line":"Lenox - White Plains Rd","stop_name":"Freeman St","borough":"Bx","cbd":"false","daytime_routes":"2 5","structure":"Elevated","gtfs_latitude":"40.829993","gtfs_longitude":"-73.891865","north_direction_label":"Northbound","south_direction_label":"Manhattan","ada":"0","ada_northbound":"0","ada_southbound":"0","ada_notes":null,":@computed_region_yamh_8v7k":"307",":@computed_region_wbg7_3whc":"655",":@computed_region_kjdx_g34t":"2032"}},
{"type":"Feature","geometry":{"type":"Point","coordinates":[-73.893064,40.824073]},"properties":{":id":"row-tm8z.giby~dm97",":version":"rv-28xs.45x3~6xd6",":created_at":"2025-10-29T04:25:11.860Z",":updated_at":"2025-10-29T04:25:15.104Z","gtfs_stop_id":"217","station_id":"430","complex_id":"430","division":"IRT","line":"Lenox - White Plains Rd","stop_name":"Simpson St","borough":"Bx","cbd":"false","daytime_routes":"2 5","structure":"Elevated","gtfs_latitude":"40.824073","gtfs_longitude":"-73.893064","north_direction_label":"Northbound","south_direction_label":"Manhattan","ada":"1","ada_northbound":"1","ada_southbound":"1","ada_notes":null,":@computed_region_yamh_8v7k":"307",":@computed_region_wbg7_3whc":"655",":@computed_region_kjdx_g34t":"2032"}},
{"type":"Feature","geometry":{"type":"Point","coordinates":[-73.896736,40.822181]},"properties":{":id":"row-pd2z.5ug8.vqaz",":version":"rv-bczx-jbr3_dnhi",":created_at":"2025-10-29T04:25:11.860Z",":updated_at":"2025-10-29T04:25:15.104Z","gtfs_stop_id":"218","station_id":"431","complex_id":"431","division":"IRT","line":"Lenox - White Plains Rd","stop_name":"Intervale Av","borough":"Bx","cbd":"false","daytime_routes":"2 5","structure":"Elevated","gtfs_latitude":"40.822181","gtfs_longitude":"-73.896736","north_direction_label":"Northbound","south_direction_label":"Manhattan","ada":"0","ada_northbound":"0","ada_southbound":"0","ada_notes":null,":@computed_region_yamh_8v7k":"307",":@computed_region_wbg7_3whc":"655",":@computed_region_kjdx_g34t":"2032"}},
{"type":"Feature","geometry":{"type":"Point","coordinates":[-73.90177,40.819585]},"properties":{":id":"row-dt99.qnfe_4t8t",":version":"rv-cdsq_mfek.46ru",":created_at":"2025-10-29T04:25:11.860Z",":updated_at":"2025-10-29T04:25:15.104Z","gtfs_stop_id":"219","station_id":"432","complex_id":"432","division":"IRT","line":"Lenox - White Plains Rd","stop_name":"Prospect Av","borough":"Bx","cbd":"false","daytime_routes":"2 5","structure":"Elevated","gtfs_latitude":"40.819585","gtfs_longitude":"-73.90177","north_direction_label":"Northbound","south_direction_label":"Manhattan","ada":"0","ada_northbound":"0","ada_southbound":"0","ada_notes":null,":@computed_region_yamh_8v7k":"307",":@computed_region_wbg7_3whc":"655",":@computed_region_kjdx_g34t":"2032"}},
{"type":"Feature","geometry":{"type":"Point","coordinates":[-73.907807,40.81649]},"properties":{":id":"row-wyau~tj2i~nutc",":version":"rv-hjki-g3tg~xxnb",":created_at":"2025-10-29T04:25:11.860Z",":updated_at":"2025-10-29T04:25:15.104Z","gtfs_stop_id":"220","station_id":"433","complex_id":"433","division":"IRT","line":"Lenox - White Plains Rd","stop_name":"Jackson Av","borough":"Bx","cbd":"false","daytime_routes":"2 5","structure":"Elevated","gtfs_latitude":"40.81649","gtfs_longitude":"-73.907807","north_direction_label":"Northbound","south_direction_label":"Manhattan","ada":"0","ada_northbound":"0","ada_southbound":"0","ada_notes":null,":@computed_region_yamh_8v7k":"307",":@computed_region_wbg7_3whc":"651",":@computed_region_kjdx_g34t":"2032"}},
{"type":"Feature","geometry":{"type":"Point","coordinates":[-73.917757,40.816109]},"properties":{":id":"row-dvde~8qzh~xaex",":version":"rv-a969_k42w~pm6c",":created_at":"2025-10-29T04:25:11.860Z",":updated_at":"2025-10-29T04:25:15.104Z","gtfs_stop_id":"221","station_id":"434","complex_id":"434","division":"IRT","line":"Lenox - White Plains Rd","stop_name":"3 Av-149 St","borough":"Bx","cbd":"false","daytime_routes":"2 5","structure":"Subway","gtfs_latitude":"40.816109","gtfs_longitude":"-73.917757","north_direction_label":"Northbound","south_direction_label":"Manhattan","ada":"1","ada_northbound":"1","ada_southbound":"1","ada_notes":null,":@computed_region_yamh_8v7k":"307",":@computed_region_wbg7_3whc":"651",":@computed_region_kjdx_g34t":"2032"}},
{"type":"Feature","geometry":{"type":"Point","coordinates":[-73.926718,40.81841]},"properties":{":id":"row-ennv-fk39~dnk7",":version":"rv-gyjz.zjvu_ycs8",":created_at":"2025-10-29T04:25:11.860Z",":updated_at":"2025-10-29T04:25:15.104Z","gtfs_stop_id":"222","station_id":"435","complex_id":"603","division":"IRT","line":"Lenox - White Plains Rd","stop_name":"149 St-Grand Concourse","borough":"Bx","cbd":"false","daytime_routes":"2 5","structure":"Subway","gtfs_latitude":"40.81841","gtfs_longitude":"-73.926718","north_direction_label":"Northbound","south_direction_label":"Manhattan","ada":"0","ada_northbound":"0","ada_southbound":"0","ada_notes":null,":@computed_region_yamh_8v7k":"307",":@computed_region_wbg7_3whc":"647",":@computed_region_kjdx_g34t":"2095"}},
{"type":"Feature","geometry":{"type":"Point","coordinates":[-73.93647,40.82388]},"properties":{":id":"row-cy9p.tujh_p7n9",":version":"rv-hiqe~2bms-idiy",":created_at":"2025-10-29T04:25:11.860Z",":updated_at":"2025-10-29T04:25:15.104Z","gtfs_stop_id":"301","station_id":"436","complex_id":"436","division":"IRT","line":"Lenox - White Plains Rd","stop_name":"Harlem-148 St","borough":"M","cbd":"false","daytime_routes":"3","structure":"Subway","gtfs_latitude":"40.82388","gtfs_longitude":"-73.93647","north_direction_label":"Last Stop","south_direction_label":"Downtown","ada":"0","ada_northbound":"0","ada_southbound":"0","ada_notes":null,":@computed_region_yamh_8v7k":"749",":@computed_region_wbg7_3whc":"798",":@computed_region_kjdx_g34t":"2095"}},
{"type":"Feature","geometry":{"type":"Point","coordinates":[-73.936245,40.820421]},"properties":{":id":"row-i36r~enaq_x9ts",":version":"rv-nxdc.2tjk.29pa",":created_at":"2025-10-29T04:25:11.860Z",":updated_at":"2025-10-29T04:25:15.104Z","gtfs_stop_id":"302","station_id":"437","complex_id":"437","division":"IRT","line":"Lenox - White Plains Rd","stop_name":"145 St","borough":"M","cbd":"false","daytime_routes":"3","structure":"Subway","gtfs_latitude":"40.820421","gtfs_longitude":"-73.936245","north_direction_label":"Harlem","south_direction_label":"Downtown","ada":"0","ada_northbound":"0","ada_southbound":"0","ada_notes":null,":@computed_region_yamh_8v7k":"749",":@computed_region_wbg7_3whc":"798",":@computed_region_kjdx_g34t":"2095"}},
{"type":"Feature","geometry":{"type":"Point","coordinates":[-73.94077,40.814229]},"properties":{":id":"row-dntb~9v8u-maby",":version":"rv-m6ef-vvef-eczu",":created_at":"2025-10-29T04:25:11.860Z",":updated_at":"2025-10-29T04:25:15.104Z","gtfs_stop_id":"224","station_id":"438","complex_id":"438","division":"IRT","line":"Lenox - White Plains Rd","stop_name":"135 St","borough":"M","cbd":"false","daytime_routes":"2 3","structure":"Subway","gtfs_latitude":"40.814229","gtfs_longitude":"-73.94077","north_direction_label":"Uptown","south_direction_label":"Downtown","ada":"1","ada_northbound":"1","ada_southbound":"1","ada_notes":null,":@computed_region_yamh_8v7k":"749",":@computed_region_wbg7_3whc":"796",":@computed_region_kjdx_g34t":"2095"}},
{"type":"Feature","geometry":{"type":"Point","coordinates":[-73.945495,40.807754]},"properties":{":id":"row-8s4m~szaj_45sw",":version":"rv-3xe5.mscu.mgdh",":created_at":"2025-10-29T04:25:11.860Z",":updated_at":"2025-10-29T04:25:15.104Z","gtfs_stop_id":"225","station_id":"439","complex_id":"439","division":"IRT","line":"Lenox - White Plains Rd","stop_name":"125 St","borough":"M","cbd":"false","daytime_routes":"2 3","structure":"Subway","gtfs_latitude":"40.807754","gtfs_longitude":"-73.945495","north_direction_label":"Uptown","south_direction_label":"Downtown","ada":"0","ada_northbound":"0","ada_southbound":"0","ada_notes":null,":@computed_region_yamh_8v7k":"749",":@computed_region_wbg7_3whc":"754",":@computed_region_kjdx_g34t":"2095"}},
{"type":"Feature","geometry":{"type":"Point","coordinates":[-73.949625,40.802098]},"properties":{":id":"row-c74d_guuy~gw3s",":version":"rv-tdis_gegg-pxca",":created_at":"2025-10-29T04:25:11.860Z",":updated_at":"2025-10-29T04:25:15.104Z","gtfs_stop_id":"226","station_id":"440","complex_id":"440","division":"IRT","line":"Lenox - White Plains Rd","stop_name":"116 St","borough":"M","cbd":"false","daytime_routes":"2 3","structure":"Subway","gtfs_latitude":"40.802098","gtfs_longitude":"-73.949625","north_direction_label":"Uptown","south_direction_label":"Downtown","ada":"0","ada_northbound":"0","ada_southbound":"0","ada_notes":null,":@computed_region_yamh_8v7k":"749",":@computed_region_wbg7_3whc":"753",":@computed_region_kjdx_g34t":"2095"}},
{"type":"Feature","geometry":{"type":"Point","coordinates":[-73.951822,40.799075]},"properties":{":id":"row-iwz3_xhjv~dzgg",":version":"rv-e8uz~zebv_hpsm",":created_at":"2025-10-29T04:25:11.860Z",":updated_at":"2025-10-29T04:25:15.104Z","gtfs_stop_id":"227","station_id":"441","complex_id":"441","division":"IRT","line":"Lenox - White Plains Rd","stop_name":"110 St-Malcolm X Plaza","borough":"M","cbd":"false","daytime_routes":"2 3","structure":"Subway","gtfs_latitude":"40.799075","gtfs_longitude":"-73.951822","north_direction_label":"Uptown","south_direction_label":"Downtown","ada":"0","ada_northbound":"0","ada_southbound":"0","ada_notes":null,":@computed_region_yamh_8v7k":"749",":@computed_region_wbg7_3whc":"753",":@computed_region_kjdx_g34t":"2095"}},
{"type":"Feature","geometry":{"type":"Point","coordinates":[-73.830834,40.8883]},"properties":{":id":"row-9tbr-zkcg~csxf",":version":"rv-zq2s.bbps_djav",":created_at":"2025-10-29T04:25:11.860Z",":updated_at":"2025-10-29T04:25:15.104Z","gtfs_stop_id":"501","station_id":"442","complex_id":"442","division":"IRT","line":"Dyre Av","stop_name":"Eastchester-Dyre Av","borough":"Bx","cbd":"false","daytime_routes":"5","structure":"At Grade","gtfs_latitude":"40.8883","gtfs_longitude":"-73.830834","north_direction_label":"Last Stop","south_direction_label":"Manhattan","ada":"0","ada_northbound":"0","ada_southbound":"0","ada_notes":null,":@computed_region_yamh_8v7k":"307",":@computed_region_wbg7_3whc":"679",":@computed_region_kjdx_g34t":"2032"}},
{"type":"Feature","geometry":{"type":"Point","coordinates":[-73.838591,40.878663]},"properties":{":id":"row-sw4q_xz36-u586",":version":"rv-scr8.7pmp_icdb",":created_at":"2025-10-29T04:25:11.860Z",":updated_at":"2025-10-29T04:25:15.104Z","gtfs_stop_id":"502","station_id":"443","complex_id":"443","division":"IRT","line":"Dyre Av","stop_name":"Baychester Av","borough":"Bx","cbd":"false","daytime_routes":"5","structure":"Open Cut","gtfs_latitude":"40.878663","gtfs_longitude":"-73.838591","north_direction_label":"Eastchester","south_direction_label":"Manhattan","ada":"0","ada_northbound":"0","ada_southbound":"0","ada_notes":null,":@computed_region_yamh_8v7k":"307",":@computed_region_wbg7_3whc":"706",":@computed_region_kjdx_g34t":"2032"}},
{"type":"Feature","geometry":{"type":"Point","coordinates":[-73.846384,40.869526]},"properties":{":id":"row-duca_eej2_spre",":version":"rv-prh8-gz85~zhpz",":created_at":"2025-10-29T04:25:11.860Z",":updated_at":"2025-10-29T04:25:15.104Z","gtfs_stop_id":"503","station_id":"444","complex_id":"444","division":"IRT","line":"Dyre Av","stop_name":"Gun Hill Rd","borough":"Bx","cbd":"false","daytime_routes":"5","structure":"Open Cut","gtfs_latitude":"40.869526","gtfs_longitude":"-73.846384","north_direction_label":"Eastchester","south_direction_label":"Manhattan","ada":"1","ada_northbound":"1","ada_southbound":"1","ada_notes":null,":@computed_region_yamh_8v7k":"307",":@computed_region_wbg7_3whc":"706",":@computed_region_kjdx_g34t":"2032"}},
{"type":"Feature","geometry":{"type":"Point","coordinates":[-73.855359,40.858985]},"properties":{":id":"row-yc9n-k4da_qvrm",":version":"rv-m48f_q85q-9xi3",":created_at":"2025-10-29T04:25:11.860Z",":updated_at":"2025-10-29T04:25:15.104Z","gtfs_stop_id":"504","station_id":"445","complex_id":"445","division":"IRT","line":"Dyre Av","stop_name":"Pelham Pkwy","borough":"Bx","cbd":"false","daytime_routes":"5","structure":"Open Cut","gtfs_latitude":"40.858985","gtfs_longitude":"-73.855359","north_direction_label":"Eastchester","south_direction_label":"Manhattan","ada":"0","ada_northbound":"0","ada_southbound":"0","ada_notes":null,":@computed_region_yamh_8v7k":"307",":@computed_region_wbg7_3whc":"706",":@computed_region_kjdx_g34t":"2032"}},
{"type":"Feature","geometry":{"type":"Point","coordinates":[-73.860495,40.854364]},"properties":{":id":"row-67dq.w3t2-xnt2",":version":"rv-2zvw-wcnc.kfxe",":created_at":"2025-10-29T04:25:11.860Z",":updated_at":"2025-10-29T04:25:15.104Z","gtfs_stop_id":"505","station_id":"446","complex_id":"446","division":"IRT","line":"Dyre Av","stop_name":"Morris Park","borough":"Bx","cbd":"false","daytime_routes":"5","structure":"Open Cut","gtfs_latitude":"40.854364","gtfs_longitude":"-73.860495","north_direction_label":"Eastchester","south_direction_label":"Manhattan","ada":"0","ada_northbound":"0","ada_southbound":"0","ada_notes":null,":@computed_region_yamh_8v7k":"307",":@computed_region_wbg7_3whc":"675",":@computed_region_kjdx_g34t":"2032"}},
{"type":"Feature","geometry":{"type":"Point","coordinates":[-73.83003,40.7596]},"properties":{":id":"row-3hsq-krtm~fnth",":version":"rv-erev-huqm_63pa",":created_at":"2025-10-29T04:25:11.860Z",":updated_at":"2025-10-29T04:25:15.104Z","gtfs_stop_id":"701","station_id":"447","complex_id":"447","division":"IRT","line":"Flushing","stop_name":"Flushing-Main St","borough":"Q","cbd":"false","daytime_routes":"7","structure":"Subway","gtfs_latitude":"40.7596","gtfs_longitude":"-73.83003","north_direction_label":"Last Stop","south_direction_label":"Manhattan","ada":"1","ada_northbound":"1","ada_southbound":"1","ada_notes":null,":@computed_region_yamh_8v7k":"196",":@computed_region_wbg7_3whc":"824",":@computed_region_kjdx_g34t":"2137"}},
{"type":"Feature","geometry":{"type":"Point","coordinates":[-73.845625,40.754622]},"properties":{":id":"row-fypi~2uiy_6gi9",":version":"rv-tzv5~yzu6.a764",":created_at":"2025-10-29T04:25:11.860Z",":updated_at":"2025-10-29T04:25:15.104Z","gtfs_stop_id":"702","station_id":"448","complex_id":"448","division":"IRT","line":"Flushing","stop_name":"Mets-Willets Point","borough":"Q","cbd":"false","daytime_routes":"7","structure":"Elevated","gtfs_latitude":"40.754622","gtfs_longitude":"-73.845625","north_direction_label":"Outbound","south_direction_label":"Manhattan","ada":"0","ada_northbound":"0","ada_southbound":"0","ada_notes":null,":@computed_region_yamh_8v7k":"196",":@computed_region_wbg7_3whc":"838",":@computed_region_kjdx_g34t":"2137"}},
{"type":"Feature","geometry":{"type":"Point","coordinates":[-73.855334,40.75173]},"properties":{":id":"row-i4fr-2h92-cqpj",":version":"rv-u5b5~8n5u-ujz6",":created_at":"2025-10-29T04:25:11.860Z",":updated_at":"2025-10-29T04:25:15.104Z","gtfs_stop_id":"705","station_id":"449","complex_id":"449","division":"IRT","line":"Flushing","stop_name":"111 St","borough":"Q","cbd":"false","daytime_routes":"7","structure":"Elevated","gtfs_latitude":"40.75173","gtfs_longitude":"-73.855334","north_direction_label":"Outbound","south_direction_label":"Manhattan","ada":"0","ada_northbound":"0","ada_southbound":"0","ada_notes":null,":@computed_region_yamh_8v7k":"196",":@computed_region_wbg7_3whc":"838",":@computed_region_kjdx_g34t":"2137"}},
{"type":"Feature","geometry":{"type":"Point","coordinates":[-73.8627,40.749865]},"properties":{":id":"row-dazv-yjn9_eu2z",":version":"rv-dyp6.rt94.tiv2",":created_at":"2025-10-29T04:25:11.860Z",":updated_at":"2025-10-29T04:25:15.104Z","gtfs_stop_id":"706","station_id":"450","complex_id":"450","division":"IRT","line":"Flushing","stop_name":"103 St-Corona Plaza","borough":"Q","cbd":"false","daytime_routes":"7","structure":"Elevated","gtfs_latitude":"40.749865","gtfs_longitude":"-73.8627","north_direction_label":"Outbound","south_direction_label":"Manhattan","ada":"0","ada_northbound":"0","ada_southbound":"0","ada_notes":null,":@computed_region_yamh_8v7k":"196",":@computed_region_wbg7_3whc":"838",":@computed_region_kjdx_g34t":"2137"}},
{"type":"Feature","geometry":{"type":"Point","coordinates":[-73.869527,40.749145]},"properties":{":id":"row-rwxk~5vs5.d7c6",":version":"rv-wrpv.bu2z_f6sr",":created_at":"2025-10-29T04:25:11.860Z",":updated_at":"2025-10-29T04:25:15.104Z","gtfs_stop_id":"707","station_id":"451","complex_id":"451","division":"IRT","line":"Flushing","stop_name":"Junction Blvd","borough":"Q","cbd":"false","daytime_routes":"7","structure":"Elevated","gtfs_latitude":"40.749145","gtfs_longitude":"-73.869527","north_direction_label":"Outbound","south_direction_label":"Manhattan","ada":"1","ada_northbound":"1","ada_southbound":"1","ada_notes":null,":@computed_region_yamh_8v7k":"196",":@computed_region_wbg7_3whc":"843",":@computed_region_kjdx_g34t":"2137"}},
{"type":"Feature","geometry":{"type":"Point","coordinates":[-73.876613,40.748408]},"properties":{":id":"row-kwjh.3ita_thnk",":version":"rv-zj9i.64jk.cf7j",":created_at":"2025-10-29T04:25:11.860Z",":updated_at":"2025-10-29T04:25:15.104Z","gtfs_stop_id":"708","station_id":"452","complex_id":"452","division":"IRT","line":"Flushing","stop_name":"90 St-Elmhurst Av","borough":"Q","cbd":"false","daytime_routes":"7","structure":"Elevated","gtfs_latitude":"40.748408","gtfs_longitude":"-73.876613","north_direction_label":"Outbound","south_direction_label":"Manhattan","ada":"0","ada_northbound":"0","ada_southbound":"0","ada_notes":null,":@computed_region_yamh_8v7k":"196",":@computed_region_wbg7_3whc":"843",":@computed_region_kjdx_g34t":"2137"}},
{"type":"Feature","geometry":{"type":"Point","coordinates":[-73.883697,40.747659]},"properties":{":id":"row-a7h2~yxvd.g6fr",":version":"rv-ukid_zsyb-2xhb",":created_at":"2025-10-29T04:25:11.860Z",":updated_at":"2025-10-29T04:25:15.104Z","gtfs_stop_id":"709","station_id":"453","complex_id":"453","division":"IRT","line":"Flushing","stop_name":"82 St-Jackson Hts","borough":"Q","cbd":"false","daytime_routes":"7","structure":"Elevated","gtfs_latitude":"40.747659","gtfs_longitude":"-73.883697","north_direction_label":"Outbound","south_direction_label":"Manhattan","ada":"0","ada_northbound":"0","ada_southbound":"0","ada_notes":null,":@computed_region_yamh_8v7k":"196",":@computed_region_wbg7_3whc":"843",":@computed_region_kjdx_g34t":"2137"}},
{"type":"Feature","geometry":{"type":"Point","coordinates":[-73.891394,40.746848]},"properties":{":id":"row-7nwj_qpk8-dgps",":version":"rv-x6sm.nsta~ucke",":created_at":"2025-10-29T04:25:11.860Z",":updated_at":"2025-10-29T04:25:15.104Z","gtfs_stop_id":"710","station_id":"454","complex_id":"616","division":"IRT","line":"Flushing","stop_name":"74 St-Broadway","borough":"Q","cbd":"false","daytime_routes":"7","structure":"Elevated","gtfs_latitude":"40.746848","gtfs_longitude":"-73.891394","north_direction_label":"Outbound","south_direction_label":"Manhattan","ada":"1","ada_northbound":"1","ada_southbound":"1","ada_notes":null,":@computed_region_yamh_8v7k":"196",":@computed_region_wbg7_3whc":"843",":@computed_region_kjdx_g34t":"2137"}},
{"type":"Feature","geometry":{"type":"Point","coordinates":[-73.896403,40.746325]},"properties":{":id":"row-ma4n-ewye.dsyy",":version":"rv-p6jk_n392-zuty",":created_at":"2025-10-29T04:25:11.860Z",":updated_at":"2025-10-29T04:25:15.104Z","gtfs_stop_id":"711","station_id":"455","complex_id":"455","division":"IRT","line":"Flushing","stop_name":"69 St","borough":"Q","cbd":"false","daytime_routes":"7","structure":"Elevated","gtfs_latitude":"40.746325","gtfs_longitude":"-73.896403","north_direction_label":"Outbound","south_direction_label":"Manhattan","ada":"0","ada_northbound":"0","ada_southbound":"0","ada_notes":null,":@computed_region_yamh_8v7k":"196",":@computed_region_wbg7_3whc":"846",":@computed_region_kjdx_g34t":"2137"}},
{"type":"Feature","geometry":{"type":"Point","coordinates":[-73.902984,40.74563]},"properties":{":id":"row-ckez.inun-34mv",":version":"rv-28s7.a7sx_ym2e",":created_at":"2025-10-29T04:25:11.860Z",":updated_at":"2025-10-29T04:25:15.104Z","gtfs_stop_id":"712","station_id":"456","complex_id":"456","division":"IRT","line":"Flushing","stop_name":"61 St-Woodside","borough":"Q","cbd":"false","daytime_routes":"7","structure":"Elevated","gtfs_latitude":"40.74563","gtfs_longitude":"-73.902984","north_direction_label":"Outbound","south_direction_label":"Manhattan","ada":"1","ada_northbound":"1","ada_southbound":"1","ada_notes":null,":@computed_region_yamh_8v7k":"196",":@computed_region_wbg7_3whc":"846",":@computed_region_kjdx_g34t":"2137"}},
{"type":"Feature","geometry":{"type":"Point","coordinates":[-73.912549,40.744149]},"properties":{":id":"row-xthv_6pq3_erdf",":version":"rv-v6e9-za9b_6am2",":created_at":"2025-10-29T04:25:11.860Z",":updated_at":"2025-10-29T04:25:15.104Z","gtfs_stop_id":"713","station_id":"457","complex_id":"457","division":"IRT","line":"Flushing","stop_name":"52 St","borough":"Q","cbd":"false","daytime_routes":"7","structure":"Elevated","gtfs_latitude":"40.744149","gtfs_longitude":"-73.912549","north_direction_label":"Outbound","south_direction_label":"Manhattan","ada":"0","ada_northbound":"0","ada_southbound":"0","ada_notes":null,":@computed_region_yamh_8v7k":"196",":@computed_region_wbg7_3whc":"846",":@computed_region_kjdx_g34t":"2137"}},
{"type":"Feature","geometry":{"type":"Point","coordinates":[-73.918435,40.743132]},"properties":{":id":"row-pdei~f3mv-9kbc",":version":"rv-hpc9~dx6j~g9zx",":created_at":"2025-10-29T04:25:11.860Z",":updated_at":"2025-10-29T04:25:15.104Z","gtfs_stop_id":"714","station_id":"458","complex_id":"458","division":"IRT","line":"Flushing","stop_name":"46 St-Bliss St","borough":"Q","cbd":"false","daytime_routes":"7","structure":"Elevated","gtfs_latitude":"40.743132","gtfs_longitude":"-73.918435","north_direction_label":"Outbound","south_direction_label":"Manhattan","ada":"0","ada_northbound":"0","ada_southbound":"0","ada_notes":null,":@computed_region_yamh_8v7k":"196",":@computed_region_wbg7_3whc":"876",":@computed_region_kjdx_g34t":"2137"}},
{"type":"Feature","geometry":{"type":"Point","coordinates":[-73.924016,40.743781]},"properties":{":id":"row-ji79~e8pb_axvz",":version":"rv-gdpj-3uat_mhs7",":created_at":"2025-10-29T04:25:11.860Z",":updated_at":"2025-10-29T04:25:15.104Z","gtfs_stop_id":"715","station_id":"459","complex_id":"459","division":"IRT","line":"Flushing","stop_name":"40 St-Lowery St","borough":"Q","cbd":"false","daytime_routes":"7","structure":"Elevated","gtfs_latitude":"40.743781","gtfs_longitude":"-73.924016","north_direction_label":"Outbound","south_direction_label":"Manhattan","ada":"0","ada_northbound":"0","ada_southbound":"0","ada_notes":null,":@computed_region_yamh_8v7k":"196",":@computed_region_wbg7_3whc":"876",":@computed_region_kjdx_g34t":"2137"}},
{"type":"Feature","geometry":{"type":"Point","coordinates":[-73.930997,40.744587]},"properties":{":id":"row-ubbk_293s.e3zh",":version":"rv-hdw5~2is9-5w8r",":created_at":"2025-10-29T04:25:11.860Z",":updated_at":"2025-10-29T04:25:15.104Z","gtfs_stop_id":"716","station_id":"460","complex_id":"460","division":"IRT","line":"Flushing","stop_name":"33 St-Rawson St","borough":"Q","cbd":"false","daytime_routes":"7","structure":"Elevated","gtfs_latitude":"40.744587","gtfs_longitude":"-73.930997","north_direction_label":"Outbound","south_direction_label":"Manhattan","ada":"0","ada_northbound":"0","ada_southbound":"0","ada_notes":null,":@computed_region_yamh_8v7k":"196",":@computed_region_wbg7_3whc":"873",":@computed_region_kjdx_g34t":"2137"}},
{"type":"Feature","geometry":{"type":"Point","coordinates":[-73.940202,40.750582]},"properties":{":id":"row-29eq~ngnq-6ajx",":version":"rv-cvmk.rp53.gask",":created_at":"2025-10-29T04:25:11.860Z",":updated_at":"2025-10-29T04:25:15.104Z","gtfs_stop_id":"R09","station_id":"461","complex_id":"461","division":"BMT","line":"Astoria","stop_name":"Queensboro Plaza","borough":"Q","cbd":"false","daytime_routes":"N W","structure":"Elevated","gtfs_latitude":"40.750582","gtfs_longitude":"-73.940202","north_direction_label":"Astoria","south_direction_label":"Manhattan","ada":"1","ada_northbound":"1","ada_southbound":"1","ada_notes":null,":@computed_region_yamh_8v7k":"196",":@computed_region_wbg7_3whc":"873",":@computed_region_kjdx_g34t":"2137"}},
{"type":"Feature","geometry":{"type":"Point","coordinates":[-73.940202,40.750582]},"properties":{":id":"row-j6kz~p5wm~zkm7",":version":"rv-aqpe~fq8g~4txe",":created_at":"2025-10-29T04:25:11.860Z",":updated_at":"2025-10-29T04:25:15.104Z","gtfs_stop_id":"718","station_id":"461","complex_id":"461","division":"IRT","line":"Flushing","stop_name":"Queensboro Plaza","borough":"Q","cbd":"false","daytime_routes":"7","structure":"Elevated","gtfs_latitude":"40.750582","gtfs_longitude":"-73.940202","north_direction_label":"Outbound","south_direction_label":"Manhattan","ada":"1","ada_northbound":"1","ada_southbound":"1","ada_notes":null,":@computed_region_yamh_8v7k":"196",":@computed_region_wbg7_3whc":"873",":@computed_region_kjdx_g34t":"2137"}},
{"type":"Feature","geometry":{"type":"Point","coordinates":[-73.945264,40.747023]},"properties":{":id":"row-tt8n~cudd-uwh9",":version":"rv-tqp6~zpsc.63pu",":created_at":"2025-10-29T04:25:11.860Z",":updated_at":"2025-10-29T04:25:15.104Z","gtfs_stop_id":"719","station_id":"462","complex_id":"606","division":"IRT","line":"Flushing","stop_name":"Court Sq","borough":"Q","cbd":"false","daytime_routes":"7","structure":"Elevated","gtfs_latitude":"40.747023","gtfs_longitude":"-73.945264","north_direction_label":"Outbound","south_direction_label":"Manhattan","ada":"1","ada_northbound":"1","ada_southbound":"1","ada_notes":null,":@computed_region_yamh_8v7k":"196",":@computed_region_wbg7_3whc":"873",":@computed_region_kjdx_g34t":"2137"}},
{"type":"Feature","geometry":{"type":"Point","coordinates":[-73.948916,40.742216]},"properties":{":id":"row-sifp.xbuk-i854",":version":"rv-rxh6~rhjs_e2aj",":created_at":"2025-10-29T04:25:11.860Z",":updated_at":"2025-10-29T04:25:15.104Z","gtfs_stop_id":"720","station_id":"463","complex_id":"463","division":"IRT","line":"Flushing","stop_name":"Hunters Point Av","borough":"Q","cbd":"false","daytime_routes":"7","structure":"Subway","gtfs_latitude":"40.742216","gtfs_longitude":"-73.948916","north_direction_label":"Outbound","south_direction_label":"Manhattan","ada":"0","ada_northbound":"0","ada_southbound":"0","ada_notes":null,":@computed_region_yamh_8v7k":"196",":@computed_region_wbg7_3whc":"873",":@computed_region_kjdx_g34t":"2137"}},
{"type":"Feature","geometry":{"type":"Point","coordinates":[-73.953581,40.742626]},"properties":{":id":"row-etik~y2v6~u8ez",":version":"rv-apw8-p6g5.bu74",":created_at":"2025-10-29T04:25:11.860Z",":updated_at":"2025-10-29T04:25:15.104Z","gtfs_stop_id":"721","station_id":"464","complex_id":"464","division":"IRT","line":"Flushing","stop_name":"Vernon Blvd-Jackson Av","borough":"Q","cbd":"false","daytime_routes":"7","structure":"Subway","gtfs_latitude":"40.742626","gtfs_longitude":"-73.953581","north_direction_label":"Outbound","south_direction_label":"Manhattan","ada":"0","ada_northbound":"0","ada_southbound":"0","ada_notes":null,":@computed_region_yamh_8v7k":"196",":@computed_region_wbg7_3whc":"873",":@computed_region_kjdx_g34t":"2137"}},
{"type":"Feature","geometry":{"type":"Point","coordinates":[-73.976041,40.751431]},"properties":{":id":"row-ade8_3c9e-26mg",":version":"rv-6j27~rp36~mtq7",":created_at":"2025-10-29T04:25:11.860Z",":updated_at":"2025-10-29T04:25:15.104Z","gtfs_stop_id":"723","station_id":"465","complex_id":"610","division":"IRT","line":"Flushing","stop_name":"Grand Central-42 St","borough":"M","cbd":"true","daytime_routes":"7","structure":"Subway","gtfs_latitude":"40.751431","gtfs_longitude":"-73.976041","north_direction_label":"Queens","south_direction_label":"Hudson Yards","ada":"1","ada_northbound":"1","ada_southbound":"1","ada_notes":null,":@computed_region_yamh_8v7k":"749",":@computed_region_wbg7_3whc":"740",":@computed_region_kjdx_g34t":"2095"}},
{"type":"Feature","geometry":{"type":"Point","coordinates":[-73.981963,40.753821]},"properties":{":id":"row-93ed.nkk7~6v2s",":version":"rv-cyef.sked~96iu",":created_at":"2025-10-29T04:25:11.860Z",":updated_at":"2025-10-29T04:25:15.104Z","gtfs_stop_id":"724","station_id":"466","complex_id":"609","division":"IRT","line":"Flushing","stop_name":"5 Av","borough":"M","cbd":"true","daytime_routes":"7","structure":"Subway","gtfs_latitude":"40.753821","gtfs_longitude":"-73.981963","north_direction_label":"Queens","south_direction_label":"Hudson Yards","ada":"0","ada_northbound":"0","ada_southbound":"0","ada_notes":null,":@computed_region_yamh_8v7k":"749",":@computed_region_wbg7_3whc":"795",":@computed_region_kjdx_g34t":"2095"}},
{"type":"Feature","geometry":{"type":"Point","coordinates":[-73.987691,40.755477]},"properties":{":id":"row-n8rh-9kqs-n6vp",":version":"rv-6jwi_7mh5~qjj5",":created_at":"2025-10-29T04:25:11.860Z",":updated_at":"2025-10-29T04:25:15.104Z","gtfs_stop_id":"725","station_id":"467","complex_id":"611","division":"IRT","line":"Flushing","stop_name":"Times Sq-42 St","borough":"M","cbd":"true","daytime_routes":"7","structure":"Subway","gtfs_latitude":"40.755477","gtfs_longitude":"-73.987691","north_direction_label":"Queens","south_direction_label":"Hudson Yards","ada":"1","ada_northbound":"1","ada_southbound":"1","ada_notes":null,":@computed_region_yamh_8v7k":"749",":@computed_region_wbg7_3whc":"741",":@computed_region_kjdx_g34t":"2095"}},
{"type":"Feature","geometry":{"type":"Point","coordinates":[-73.986229,40.755983]},"properties":{":id":"row-cgu3_ttch.7bj3",":version":"rv-t5k4.kh6b-isd7",":created_at":"2025-10-29T04:25:11.860Z",":updated_at":"2025-10-29T04:25:15.104Z","gtfs_stop_id":"902","station_id":"468","complex_id":"611","division":"IRT","line":"Lexington - Shuttle","stop_name":"Times Sq-42 St","borough":"M","cbd":"true","daytime_routes":"S","structure":"Subway","gtfs_latitude":"40.755983","gtfs_longitude":"-73.986229","north_direction_label":"Last Stop","south_direction_label":"Grand Central","ada":"1","ada_northbound":"1","ada_southbound":"1","ada_notes":null,":@computed_region_yamh_8v7k":"749",":@computed_region_wbg7_3whc":"795",":@computed_region_kjdx_g34t":"2095"}},
{"type":"Feature","geometry":{"type":"Point","coordinates":[-73.979189,40.752769]},"properties":{":id":"row-a6kb_9esy~29h4",":version":"rv-3mj9_5r9y.thsg",":created_at":"2025-10-29T04:25:11.860Z",":updated_at":"2025-10-29T04:25:15.104Z","gtfs_stop_id":"901","station_id":"469","complex_id":"610","division":"IRT","line":"Lexington - Shuttle","stop_name":"Grand Central-42 St","borough":"M","cbd":"true","daytime_routes":"S","structure":"Subway","gtfs_latitude":"40.752769","gtfs_longitude":"-73.979189","north_direction_label":"Times Square","south_direction_label":"Last Stop","ada":"1","ada_northbound":"1","ada_southbound":"1","ada_notes":null,":@computed_region_yamh_8v7k":"749",":@computed_region_wbg7_3whc":"740",":@computed_region_kjdx_g34t":"2095"}},
{"type":"Feature","geometry":{"type":"Point","coordinates":[-74.00191,40.755882]},"properties":{":id":"row-v2i8_x63f.4zi2",":version":"rv-gkk4.kwwd~pweh",":created_at":"2025-10-29T04:25:11.860Z",":updated_at":"2025-10-29T04:25:15.104Z","gtfs_stop_id":"726","station_id":"471","complex_id":"471","division":"IRT","line":"Flushing","stop_name":"34 St-Hudson Yards","borough":"M","cbd":"true","daytime_routes":"7","structure":"Subway","gtfs_latitude":"40.755882","gtfs_longitude":"-74.00191","north_direction_label":"Last Stop","south_direction_label":"Queens","ada":"1","ada_northbound":"1","ada_southbound":"1","ada_notes":null,":@computed_region_yamh_8v7k":"749",":@computed_region_wbg7_3whc":"717",":@computed_region_kjdx_g34t":"2095"}},
{"type":"Feature","geometry":{"type":"Point","coordinates":[-73.947152,40.784318]},"properties":{":id":"row-q4ip_zzhh_7bea",":version":"rv-89ae_i75k-86c6",":created_at":"2025-10-29T04:25:11.860Z",":updated_at":"2025-10-29T04:25:15.104Z","gtfs_stop_id":"Q05","station_id":"475","complex_id":"475","division":"IND","line":"Second Av","stop_name":"96 St","borough":"M","cbd":"false","daytime_routes":"Q","structure":"Subway","gtfs_latitude":"40.784318","gtfs_longitude":"-73.947152","north_direction_label":"Last Stop","south_direction_label":"Downtown","ada":"1","ada_northbound":"1","ada_southbound":"1","ada_notes":null,":@computed_region_yamh_8v7k":"749",":@computed_region_wbg7_3whc":"583",":@computed_region_kjdx_g34t":"2095"}},
{"type":"Feature","geometry":{"type":"Point","coordinates":[-73.951787,40.777891]},"properties":{":id":"row-m6pv_yerc~qg8g",":version":"rv-5g8n~ntcm_hw2p",":created_at":"2025-10-29T04:25:11.860Z",":updated_at":"2025-10-29T04:25:15.104Z","gtfs_stop_id":"Q04","station_id":"476","complex_id":"476","division":"IND","line":"Second Av","stop_name":"86 St","borough":"M","cbd":"false","daytime_routes":"Q","structure":"Subway","gtfs_latitude":"40.777891","gtfs_longitude":"-73.951787","north_direction_label":"Uptown","south_direction_label":"Downtown","ada":"1","ada_northbound":"1","ada_southbound":"1","ada_notes":null,":@computed_region_yamh_8v7k":"749",":@computed_region_wbg7_3whc":"755",":@computed_region_kjdx_g34t":"2095"}},
{"type":"Feature","geometry":{"type":"Point","coordinates":[-73.958424,40.768799]},"properties":{":id":"row-3dh7.mrqg~mm3p",":version":"rv-gtrv.9xie.b6bz",":created_at":"2025-10-29T04:25:11.860Z",":updated_at":"2025-10-29T04:25:15.104Z","gtfs_stop_id":"Q03","station_id":"477","complex_id":"477","division":"IND","line":"Second Av","stop_name":"72 St","borough":"M","cbd":"false","daytime_routes":"Q","structure":"Subway","gtfs_latitude":"40.768799","gtfs_longitude":"-73.958424","north_direction_label":"Uptown","south_direction_label":"Downtown","ada":"1","ada_northbound":"1","ada_southbound":"1","ada_notes":null,":@computed_region_yamh_8v7k":"749",":@computed_region_wbg7_3whc":"744",":@computed_region_kjdx_g34t":"2095"}},
{"type":"Feature","geometry":{"type":"Point","coordinates":[-74.073643,40.643748]},"properties":{":id":"row-qzf2.ec9x_wcwp",":version":"rv-6n6p~k3i4_7iq6",":created_at":"2025-10-29T04:25:11.860Z",":updated_at":"2025-10-29T04:25:15.104Z","gtfs_stop_id":"S31","station_id":"501","complex_id":"501","division":"SIR","line":"Staten Island","stop_name":"St George","borough":"SI","cbd":"false","daytime_routes":"SIR","structure":"Open Cut","gtfs_latitude":"40.643748","gtfs_longitude":"-74.073643","north_direction_label":"Last Stop","south_direction_label":"South Shore","ada":"1","ada_northbound":"1","ada_southbound":"1","ada_notes":null,":@computed_region_yamh_8v7k":"585",":@computed_region_wbg7_3whc":"604",":@computed_region_kjdx_g34t":null}},
{"type":"Feature","geometry":{"type":"Point","coordinates":[-74.074835,40.636949]},"properties":{":id":"row-m87t~7viw.qqv5",":version":"rv-ak5b~x7td_jrpx",":created_at":"2025-10-29T04:25:11.860Z",":updated_at":"2025-10-29T04:25:15.104Z","gtfs_stop_id":"S30","station_id":"502","complex_id":"502","division":"SIR","line":"Staten Island","stop_name":"Tompkinsville","borough":"SI","cbd":"false","daytime_routes":"SIR","structure":"At Grade","gtfs_latitude":"40.636949","gtfs_longitude":"-74.074835","north_direction_label":"Ferry","south_direction_label":"South Shore","ada":"0","ada_northbound":"0","ada_southbound":"0","ada_notes":null,":@computed_region_yamh_8v7k":"585",":@computed_region_wbg7_3whc":"607",":@computed_region_kjdx_g34t":null}},
{"type":"Feature","geometry":{"type":"Point","coordinates":[-74.075162,40.627915]},"properties":{":id":"row-d4zp-4qnh-8hpu",":version":"rv-7ct2-skcz~5ngz",":created_at":"2025-10-29T04:25:11.860Z",":updated_at":"2025-10-29T04:25:15.104Z","gtfs_stop_id":"S29","station_id":"503","complex_id":"503","division":"SIR","line":"Staten Island","stop_name":"Stapleton","borough":"SI","cbd":"false","daytime_routes":"SIR","structure":"Elevated","gtfs_latitude":"40.627915","gtfs_longitude":"-74.075162","north_direction_label":"Ferry","south_direction_label":"South Shore","ada":"0","ada_northbound":"0","ada_southbound":"0","ada_notes":null,":@computed_region_yamh_8v7k":"585",":@computed_region_wbg7_3whc":"607",":@computed_region_kjdx_g34t":"2139"}},
{"type":"Feature","geometry":{"type":"Point","coordinates":[-74.071402,40.621319]},"properties":{":id":"row-64pg-3wsf.twbb",":version":"rv-rkux.3u88_5bqj",":created_at":"2025-10-29T04:25:11.860Z",":updated_at":"2025-10-29T04:25:15.104Z","gtfs_stop_id":"S28","station_id":"504","complex_id":"504","division":"SIR","line":"Staten Island","stop_name":"Clifton","borough":"SI","cbd":"false","daytime_routes":"SIR","structure":"Elevated","gtfs_latitude":"40.621319","gtfs_longitude":"-74.071402","north_direction_label":"Ferry","south_direction_label":"South Shore","ada":"0","ada_northbound":"0","ada_southbound":"0","ada_notes":null,":@computed_region_yamh_8v7k":"585",":@computed_region_wbg7_3whc":"607",":@computed_region_kjdx_g34t":"2139"}},
{"type":"Feature","geometry":{"type":"Point","coordinates":[-74.084087,40.603117]},"properties":{":id":"row-tzrz~ucgm_v4ef",":version":"rv-6z5n~dhyc-j3kz",":created_at":"2025-10-29T04:25:11.860Z",":updated_at":"2025-10-29T04:25:15.104Z","gtfs_stop_id":"S27","station_id":"505","complex_id":"505","division":"SIR","line":"Staten Island","stop_name":"Grasmere","borough":"SI","cbd":"false","daytime_routes":"SIR","structure":"Open Cut","gtfs_latitude":"40.603117","gtfs_longitude":"-74.084087","north_direction_label":"Ferry","south_direction_label":"South Shore","ada":"0","ada_northbound":"0","ada_southbound":"0","ada_notes":null,":@computed_region_yamh_8v7k":"585",":@computed_region_wbg7_3whc":"607",":@computed_region_kjdx_g34t":"2139"}},
{"type":"Feature","geometry":{"type":"Point","coordinates":[-74.087368,40.596612]},"properties":{":id":"row-jvja.nd2h~m4iw",":version":"rv-fgpw~9n7f-kq23",":created_at":"2025-10-29T04:25:11.860Z",":updated_at":"2025-10-29T04:25:15.104Z","gtfs_stop_id":"S26","station_id":"506","complex_id":"506","division":"SIR","line":"Staten Island","stop_name":"Old Town","borough":"SI","cbd":"false","daytime_routes":"SIR","structure":"Embankment","gtfs_latitude":"40.596612","gtfs_longitude":"-74.087368","north_direction_label":"Ferry","south_direction_label":"South Shore","ada":"0","ada_northbound":"0","ada_southbound":"0","ada_notes":null,":@computed_region_yamh_8v7k":"585",":@computed_region_wbg7_3whc":"608",":@computed_region_kjdx_g34t":"2139"}},
{"type":"Feature","geometry":{"type":"Point","coordinates":[-74.09609,40.588849]},"properties":{":id":"row-qrc9~r8sm-bhgr",":version":"rv-4ph8.4gzp~e43s",":created_at":"2025-10-29T04:25:11.860Z",":updated_at":"2025-10-29T04:25:15.104Z","gtfs_stop_id":"S25","station_id":"507","complex_id":"507","division":"SIR","line":"Staten Island","stop_name":"Dongan Hills","borough":"SI","cbd":"false","daytime_routes":"SIR","structure":"Embankment","gtfs_latitude":"40.588849","gtfs_longitude":"-74.09609","north_direction_label":"Ferry","south_direction_label":"South Shore","ada":"1","ada_northbound":"1","ada_southbound":"1","ada_notes":null,":@computed_region_yamh_8v7k":"585",":@computed_region_wbg7_3whc":"608",":@computed_region_kjdx_g34t":"2139"}},
{"type":"Feature","geometry":{"type":"Point","coordinates":[-74.103338,40.583591]},"properties":{":id":"row-nkq2.cgc3_nbfc",":version":"rv-9c78-733b.6ax3",":created_at":"2025-10-29T04:25:11.860Z",":updated_at":"2025-10-29T04:25:15.104Z","gtfs_stop_id":"S24","station_id":"508","complex_id":"508","division":"SIR","line":"Staten Island","stop_name":"Jefferson Av","borough":"SI","cbd":"false","daytime_routes":"SIR","structure":"Embankment","gtfs_latitude":"40.583591","gtfs_longitude":"-74.103338","north_direction_label":"Ferry","south_direction_label":"South Shore","ada":"0","ada_northbound":"0","ada_southbound":"0","ada_notes":null,":@computed_region_yamh_8v7k":"585",":@computed_region_wbg7_3whc":"609",":@computed_region_kjdx_g34t":"2139"}},
{"type":"Feature","geometry":{"type":"Point","coordinates":[-74.109704,40.578965]},"properties":{":id":"row-mmkp~765s~463w",":version":"rv-7swk-24jf~gycb",":created_at":"2025-10-29T04:25:11.860Z",":updated_at":"2025-10-29T04:25:15.104Z","gtfs_stop_id":"S23","station_id":"509","complex_id":"509","division":"SIR","line":"Staten Island","stop_name":"Grant City","borough":"SI","cbd":"false","daytime_routes":"SIR","structure":"Open Cut","gtfs_latitude":"40.578965","gtfs_longitude":"-74.109704","north_direction_label":"Ferry","south_direction_label":"South Shore","ada":"0","ada_northbound":"0","ada_southbound":"0","ada_notes":null,":@computed_region_yamh_8v7k":"585",":@computed_region_wbg7_3whc":"609",":@computed_region_kjdx_g34t":"2139"}},
{"type":"Feature","geometry":{"type":"Point","coordinates":[-74.11721,40.57348]},"properties":{":id":"row-kkkx-qxin~d9w3",":version":"rv-vf84.vpb6_q9w2",":created_at":"2025-10-29T04:25:11.860Z",":updated_at":"2025-10-29T04:25:15.104Z","gtfs_stop_id":"S22","station_id":"510","complex_id":"510","division":"SIR","line":"Staten Island","stop_name":"New Dorp","borough":"SI","cbd":"false","daytime_routes":"SIR","structure":"Open Cut","gtfs_latitude":"40.57348","gtfs_longitude":"-74.11721","north_direction_label":"Ferry","south_direction_label":"South Shore","ada":"1","ada_northbound":"1","ada_southbound":"1","ada_notes":null,":@computed_region_yamh_8v7k":"585",":@computed_region_wbg7_3whc":"609",":@computed_region_kjdx_g34t":"2139"}},
{"type":"Feature","geometry":{"type":"Point","coordinates":[-74.12632,40.56511]},"properties":{":id":"row-eijx-dxgs-8te5",":version":"rv-drdr_f4mr-9prf",":created_at":"2025-10-29T04:25:11.860Z",":updated_at":"2025-10-29T04:25:15.104Z","gtfs_stop_id":"S21","station_id":"511","complex_id":"511","division":"SIR","line":"Staten Island","stop_name":"Oakwood Heights","borough":"SI","cbd":"false","daytime_routes":"SIR","structure":"Open Cut","gtfs_latitude":"40.56511","gtfs_longitude":"-74.12632","north_direction_label":"Ferry","south_direction_label":"South Shore","ada":"0","ada_northbound":"0","ada_southbound":"0","ada_notes":null,":@computed_region_yamh_8v7k":"585",":@computed_region_wbg7_3whc":"609",":@computed_region_kjdx_g34t":"2139"}},
{"type":"Feature","geometry":{"type":"Point","coordinates":[-74.136907,40.5564]},"properties":{":id":"row-fvuj~brb9_ztt8",":version":"rv-dcht_xwrv~cik6",":created_at":"2025-10-29T04:25:11.860Z",":updated_at":"2025-10-29T04:25:15.104Z","gtfs_stop_id":"S20","station_id":"512","complex_id":"512","division":"SIR","line":"Staten Island","stop_name":"Bay Terrace","borough":"SI","cbd":"false","daytime_routes":"SIR","structure":"Embankment","gtfs_latitude":"40.5564","gtfs_longitude":"-74.136907","north_direction_label":"Ferry","south_direction_label":"South Shore","ada":"0","ada_northbound":"0","ada_southbound":"0","ada_notes":null,":@computed_region_yamh_8v7k":"585",":@computed_region_wbg7_3whc":"609",":@computed_region_kjdx_g34t":"2139"}},
{"type":"Feature","geometry":{"type":"Point","coordinates":[-74.151399,40.551231]},"properties":{":id":"row-bts6_4dqh-d63h",":version":"rv-g2fx~kbvk-tq5x",":created_at":"2025-10-29T04:25:11.860Z",":updated_at":"2025-10-29T04:25:15.104Z","gtfs_stop_id":"S19","station_id":"513","complex_id":"513","division":"SIR","line":"Staten Island","stop_name":"Great Kills","borough":"SI","cbd":"false","daytime_routes":"SIR","structure":"Open Cut","gtfs_latitude":"40.551231","gtfs_longitude":"-74.151399","north_direction_label":"Ferry","south_direction_label":"South Shore","ada":"1","ada_northbound":"1","ada_southbound":"1","ada_notes":null,":@computed_region_yamh_8v7k":"585",":@computed_region_wbg7_3whc":"611",":@computed_region_kjdx_g34t":"2139"}},
{"type":"Feature","geometry":{"type":"Point","coordinates":[-74.16457,40.544601]},"properties":{":id":"row-22pk~cdf5~sbma",":version":"rv-tyxy-594k.ngf6",":created_at":"2025-10-29T04:25:11.860Z",":updated_at":"2025-10-29T04:25:15.104Z","gtfs_stop_id":"S18","station_id":"514","complex_id":"514","division":"SIR","line":"Staten Island","stop_name":"Eltingville","borough":"SI","cbd":"false","daytime_routes":"SIR","structure":"Embankment","gtfs_latitude":"40.544601","gtfs_longitude":"-74.16457","north_direction_label":"Ferry","south_direction_label":"South Shore","ada":"0","ada_northbound":"0","ada_southbound":"0","ada_notes":null,":@computed_region_yamh_8v7k":"585",":@computed_region_wbg7_3whc":"615",":@computed_region_kjdx_g34t":"2139"}},
{"type":"Feature","geometry":{"type":"Point","coordinates":[-74.178217,40.54046]},"properties":{":id":"row-hgk6-frj2-bydp",":version":"rv-5ccd.mxpy-vztw",":created_at":"2025-10-29T04:25:11.860Z",":updated_at":"2025-10-29T04:25:15.104Z","gtfs_stop_id":"S17","station_id":"515","complex_id":"515","division":"SIR","line":"Staten Island","stop_name":"Annadale","borough":"SI","cbd":"false","daytime_routes":"SIR","structure":"Open Cut","gtfs_latitude":"40.54046","gtfs_longitude":"-74.178217","north_direction_label":"Ferry","south_direction_label":"South Shore","ada":"0","ada_northbound":"0","ada_southbound":"0","ada_notes":null,":@computed_region_yamh_8v7k":"585",":@computed_region_wbg7_3whc":"615",":@computed_region_kjdx_g34t":"2139"}},
{"type":"Feature","geometry":{"type":"Point","coordinates":[-74.191794,40.533674]},"properties":{":id":"row-aq76.7i2w-4qti",":version":"rv-8hwc.896c-n8gq",":created_at":"2025-10-29T04:25:11.860Z",":updated_at":"2025-10-29T04:25:15.104Z","gtfs_stop_id":"S16","station_id":"516","complex_id":"516","division":"SIR","line":"Staten Island","stop_name":"Huguenot","borough":"SI","cbd":"false","daytime_routes":"SIR","structure":"Open Cut","gtfs_latitude":"40.533674","gtfs_longitude":"-74.191794","north_direction_label":"Ferry","south_direction_label":"South Shore","ada":"0","ada_northbound":"0","ada_southbound":"0","ada_notes":null,":@computed_region_yamh_8v7k":"585",":@computed_region_wbg7_3whc":"615",":@computed_region_kjdx_g34t":"2139"}},
{"type":"Feature","geometry":{"type":"Point","coordinates":[-74.200064,40.525507]},"properties":{":id":"row-iziq-rqdp~28s3",":version":"rv-ajga-akkb-6vzk",":created_at":"2025-10-29T04:25:11.860Z",":updated_at":"2025-10-29T04:25:15.104Z","gtfs_stop_id":"S15","station_id":"517","complex_id":"517","division":"SIR","line":"Staten Island","stop_name":"Prince's Bay","borough":"SI","cbd":"false","daytime_routes":"SIR","structure":"Open Cut","gtfs_latitude":"40.525507","gtfs_longitude":"-74.200064","north_direction_label":"Ferry","south_direction_label":"South Shore","ada":"0","ada_northbound":"0","ada_southbound":"0","ada_notes":null,":@computed_region_yamh_8v7k":"585",":@computed_region_wbg7_3whc":"612",":@computed_region_kjdx_g34t":"2139"}},
{"type":"Feature","geometry":{"type":"Point","coordinates":[-74.217847,40.52241]},"properties":{":id":"row-metm.khr4~pd7c",":version":"rv-u9xh~fnaf.rt6v",":created_at":"2025-10-29T04:25:11.860Z",":updated_at":"2025-10-29T04:25:15.104Z","gtfs_stop_id":"S14","station_id":"518","complex_id":"518","division":"SIR","line":"Staten Island","stop_name":"Pleasant Plains","borough":"SI","cbd":"false","daytime_routes":"SIR","structure":"Embankment","gtfs_latitude":"40.52241","gtfs_longitude":"-74.217847","north_direction_label":"Ferry","south_direction_label":"South Shore","ada":"0","ada_northbound":"0","ada_southbound":"0","ada_notes":null,":@computed_region_yamh_8v7k":"585",":@computed_region_wbg7_3whc":"612",":@computed_region_kjdx_g34t":"2139"}},
{"type":"Feature","geometry":{"type":"Point","coordinates":[-74.229141,40.519631]},"properties":{":id":"row-zzvv~repz-a25s",":version":"rv-s3h8_fndn~peku",":created_at":"2025-10-29T04:25:11.860Z",":updated_at":"2025-10-29T04:25:15.104Z","gtfs_stop_id":"S13","station_id":"519","complex_id":"519","division":"SIR","line":"Staten Island","stop_name":"Richmond Valley","borough":"SI","cbd":"false","daytime_routes":"SIR","structure":"Open Cut","gtfs_latitude":"40.519631","gtfs_longitude":"-74.229141","north_direction_label":"Ferry","south_direction_label":"Tottenville","ada":"0","ada_northbound":"0","ada_southbound":"0","ada_notes":null,":@computed_region_yamh_8v7k":"585",":@computed_region_wbg7_3whc":"612",":@computed_region_kjdx_g34t":"2139"}},
{"type":"Feature","geometry":{"type":"Point","coordinates":[-74.251961,40.512764]},"properties":{":id":"row-r693~5xbf_j6yh",":version":"rv-g8ix~jrgu.9mj6",":created_at":"2025-10-29T04:25:11.860Z",":updated_at":"2025-10-29T04:25:15.104Z","gtfs_stop_id":"S09","station_id":"522","complex_id":"522","division":"SIR","line":"Staten Island","stop_name":"Tottenville","borough":"SI","cbd":"false","daytime_routes":"SIR","structure":"At Grade","gtfs_latitude":"40.512764","gtfs_longitude":"-74.251961","north_direction_label":"Ferry","south_direction_label":"Last Stop","ada":"1","ada_northbound":"1","ada_southbound":"1","ada_notes":null,":@computed_region_yamh_8v7k":"585",":@computed_region_wbg7_3whc":"610",":@computed_region_kjdx_g34t":null}},
{"type":"Feature","geometry":{"type":"Point","coordinates":[-74.242096,40.516578]},"properties":{":id":"row-azti~ridt_b3de",":version":"rv-nsmf.z4rz-vxa9",":created_at":"2025-10-29T04:25:11.860Z",":updated_at":"2025-10-29T04:25:15.104Z","gtfs_stop_id":"S11","station_id":"523","complex_id":"523","division":"SIR","line":"Staten Island","stop_name":"Arthur Kill","borough":"SI","cbd":"false","daytime_routes":"SIR","structure":"At Grade","gtfs_latitude":"40.516578","gtfs_longitude":"-74.242096","north_direction_label":"Ferry","south_direction_label":"Tottenville","ada":"1","ada_northbound":"1","ada_southbound":"1","ada_notes":null,":@computed_region_yamh_8v7k":"585",":@computed_region_wbg7_3whc":"610",":@computed_region_kjdx_g34t":"2139"}}
] }
